preloaded 1990 session snapshots in 12s
rsi70_ivrich|d0.10_w2_dte21_hold 6.072784810126605
exit profit_target for T0012 not filled: long leg rel spread 2.00 > max 0.50
exit profit_target for T0012 not filled: short leg rel spread 0.67 > max 0.50
exit profit_target for T0012 not filled: short leg rel spread 2.00 > max 0.50
exit profit_target for T0038 not filled: short leg rel spread 1.14 > max 0.50
rsi70_ivrich|d0.10_w2_dte21_pt50_sl2 -2.689873417721519
rsi70_ivrich|d0.10_w2_dte30_hold 9.882911392405063
exit profit_target for T0038 not filled: short leg rel spread 0.51 > max 0.50
rsi70_ivrich|d0.10_w2_dte30_pt50_sl2 -5.7215189873417724
rsi70_ivrich|d0.10_w2_dte45_hold 0.8621794871794872
rsi70_ivrich|d0.10_w2_dte45_pt50_sl2 -6.551282051282051
rsi70_ivrich|d0.10_w5_dte21_hold 13.156962025316423
exit profit_target for T0002 not filled: long leg rel spread 0.67 > max 0.50
exit profit_target for T0002 not filled: long leg rel spread 0.67 > max 0.50
exit profit_target for T0002 not filled: long leg rel spread 0.67 > max 0.50
exit profit_target for T0002 not filled: long leg rel spread 2.00 > max 0.50
exit profit_target for T0002 not filled: long leg rel spread 2.00 > max 0.50
exit profit_target for T0005 not filled: long leg rel spread 1.00 > max 0.50
exit profit_target for T0005 not filled: long leg rel spread 0.67 > max 0.50
exit profit_target for T0005 not filled: long leg rel spread 0.67 > max 0.50
exit profit_target for T0008 not filled: long leg rel spread 0.67 > max 0.50
exit profit_target for T0008 not filled: long leg rel spread 0.67 > max 0.50
exit profit_target for T0008 not filled: long leg rel spread 0.67 > max 0.50
exit profit_target for T0008 not filled: long leg rel spread 0.67 > max 0.50
exit profit_target for T0008 not filled: long leg rel spread 2.00 > max 0.50
exit profit_target for T0008 not filled: short leg rel spread 0.67 > max 0.50
exit profit_target for T0008 not filled: short leg rel spread 2.00 > max 0.50
exit profit_target for T0008 not filled: short leg rel spread 2.00 > max 0.50
exit profit_target for T0008 not filled: short leg rel spread 2.00 > max 0.50
exit profit_target for T0008 not filled: short leg rel spread 2.00 > max 0.50
exit profit_target for T0008 not filled: short leg rel spread 2.00 > max 0.50
exit profit_target for T0010 not filled: long leg rel spread 0.67 > max 0.50
exit profit_target for T0010 not filled: long leg rel spread 2.00 > max 0.50
exit profit_target for T0010 not filled: long leg rel spread 2.00 > max 0.50
exit profit_target for T0010 not filled: long leg rel spread 2.00 > max 0.50
exit profit_target for T0010 not filled: long leg rel spread 2.00 > max 0.50
exit profit_target for T0010 not filled: short leg rel spread 0.67 > max 0.50
exit profit_target for T0010 not filled: short leg rel spread 0.67 > max 0.50
exit profit_target for T0011 not filled: long leg rel spread 0.67 > max 0.50
exit profit_target for T0011 not filled: long leg rel spread 0.67 > max 0.50
exit profit_target for T0011 not filled: long leg rel spread 2.00 > max 0.50
exit profit_target for T0011 not filled: long leg rel spread 0.67 > max 0.50
exit profit_target for T0011 not filled: short leg rel spread 0.67 > max 0.50
exit profit_target for T0011 not filled: short leg rel spread 0.67 > max 0.50
exit profit_target for T0011 not filled: short leg rel spread 2.00 > max 0.50
exit profit_target for T0011 not filled: short leg rel spread 2.00 > max 0.50
exit profit_target for T0011 not filled: short leg rel spread 2.00 > max 0.50
exit profit_target for T0011 not filled: short leg rel spread 2.00 > max 0.50
exit profit_target for T0011 not filled: short leg rel spread 2.00 > max 0.50
exit profit_target for T0012 not filled: long leg rel spread 0.67 > max 0.50
exit profit_target for T0012 not filled: long leg rel spread 0.67 > max 0.50
exit profit_target for T0012 not filled: long leg rel spread 2.00 > max 0.50
exit profit_target for T0013 not filled: long leg rel spread 0.67 > max 0.50
exit profit_target for T0012 not filled: short leg rel spread 0.67 > max 0.50
exit profit_target for T0013 not filled: long leg rel spread 0.67 > max 0.50
exit profit_target for T0012 not filled: short leg rel spread 2.00 > max 0.50
exit profit_target for T0013 not filled: long leg rel spread 0.67 > max 0.50
exit profit_target for T0013 not filled: long leg rel spread 0.67 > max 0.50
exit profit_target for T0013 not filled: long leg rel spread 2.00 > max 0.50
exit profit_target for T0015 not filled: long leg rel spread 2.00 > max 0.50
exit profit_target for T0015 not filled: long leg rel spread 2.00 > max 0.50
exit profit_target for T0016 not filled: long leg rel spread 0.67 > max 0.50
exit profit_target for T0015 not filled: long leg rel spread 2.00 > max 0.50
exit stop_loss for T0016 not filled: long leg rel spread 0.67 > max 0.50
exit stop_loss for T0016 not filled: long leg rel spread 2.00 > max 0.50
exit profit_target for T0018 not filled: long leg rel spread 0.67 > max 0.50
exit profit_target for T0018 not filled: long leg rel spread 0.67 > max 0.50
exit profit_target for T0018 not filled: long leg rel spread 2.00 > max 0.50
exit profit_target for T0018 not filled: long leg rel spread 2.00 > max 0.50
exit profit_target for T0018 not filled: long leg rel spread 2.00 > max 0.50
exit profit_target for T0018 not filled: short leg rel spread 0.67 > max 0.50
exit profit_target for T0018 not filled: short leg rel spread 2.00 > max 0.50
exit profit_target for T0018 not filled: short leg rel spread 0.67 > max 0.50
exit profit_target for T0018 not filled: long leg rel spread 2.00 > max 0.50
exit profit_target for T0018 not filled: long leg rel spread 2.00 > max 0.50
exit profit_target for T0018 not filled: short leg rel spread 2.00 > max 0.50
exit profit_target for T0038 not filled: short leg rel spread 1.14 > max 0.50
exit profit_target for T0052 not filled: long leg rel spread 0.67 > max 0.50
exit profit_target for T0052 not filled: short leg rel spread 0.67 > max 0.50
exit profit_target for T0052 not filled: short leg rel spread 0.67 > max 0.50
exit profit_target for T0052 not filled: short leg rel spread 2.00 > max 0.50
exit profit_target for T0073 not filled: long leg rel spread 1.00 > max 0.50
exit profit_target for T0073 not filled: long leg rel spread 0.67 > max 0.50
exit profit_target for T0073 not filled: long leg rel spread 0.67 > max 0.50
exit profit_target for T0073 not filled: long leg rel spread 0.67 > max 0.50
exit profit_target for T0073 not filled: short leg rel spread 0.67 > max 0.50
rsi70_ivrich|d0.10_w5_dte21_pt50_sl2 -2.7689873417721524
rsi70_ivrich|d0.10_w5_dte30_hold 19.287974683544302
exit profit_target for T0012 not filled: long leg rel spread 0.67 > max 0.50
exit profit_target for T0012 not filled: long leg rel spread 0.67 > max 0.50
exit profit_target for T0012 not filled: long leg rel spread 0.67 > max 0.50
exit profit_target for T0012 not filled: long leg rel spread 0.67 > max 0.50
exit profit_target for T0012 not filled: long leg rel spread 0.67 > max 0.50
exit profit_target for T0012 not filled: short leg rel spread 0.67 > max 0.50
exit profit_target for T0013 not filled: long leg rel spread 0.67 > max 0.50
exit profit_target for T0012 not filled: short leg rel spread 2.00 > max 0.50
exit profit_target for T0013 not filled: long leg rel spread 2.00 > max 0.50
exit profit_target for T0013 not filled: long leg rel spread 2.00 > max 0.50
exit profit_target for T0013 not filled: long leg rel spread 2.00 > max 0.50
exit profit_target for T0013 not filled: long leg rel spread 2.00 > max 0.50
exit profit_target for T0013 not filled: long leg rel spread 2.00 > max 0.50
exit profit_target for T0013 not filled: short leg rel spread 2.00 > max 0.50
exit profit_target for T0015 not filled: long leg rel spread 0.67 > max 0.50
exit profit_target for T0038 not filled: short leg rel spread 0.51 > max 0.50
rsi70_ivrich|d0.10_w5_dte30_pt50_sl2 -4.705696202531645
rsi70_ivrich|d0.10_w5_dte45_hold 10.147435897435898
rsi70_ivrich|d0.10_w5_dte45_pt50_sl2 -5.535256410256411
rsi70_ivrich|d0.10_w10_dte21_hold 23.628481012658195
exit profit_target for T0002 not filled: long leg rel spread 0.67 > max 0.50
exit profit_target for T0002 not filled: long leg rel spread 2.00 > max 0.50
exit profit_target for T0002 not filled: long leg rel spread 2.00 > max 0.50
exit profit_target for T0002 not filled: long leg rel spread 2.00 > max 0.50
exit profit_target for T0003 not filled: long leg rel spread 0.67 > max 0.50
exit profit_target for T0002 not filled: long leg rel spread 2.00 > max 0.50
exit profit_target for T0003 not filled: long leg rel spread 2.00 > max 0.50
exit profit_target for T0003 not filled: long leg rel spread 2.00 > max 0.50
exit profit_target for T0004 not filled: long leg rel spread 2.00 > max 0.50
exit profit_target for T0003 not filled: long leg rel spread 2.00 > max 0.50
exit profit_target for T0004 not filled: long leg rel spread 2.00 > max 0.50
exit profit_target for T0003 not filled: long leg rel spread 2.00 > max 0.50
exit profit_target for T0004 not filled: long leg rel spread 2.00 > max 0.50
exit profit_target for T0003 not filled: short leg rel spread 0.67 > max 0.50
exit profit_target for T0004 not filled: long leg rel spread 2.00 > max 0.50
exit profit_target for T0003 not filled: short leg rel spread 2.00 > max 0.50
exit profit_target for T0004 not filled: long leg rel spread 2.00 > max 0.50
exit profit_target for T0003 not filled: short leg rel spread 2.00 > max 0.50
exit profit_target for T0004 not filled: short leg rel spread 0.67 > max 0.50
exit profit_target for T0005 not filled: long leg rel spread 0.67 > max 0.50
exit profit_target for T0003 not filled: short leg rel spread 2.00 > max 0.50
exit profit_target for T0004 not filled: short leg rel spread 0.67 > max 0.50
exit profit_target for T0005 not filled: long leg rel spread 0.67 > max 0.50
exit profit_target for T0004 not filled: short leg rel spread 0.67 > max 0.50
exit profit_target for T0005 not filled: long leg rel spread 0.67 > max 0.50
exit profit_target for T0004 not filled: short leg rel spread 0.67 > max 0.50
exit profit_target for T0005 not filled: long leg rel spread 0.67 > max 0.50
exit profit_target for T0004 not filled: long leg rel spread 2.00 > max 0.50
exit profit_target for T0004 not filled: short leg rel spread 2.00 > max 0.50
exit profit_target for T0004 not filled: short leg rel spread 2.00 > max 0.50
exit stop_loss for T0005 not filled: long leg rel spread 2.00 > max 0.50
exit profit_target for T0005 not filled: short leg rel spread 0.67 > max 0.50
exit profit_target for T0006 not filled: long leg rel spread 0.67 > max 0.50
exit profit_target for T0006 not filled: long leg rel spread 2.00 > max 0.50
exit profit_target for T0006 not filled: long leg rel spread 2.00 > max 0.50
exit profit_target for T0006 not filled: short leg rel spread 0.67 > max 0.50
exit profit_target for T0008 not filled: long leg rel spread 2.00 > max 0.50
exit profit_target for T0006 not filled: short leg rel spread 2.00 > max 0.50
exit profit_target for T0008 not filled: long leg rel spread 2.00 > max 0.50
exit profit_target for T0008 not filled: long leg rel spread 2.00 > max 0.50
exit profit_target for T0008 not filled: long leg rel spread 2.00 > max 0.50
exit profit_target for T0008 not filled: long leg rel spread 2.00 > max 0.50
exit profit_target for T0008 not filled: short leg rel spread 0.67 > max 0.50
exit profit_target for T0008 not filled: short leg rel spread 2.00 > max 0.50
exit profit_target for T0008 not filled: short leg rel spread 2.00 > max 0.50
exit profit_target for T0008 not filled: short leg rel spread 2.00 > max 0.50
exit profit_target for T0008 not filled: short leg rel spread 2.00 > max 0.50
exit profit_target for T0008 not filled: short leg rel spread 2.00 > max 0.50
exit profit_target for T0010 not filled: long leg rel spread 2.00 > max 0.50
exit profit_target for T0010 not filled: long leg rel spread 2.00 > max 0.50
exit profit_target for T0010 not filled: long leg rel spread 2.00 > max 0.50
exit profit_target for T0010 not filled: long leg rel spread 2.00 > max 0.50
exit profit_target for T0010 not filled: long leg rel spread 2.00 > max 0.50
exit profit_target for T0010 not filled: short leg rel spread 0.67 > max 0.50
exit profit_target for T0010 not filled: short leg rel spread 0.67 > max 0.50
exit profit_target for T0011 not filled: long leg rel spread 2.00 > max 0.50
exit profit_target for T0011 not filled: long leg rel spread 2.00 > max 0.50
exit profit_target for T0011 not filled: long leg rel spread 2.00 > max 0.50
exit profit_target for T0011 not filled: long leg rel spread 2.00 > max 0.50
exit profit_target for T0011 not filled: short leg rel spread 0.67 > max 0.50
exit profit_target for T0011 not filled: short leg rel spread 0.67 > max 0.50
exit profit_target for T0011 not filled: short leg rel spread 2.00 > max 0.50
exit profit_target for T0011 not filled: short leg rel spread 2.00 > max 0.50
exit profit_target for T0011 not filled: short leg rel spread 2.00 > max 0.50
exit profit_target for T0011 not filled: short leg rel spread 2.00 > max 0.50
exit profit_target for T0011 not filled: short leg rel spread 2.00 > max 0.50
exit profit_target for T0012 not filled: long leg rel spread 2.00 > max 0.50
exit profit_target for T0012 not filled: long leg rel spread 0.67 > max 0.50
exit profit_target for T0012 not filled: long leg rel spread 2.00 > max 0.50
exit profit_target for T0012 not filled: long leg rel spread 2.00 > max 0.50
exit profit_target for T0012 not filled: long leg rel spread 2.00 > max 0.50
exit profit_target for T0013 not filled: long leg rel spread 2.00 > max 0.50
exit profit_target for T0014 not filled: long leg rel spread 2.00 > max 0.50
exit profit_target for T0012 not filled: short leg rel spread 0.67 > max 0.50
exit profit_target for T0013 not filled: long leg rel spread 2.00 > max 0.50
exit profit_target for T0014 not filled: long leg rel spread 0.67 > max 0.50
exit profit_target for T0012 not filled: short leg rel spread 2.00 > max 0.50
exit profit_target for T0013 not filled: long leg rel spread 2.00 > max 0.50
exit profit_target for T0014 not filled: long leg rel spread 0.67 > max 0.50
exit profit_target for T0013 not filled: long leg rel spread 2.00 > max 0.50
exit profit_target for T0013 not filled: long leg rel spread 2.00 > max 0.50
exit profit_target for T0014 not filled: long leg rel spread 2.00 > max 0.50
exit profit_target for T0014 not filled: short leg rel spread 2.00 > max 0.50
exit profit_target for T0014 not filled: short leg rel spread 2.00 > max 0.50
exit profit_target for T0014 not filled: short leg rel spread 2.00 > max 0.50
exit profit_target for T0014 not filled: short leg rel spread 2.00 > max 0.50
exit profit_target for T0015 not filled: long leg rel spread 2.00 > max 0.50
exit profit_target for T0015 not filled: long leg rel spread 2.00 > max 0.50
exit profit_target for T0016 not filled: long leg rel spread 2.00 > max 0.50
exit profit_target for T0015 not filled: long leg rel spread 2.00 > max 0.50
exit stop_loss for T0016 not filled: long leg rel spread 2.00 > max 0.50
exit stop_loss for T0016 not filled: long leg rel spread 2.00 > max 0.50
exit profit_target for T0018 not filled: long leg rel spread 0.67 > max 0.50
exit profit_target for T0018 not filled: long leg rel spread 2.00 > max 0.50
exit profit_target for T0018 not filled: long leg rel spread 2.00 > max 0.50
exit profit_target for T0018 not filled: long leg rel spread 2.00 > max 0.50
exit profit_target for T0018 not filled: long leg rel spread 2.00 > max 0.50
exit profit_target for T0018 not filled: short leg rel spread 0.67 > max 0.50
exit profit_target for T0018 not filled: short leg rel spread 2.00 > max 0.50
exit profit_target for T0018 not filled: short leg rel spread 0.67 > max 0.50
exit profit_target for T0018 not filled: long leg rel spread 2.00 > max 0.50
exit profit_target for T0018 not filled: long leg rel spread 2.00 > max 0.50
exit profit_target for T0018 not filled: short leg rel spread 2.00 > max 0.50
exit profit_target for T0019 not filled: long leg rel spread 0.67 > max 0.50
exit profit_target for T0019 not filled: long leg rel spread 2.00 > max 0.50
exit profit_target for T0019 not filled: long leg rel spread 2.00 > max 0.50
exit profit_target for T0020 not filled: long leg rel spread 0.67 > max 0.50
exit profit_target for T0019 not filled: long leg rel spread 0.67 > max 0.50
exit profit_target for T0019 not filled: short leg rel spread 0.67 > max 0.50
exit profit_target for T0019 not filled: short leg rel spread 1.00 > max 0.50
exit profit_target for T0019 not filled: short leg rel spread 0.67 > max 0.50
exit profit_target for T0019 not filled: short leg rel spread 2.00 > max 0.50
exit profit_target for T0019 not filled: short leg rel spread 2.00 > max 0.50
exit profit_target for T0019 not filled: short leg rel spread 2.00 > max 0.50
exit profit_target for T0019 not filled: short leg rel spread 2.00 > max 0.50
exit profit_target for T0031 not filled: long leg rel spread 0.67 > max 0.50
exit profit_target for T0031 not filled: long leg rel spread 0.67 > max 0.50
exit profit_target for T0031 not filled: long leg rel spread 2.00 > max 0.50
exit profit_target for T0031 not filled: short leg rel spread 0.67 > max 0.50
exit profit_target for T0031 not filled: short leg rel spread 0.67 > max 0.50
exit profit_target for T0031 not filled: short leg rel spread 0.67 > max 0.50
exit profit_target for T0031 not filled: long leg rel spread 2.00 > max 0.50
exit profit_target for T0034 not filled: long leg rel spread 0.67 > max 0.50
exit profit_target for T0034 not filled: long leg rel spread 0.67 > max 0.50
exit profit_target for T0034 not filled: long leg rel spread 0.67 > max 0.50
exit profit_target for T0034 not filled: long leg rel spread 0.67 > max 0.50
exit profit_target for T0034 not filled: long leg rel spread 2.00 > max 0.50
exit profit_target for T0034 not filled: long leg rel spread 2.00 > max 0.50
exit profit_target for T0034 not filled: long leg rel spread 2.00 > max 0.50
exit profit_target for T0034 not filled: long leg rel spread 2.00 > max 0.50
exit profit_target for T0038 not filled: short leg rel spread 1.14 > max 0.50
exit profit_target for T0038 not filled: long leg rel spread 0.67 > max 0.50
exit profit_target for T0038 not filled: long leg rel spread 0.67 > max 0.50
exit profit_target for T0038 not filled: long leg rel spread 0.67 > max 0.50
exit profit_target for T0038 not filled: short leg rel spread 0.67 > max 0.50
exit profit_target for T0038 not filled: short leg rel spread 2.00 > max 0.50
exit profit_target for T0052 not filled: long leg rel spread 0.67 > max 0.50
exit profit_target for T0052 not filled: short leg rel spread 0.67 > max 0.50
exit profit_target for T0052 not filled: short leg rel spread 0.67 > max 0.50
exit profit_target for T0052 not filled: short leg rel spread 2.00 > max 0.50
exit profit_target for T0066 not filled: long leg rel spread 0.67 > max 0.50
exit profit_target for T0066 not filled: long leg rel spread 0.67 > max 0.50
exit profit_target for T0066 not filled: long leg rel spread 0.67 > max 0.50
exit profit_target for T0066 not filled: short leg rel spread 0.67 > max 0.50
exit profit_target for T0073 not filled: long leg rel spread 0.67 > max 0.50
exit profit_target for T0073 not filled: long leg rel spread 2.00 > max 0.50
exit profit_target for T0073 not filled: long leg rel spread 0.67 > max 0.50
exit profit_target for T0073 not filled: long leg rel spread 0.67 > max 0.50
exit profit_target for T0073 not filled: short leg rel spread 0.67 > max 0.50
rsi70_ivrich|d0.10_w10_dte21_pt50_sl2 -0.35759493670886006
rsi70_ivrich|d0.10_w10_dte30_hold 32.45886075949367
exit profit_target for T0001 not filled: long leg rel spread 0.50 > max 0.50
exit profit_target for T0006 not filled: long leg rel spread 2.00 > max 0.50
exit profit_target for T0008 not filled: long leg rel spread 0.67 > max 0.50
exit profit_target for T0008 not filled: long leg rel spread 0.67 > max 0.50
exit profit_target for T0006 not filled: long leg rel spread 2.00 > max 0.50
exit profit_target for T0008 not filled: long leg rel spread 2.00 > max 0.50
exit profit_target for T0006 not filled: long leg rel spread 2.00 > max 0.50
exit profit_target for T0008 not filled: long leg rel spread 0.67 > max 0.50
exit profit_target for T0006 not filled: long leg rel spread 2.00 > max 0.50
exit profit_target for T0008 not filled: long leg rel spread 2.00 > max 0.50
exit profit_target for T0006 not filled: short leg rel spread 0.67 > max 0.50
exit profit_target for T0008 not filled: long leg rel spread 2.00 > max 0.50
exit profit_target for T0006 not filled: short leg rel spread 2.00 > max 0.50
exit profit_target for T0008 not filled: short leg rel spread 2.00 > max 0.50
exit profit_target for T0006 not filled: short leg rel spread 2.00 > max 0.50
exit profit_target for T0008 not filled: short leg rel spread 2.00 > max 0.50
exit profit_target for T0008 not filled: short leg rel spread 0.67 > max 0.50
exit profit_target for T0008 not filled: short leg rel spread 0.67 > max 0.50
exit profit_target for T0008 not filled: short leg rel spread 0.67 > max 0.50
exit profit_target for T0008 not filled: short leg rel spread 2.00 > max 0.50
exit profit_target for T0008 not filled: short leg rel spread 2.00 > max 0.50
exit profit_target for T0008 not filled: short leg rel spread 2.00 > max 0.50
exit profit_target for T0008 not filled: short leg rel spread 2.00 > max 0.50
exit profit_target for T0008 not filled: short leg rel spread 2.00 > max 0.50
exit profit_target for T0008 not filled: short leg rel spread 2.00 > max 0.50
exit profit_target for T0010 not filled: long leg rel spread 2.00 > max 0.50
exit profit_target for T0010 not filled: long leg rel spread 2.00 > max 0.50
exit profit_target for T0010 not filled: long leg rel spread 2.00 > max 0.50
exit profit_target for T0010 not filled: long leg rel spread 2.00 > max 0.50
exit profit_target for T0010 not filled: long leg rel spread 2.00 > max 0.50
exit profit_target for T0010 not filled: long leg rel spread 2.00 > max 0.50
exit profit_target for T0010 not filled: long leg rel spread 2.00 > max 0.50
exit profit_target for T0010 not filled: short leg rel spread 0.67 > max 0.50
exit profit_target for T0010 not filled: short leg rel spread 2.00 > max 0.50
exit profit_target for T0010 not filled: short leg rel spread 2.00 > max 0.50
exit profit_target for T0010 not filled: short leg rel spread 2.00 > max 0.50
exit profit_target for T0011 not filled: long leg rel spread 0.67 > max 0.50
exit profit_target for T0011 not filled: long leg rel spread 0.67 > max 0.50
exit profit_target for T0011 not filled: long leg rel spread 2.00 > max 0.50
exit profit_target for T0011 not filled: long leg rel spread 0.67 > max 0.50
exit profit_target for T0011 not filled: long leg rel spread 2.00 > max 0.50
exit profit_target for T0011 not filled: long leg rel spread 2.00 > max 0.50
exit profit_target for T0011 not filled: long leg rel spread 2.00 > max 0.50
exit profit_target for T0011 not filled: short leg rel spread 0.67 > max 0.50
exit profit_target for T0011 not filled: short leg rel spread 0.67 > max 0.50
exit profit_target for T0011 not filled: short leg rel spread 0.67 > max 0.50
exit profit_target for T0011 not filled: long leg rel spread 2.00 > max 0.50
exit profit_target for T0011 not filled: short leg rel spread 0.67 > max 0.50
exit profit_target for T0011 not filled: long leg rel spread 2.00 > max 0.50
exit profit_target for T0011 not filled: short leg rel spread 2.00 > max 0.50
exit profit_target for T0011 not filled: short leg rel spread 2.00 > max 0.50
exit profit_target for T0011 not filled: short leg rel spread 2.00 > max 0.50
exit profit_target for T0011 not filled: short leg rel spread 2.00 > max 0.50
exit profit_target for T0011 not filled: short leg rel spread 2.00 > max 0.50
exit profit_target for T0012 not filled: long leg rel spread 2.00 > max 0.50
exit profit_target for T0012 not filled: long leg rel spread 2.00 > max 0.50
exit profit_target for T0012 not filled: long leg rel spread 2.00 > max 0.50
exit profit_target for T0012 not filled: long leg rel spread 2.00 > max 0.50
exit profit_target for T0012 not filled: long leg rel spread 2.00 > max 0.50
exit profit_target for T0012 not filled: short leg rel spread 0.67 > max 0.50
exit profit_target for T0013 not filled: long leg rel spread 2.00 > max 0.50
exit profit_target for T0012 not filled: short leg rel spread 2.00 > max 0.50
exit profit_target for T0013 not filled: long leg rel spread 2.00 > max 0.50
exit profit_target for T0013 not filled: long leg rel spread 2.00 > max 0.50
exit profit_target for T0013 not filled: long leg rel spread 2.00 > max 0.50
exit profit_target for T0013 not filled: long leg rel spread 2.00 > max 0.50
exit profit_target for T0013 not filled: long leg rel spread 2.00 > max 0.50
exit profit_target for T0013 not filled: short leg rel spread 2.00 > max 0.50
exit profit_target for T0015 not filled: long leg rel spread 2.00 > max 0.50
exit profit_target for T0016 not filled: long leg rel spread 2.00 > max 0.50
exit stop_loss for T0015 not filled: long leg rel spread 2.00 > max 0.50
exit stop_loss for T0016 not filled: long leg rel spread 2.00 > max 0.50
exit stop_loss for T0015 not filled: long leg rel spread 2.00 > max 0.50
exit stop_loss for T0016 not filled: long leg rel spread 2.00 > max 0.50
exit stop_loss for T0015 not filled: long leg rel spread 2.00 > max 0.50
exit stop_loss for T0016 not filled: long leg rel spread 2.00 > max 0.50
exit stop_loss for T0016 not filled: long leg rel spread 2.00 > max 0.50
exit stop_loss for T0016 not filled: long leg rel spread 2.00 > max 0.50
exit profit_target for T0018 not filled: long leg rel spread 0.67 > max 0.50
exit profit_target for T0016 not filled: long leg rel spread 2.00 > max 0.50
exit profit_target for T0018 not filled: long leg rel spread 2.00 > max 0.50
exit profit_target for T0016 not filled: short leg rel spread 0.67 > max 0.50
exit profit_target for T0018 not filled: long leg rel spread 2.00 > max 0.50
exit profit_target for T0018 not filled: long leg rel spread 2.00 > max 0.50
exit profit_target for T0018 not filled: long leg rel spread 2.00 > max 0.50
exit profit_target for T0018 not filled: long leg rel spread 2.00 > max 0.50
exit profit_target for T0018 not filled: long leg rel spread 2.00 > max 0.50
exit profit_target for T0018 not filled: long leg rel spread 2.00 > max 0.50
exit profit_target for T0018 not filled: long leg rel spread 0.67 > max 0.50
exit profit_target for T0018 not filled: long leg rel spread 2.00 > max 0.50
exit profit_target for T0018 not filled: long leg rel spread 2.00 > max 0.50
exit profit_target for T0018 not filled: long leg rel spread 2.00 > max 0.50
exit profit_target for T0018 not filled: long leg rel spread 2.00 > max 0.50
exit profit_target for T0018 not filled: short leg rel spread 0.67 > max 0.50
exit profit_target for T0019 not filled: long leg rel spread 0.67 > max 0.50
exit profit_target for T0019 not filled: long leg rel spread 2.00 > max 0.50
exit profit_target for T0019 not filled: long leg rel spread 2.00 > max 0.50
exit profit_target for T0020 not filled: long leg rel spread 0.86 > max 0.50
exit profit_target for T0019 not filled: long leg rel spread 0.67 > max 0.50
exit profit_target for T0020 not filled: long leg rel spread 0.50 > max 0.50
exit profit_target for T0019 not filled: short leg rel spread 0.67 > max 0.50
exit profit_target for T0020 not filled: long leg rel spread 0.67 > max 0.50
exit profit_target for T0019 not filled: short leg rel spread 1.20 > max 0.50
exit profit_target for T0020 not filled: short leg rel spread 0.57 > max 0.50
exit profit_target for T0019 not filled: long leg rel spread 2.00 > max 0.50
exit profit_target for T0020 not filled: long leg rel spread 0.86 > max 0.50
exit profit_target for T0019 not filled: short leg rel spread 1.00 > max 0.50
exit profit_target for T0020 not filled: long leg rel spread 0.67 > max 0.50
exit profit_target for T0019 not filled: short leg rel spread 1.00 > max 0.50
exit profit_target for T0020 not filled: long leg rel spread 0.50 > max 0.50
exit profit_target for T0019 not filled: short leg rel spread 0.67 > max 0.50
exit profit_target for T0019 not filled: short leg rel spread 2.00 > max 0.50
exit profit_target for T0019 not filled: short leg rel spread 0.67 > max 0.50
exit profit_target for T0019 not filled: short leg rel spread 2.00 > max 0.50
exit profit_target for T0019 not filled: short leg rel spread 2.00 > max 0.50
exit profit_target for T0019 not filled: short leg rel spread 2.00 > max 0.50
exit profit_target for T0019 not filled: short leg rel spread 2.00 > max 0.50
exit profit_target for T0019 not filled: short leg rel spread 2.00 > max 0.50
exit profit_target for T0019 not filled: short leg rel spread 2.00 > max 0.50
exit profit_target for T0031 not filled: long leg rel spread 0.67 > max 0.50
exit profit_target for T0038 not filled: short leg rel spread 0.51 > max 0.50
rsi70_ivrich|d0.10_w10_dte30_pt50_sl2 -1.9050632911392398
rsi70_ivrich|d0.10_w10_dte45_hold 28.868589743589745
exit profit_target for T0006 not filled: long leg rel spread 0.67 > max 0.50
exit profit_target for T0006 not filled: long leg rel spread 0.67 > max 0.50
exit profit_target for T0006 not filled: long leg rel spread 2.00 > max 0.50
exit profit_target for T0006 not filled: short leg rel spread 0.67 > max 0.50
exit profit_target for T0006 not filled: short leg rel spread 0.67 > max 0.50
exit profit_target for T0006 not filled: long leg rel spread 2.00 > max 0.50
exit profit_target for T0006 not filled: long leg rel spread 0.67 > max 0.50
exit profit_target for T0006 not filled: short leg rel spread 0.67 > max 0.50
exit profit_target for T0006 not filled: short leg rel spread 0.67 > max 0.50
exit profit_target for T0006 not filled: short leg rel spread 2.00 > max 0.50
exit profit_target for T0006 not filled: short leg rel spread 2.00 > max 0.50
exit profit_target for T0006 not filled: short leg rel spread 2.00 > max 0.50
exit profit_target for T0006 not filled: short leg rel spread 2.00 > max 0.50
exit profit_target for T0006 not filled: short leg rel spread 2.00 > max 0.50
exit profit_target for T0006 not filled: short leg rel spread 2.00 > max 0.50
exit profit_target for T0006 not filled: short leg rel spread 2.00 > max 0.50
exit profit_target for T0015 not filled: long leg rel spread 0.67 > max 0.50
exit stop_loss for T0015 not filled: long leg rel spread 0.67 > max 0.50
exit stop_loss for T0015 not filled: long leg rel spread 0.67 > max 0.50
exit stop_loss for T0015 not filled: long leg rel spread 2.00 > max 0.50
exit stop_loss for T0015 not filled: long leg rel spread 2.00 > max 0.50
exit stop_loss for T0015 not filled: long leg rel spread 2.00 > max 0.50
exit profit_target for T0015 not filled: long leg rel spread 2.00 > max 0.50
exit profit_target for T0015 not filled: long leg rel spread 2.00 > max 0.50
exit profit_target for T0015 not filled: short leg rel spread 0.67 > max 0.50
exit profit_target for T0015 not filled: short leg rel spread 2.00 > max 0.50
rsi70_ivrich|d0.10_w10_dte45_pt50_sl2 -5.137820512820513
rsi70_ivrich|d0.15_w2_dte21_hold 0.1031645569619685
exit profit_target for T0006 not filled: long leg rel spread 0.67 > max 0.50
exit profit_target for T0006 not filled: long leg rel spread 2.00 > max 0.50
exit profit_target for T0015 not filled: long leg rel spread 0.67 > max 0.50
exit profit_target for T0015 not filled: long leg rel spread 0.67 > max 0.50
exit profit_target for T0038 not filled: short leg rel spread 0.73 > max 0.50
exit profit_target for T0052 not filled: long leg rel spread 0.67 > max 0.50
exit profit_target for T0052 not filled: short leg rel spread 0.67 > max 0.50
exit profit_target for T0052 not filled: short leg rel spread 2.00 > max 0.50
rsi70_ivrich|d0.15_w2_dte21_pt50_sl2 -3.974683544303797
rsi70_ivrich|d0.15_w2_dte30_hold 18.022151898734176
rsi70_ivrich|d0.15_w2_dte30_pt50_sl2 -5.215189873417722
rsi70_ivrich|d0.15_w2_dte45_hold -4.541245868829766
rsi70_ivrich|d0.15_w2_dte45_pt50_sl2 -11.128205128205128
rsi70_ivrich|d0.15_w5_dte21_hold 5.058860759493614
exit profit_target for T0003 not filled: long leg rel spread 0.67 > max 0.50
exit profit_target for T0006 not filled: long leg rel spread 2.00 > max 0.50
exit profit_target for T0006 not filled: long leg rel spread 2.00 > max 0.50
exit profit_target for T0012 not filled: long leg rel spread 2.00 > max 0.50
exit profit_target for T0012 not filled: long leg rel spread 2.00 > max 0.50
exit profit_target for T0012 not filled: long leg rel spread 2.00 > max 0.50
exit profit_target for T0015 not filled: long leg rel spread 2.00 > max 0.50
exit profit_target for T0015 not filled: long leg rel spread 2.00 > max 0.50
exit profit_target for T0015 not filled: long leg rel spread 2.00 > max 0.50
exit profit_target for T0018 not filled: long leg rel spread 1.00 > max 0.50
exit profit_target for T0018 not filled: long leg rel spread 0.67 > max 0.50
exit profit_target for T0018 not filled: long leg rel spread 0.67 > max 0.50
exit profit_target for T0018 not filled: long leg rel spread 0.67 > max 0.50
exit profit_target for T0018 not filled: long leg rel spread 2.00 > max 0.50
exit profit_target for T0018 not filled: short leg rel spread 0.67 > max 0.50
exit profit_target for T0018 not filled: short leg rel spread 2.00 > max 0.50
exit profit_target for T0018 not filled: long leg rel spread 2.00 > max 0.50
exit profit_target for T0018 not filled: long leg rel spread 2.00 > max 0.50
exit profit_target for T0018 not filled: long leg rel spread 2.00 > max 0.50
exit profit_target for T0018 not filled: short leg rel spread 2.00 > max 0.50
exit profit_target for T0038 not filled: short leg rel spread 0.73 > max 0.50
rsi70_ivrich|d0.15_w5_dte21_pt50_sl2 -5.246835443037975
rsi70_ivrich|d0.15_w5_dte30_hold 32.462025316455694
exit profit_target for T0034 not filled: long leg rel spread 2.00 > max 0.50
exit profit_target for T0038 not filled: long leg rel spread 0.58 > max 0.50
rsi70_ivrich|d0.15_w5_dte30_pt50_sl2 -6.1234177215189876
rsi70_ivrich|d0.15_w5_dte45_hold 5.564523361939465
rsi70_ivrich|d0.15_w5_dte45_pt50_sl2 -14.426282051282051
rsi70_ivrich|d0.15_w10_dte21_hold 19.944936708860716
exit profit_target for T0002 not filled: long leg rel spread 0.67 > max 0.50
exit profit_target for T0002 not filled: long leg rel spread 2.00 > max 0.50
exit profit_target for T0002 not filled: long leg rel spread 2.00 > max 0.50
exit stop_loss for T0002 not filled: long leg rel spread 2.00 > max 0.50
exit profit_target for T0003 not filled: long leg rel spread 0.67 > max 0.50
exit profit_target for T0003 not filled: long leg rel spread 2.00 > max 0.50
exit profit_target for T0003 not filled: long leg rel spread 2.00 > max 0.50
exit profit_target for T0004 not filled: long leg rel spread 0.67 > max 0.50
exit profit_target for T0003 not filled: long leg rel spread 2.00 > max 0.50
exit profit_target for T0004 not filled: long leg rel spread 0.67 > max 0.50
exit profit_target for T0003 not filled: long leg rel spread 2.00 > max 0.50
exit profit_target for T0004 not filled: long leg rel spread 2.00 > max 0.50
exit profit_target for T0003 not filled: long leg rel spread 2.00 > max 0.50
exit profit_target for T0004 not filled: long leg rel spread 2.00 > max 0.50
exit profit_target for T0003 not filled: short leg rel spread 2.00 > max 0.50
exit profit_target for T0004 not filled: long leg rel spread 2.00 > max 0.50
exit profit_target for T0003 not filled: short leg rel spread 2.00 > max 0.50
exit profit_target for T0004 not filled: long leg rel spread 2.00 > max 0.50
exit profit_target for T0005 not filled: long leg rel spread 0.67 > max 0.50
exit profit_target for T0003 not filled: short leg rel spread 2.00 > max 0.50
exit profit_target for T0004 not filled: short leg rel spread 0.67 > max 0.50
exit profit_target for T0005 not filled: long leg rel spread 0.67 > max 0.50
exit profit_target for T0004 not filled: short leg rel spread 0.67 > max 0.50
exit profit_target for T0005 not filled: long leg rel spread 0.67 > max 0.50
exit profit_target for T0004 not filled: long leg rel spread 2.00 > max 0.50
exit profit_target for T0005 not filled: long leg rel spread 0.67 > max 0.50
exit profit_target for T0004 not filled: long leg rel spread 2.00 > max 0.50
exit profit_target for T0004 not filled: short leg rel spread 2.00 > max 0.50
exit profit_target for T0004 not filled: short leg rel spread 2.00 > max 0.50
exit stop_loss for T0005 not filled: long leg rel spread 2.00 > max 0.50
exit profit_target for T0005 not filled: long leg rel spread 2.00 > max 0.50
exit profit_target for T0006 not filled: long leg rel spread 2.00 > max 0.50
exit profit_target for T0008 not filled: long leg rel spread 2.00 > max 0.50
exit profit_target for T0006 not filled: long leg rel spread 2.00 > max 0.50
exit profit_target for T0008 not filled: long leg rel spread 2.00 > max 0.50
exit profit_target for T0008 not filled: long leg rel spread 2.00 > max 0.50
exit profit_target for T0008 not filled: long leg rel spread 2.00 > max 0.50
exit profit_target for T0008 not filled: long leg rel spread 2.00 > max 0.50
exit profit_target for T0008 not filled: short leg rel spread 0.67 > max 0.50
exit profit_target for T0008 not filled: short leg rel spread 2.00 > max 0.50
exit profit_target for T0008 not filled: short leg rel spread 2.00 > max 0.50
exit profit_target for T0008 not filled: short leg rel spread 2.00 > max 0.50
exit profit_target for T0008 not filled: short leg rel spread 2.00 > max 0.50
exit profit_target for T0008 not filled: short leg rel spread 2.00 > max 0.50
exit profit_target for T0010 not filled: long leg rel spread 2.00 > max 0.50
exit profit_target for T0010 not filled: long leg rel spread 2.00 > max 0.50
exit profit_target for T0010 not filled: long leg rel spread 2.00 > max 0.50
exit profit_target for T0010 not filled: long leg rel spread 2.00 > max 0.50
exit profit_target for T0010 not filled: long leg rel spread 2.00 > max 0.50
exit profit_target for T0010 not filled: long leg rel spread 2.00 > max 0.50
exit profit_target for T0010 not filled: long leg rel spread 2.00 > max 0.50
exit profit_target for T0011 not filled: long leg rel spread 2.00 > max 0.50
exit profit_target for T0011 not filled: long leg rel spread 2.00 > max 0.50
exit profit_target for T0011 not filled: long leg rel spread 2.00 > max 0.50
exit profit_target for T0011 not filled: long leg rel spread 2.00 > max 0.50
exit profit_target for T0011 not filled: short leg rel spread 0.67 > max 0.50
exit profit_target for T0011 not filled: short leg rel spread 0.67 > max 0.50
exit profit_target for T0011 not filled: short leg rel spread 0.67 > max 0.50
exit profit_target for T0011 not filled: short leg rel spread 2.00 > max 0.50
exit profit_target for T0011 not filled: short leg rel spread 2.00 > max 0.50
exit profit_target for T0011 not filled: short leg rel spread 2.00 > max 0.50
exit profit_target for T0011 not filled: short leg rel spread 0.67 > max 0.50
exit profit_target for T0012 not filled: long leg rel spread 2.00 > max 0.50
exit profit_target for T0013 not filled: long leg rel spread 2.00 > max 0.50
exit profit_target for T0014 not filled: long leg rel spread 0.67 > max 0.50
exit profit_target for T0012 not filled: long leg rel spread 2.00 > max 0.50
exit profit_target for T0013 not filled: long leg rel spread 2.00 > max 0.50
exit profit_target for T0014 not filled: long leg rel spread 0.67 > max 0.50
exit profit_target for T0012 not filled: long leg rel spread 2.00 > max 0.50
exit profit_target for T0013 not filled: long leg rel spread 2.00 > max 0.50
exit profit_target for T0014 not filled: long leg rel spread 0.67 > max 0.50
exit stop_loss for T0013 not filled: long leg rel spread 2.00 > max 0.50
exit profit_target for T0014 not filled: long leg rel spread 2.00 > max 0.50
exit profit_target for T0014 not filled: long leg rel spread 2.00 > max 0.50
exit profit_target for T0014 not filled: long leg rel spread 2.00 > max 0.50
exit profit_target for T0014 not filled: short leg rel spread 0.67 > max 0.50
exit profit_target for T0014 not filled: long leg rel spread 2.00 > max 0.50
exit profit_target for T0015 not filled: long leg rel spread 2.00 > max 0.50
exit profit_target for T0015 not filled: long leg rel spread 2.00 > max 0.50
exit profit_target for T0015 not filled: long leg rel spread 2.00 > max 0.50
exit stop_loss for T0016 not filled: long leg rel spread 2.00 > max 0.50
exit stop_loss for T0016 not filled: long leg rel spread 2.00 > max 0.50
exit profit_target for T0018 not filled: long leg rel spread 0.67 > max 0.50
exit profit_target for T0018 not filled: long leg rel spread 2.00 > max 0.50
exit profit_target for T0018 not filled: long leg rel spread 2.00 > max 0.50
exit profit_target for T0018 not filled: long leg rel spread 2.00 > max 0.50
exit profit_target for T0018 not filled: long leg rel spread 2.00 > max 0.50
exit profit_target for T0018 not filled: short leg rel spread 0.67 > max 0.50
exit profit_target for T0018 not filled: short leg rel spread 2.00 > max 0.50
exit profit_target for T0018 not filled: long leg rel spread 2.00 > max 0.50
exit profit_target for T0018 not filled: long leg rel spread 2.00 > max 0.50
exit profit_target for T0018 not filled: long leg rel spread 2.00 > max 0.50
exit profit_target for T0018 not filled: short leg rel spread 2.00 > max 0.50
exit profit_target for T0019 not filled: long leg rel spread 0.67 > max 0.50
exit profit_target for T0019 not filled: long leg rel spread 2.00 > max 0.50
exit profit_target for T0019 not filled: short leg rel spread 1.00 > max 0.50
exit profit_target for T0020 not filled: long leg rel spread 0.67 > max 0.50
exit profit_target for T0019 not filled: long leg rel spread 0.67 > max 0.50
exit profit_target for T0019 not filled: short leg rel spread 0.67 > max 0.50
exit profit_target for T0019 not filled: short leg rel spread 1.00 > max 0.50
exit profit_target for T0019 not filled: short leg rel spread 0.67 > max 0.50
exit profit_target for T0019 not filled: short leg rel spread 2.00 > max 0.50
exit profit_target for T0019 not filled: short leg rel spread 2.00 > max 0.50
exit profit_target for T0019 not filled: short leg rel spread 2.00 > max 0.50
exit profit_target for T0019 not filled: short leg rel spread 2.00 > max 0.50
exit profit_target for T0038 not filled: short leg rel spread 0.73 > max 0.50
exit profit_target for T0038 not filled: long leg rel spread 0.67 > max 0.50
exit profit_target for T0044 not filled: long leg rel spread 0.67 > max 0.50
exit profit_target for T0044 not filled: long leg rel spread 0.67 > max 0.50
exit profit_target for T0044 not filled: long leg rel spread 2.00 > max 0.50
exit profit_target for T0044 not filled: long leg rel spread 2.00 > max 0.50
exit profit_target for T0044 not filled: short leg rel spread 0.67 > max 0.50
exit profit_target for T0044 not filled: short leg rel spread 0.67 > max 0.50
exit profit_target for T0052 not filled: long leg rel spread 0.67 > max 0.50
exit profit_target for T0052 not filled: long leg rel spread 2.00 > max 0.50
exit profit_target for T0052 not filled: short leg rel spread 0.67 > max 0.50
exit profit_target for T0052 not filled: short leg rel spread 2.00 > max 0.50
exit profit_target for T0066 not filled: long leg rel spread 0.67 > max 0.50
exit profit_target for T0066 not filled: long leg rel spread 0.67 > max 0.50
exit profit_target for T0066 not filled: long leg rel spread 0.67 > max 0.50
exit profit_target for T0066 not filled: short leg rel spread 0.67 > max 0.50
exit profit_target for T0070 not filled: long leg rel spread 0.67 > max 0.50
exit profit_target for T0070 not filled: long leg rel spread 2.00 > max 0.50
rsi70_ivrich|d0.15_w10_dte21_pt50_sl2 0.48101265822785005
rsi70_ivrich|d0.15_w10_dte30_hold 51.721518987341774
exit profit_target for T0001 not filled: long leg rel spread 0.50 > max 0.50
exit profit_target for T0002 not filled: long leg rel spread 0.67 > max 0.50
exit profit_target for T0006 not filled: long leg rel spread 2.00 > max 0.50
exit profit_target for T0006 not filled: long leg rel spread 2.00 > max 0.50
exit profit_target for T0006 not filled: long leg rel spread 2.00 > max 0.50
exit profit_target for T0006 not filled: long leg rel spread 2.00 > max 0.50
exit profit_target for T0006 not filled: short leg rel spread 0.67 > max 0.50
exit profit_target for T0006 not filled: short leg rel spread 2.00 > max 0.50
exit profit_target for T0006 not filled: short leg rel spread 2.00 > max 0.50
exit profit_target for T0010 not filled: long leg rel spread 0.67 > max 0.50
exit profit_target for T0010 not filled: long leg rel spread 2.00 > max 0.50
exit profit_target for T0010 not filled: short leg rel spread 0.67 > max 0.50
exit profit_target for T0010 not filled: short leg rel spread 2.00 > max 0.50
exit profit_target for T0010 not filled: short leg rel spread 2.00 > max 0.50
exit profit_target for T0010 not filled: short leg rel spread 2.00 > max 0.50
exit profit_target for T0011 not filled: long leg rel spread 0.67 > max 0.50
exit profit_target for T0011 not filled: long leg rel spread 0.67 > max 0.50
exit profit_target for T0011 not filled: long leg rel spread 2.00 > max 0.50
exit profit_target for T0011 not filled: long leg rel spread 0.67 > max 0.50
exit profit_target for T0011 not filled: long leg rel spread 2.00 > max 0.50
exit profit_target for T0011 not filled: long leg rel spread 2.00 > max 0.50
exit profit_target for T0011 not filled: long leg rel spread 2.00 > max 0.50
exit profit_target for T0011 not filled: long leg rel spread 2.00 > max 0.50
exit profit_target for T0011 not filled: long leg rel spread 2.00 > max 0.50
exit profit_target for T0011 not filled: long leg rel spread 2.00 > max 0.50
exit profit_target for T0011 not filled: long leg rel spread 2.00 > max 0.50
exit profit_target for T0011 not filled: short leg rel spread 0.67 > max 0.50
exit profit_target for T0011 not filled: long leg rel spread 2.00 > max 0.50
exit profit_target for T0011 not filled: short leg rel spread 0.67 > max 0.50
exit profit_target for T0011 not filled: short leg rel spread 0.67 > max 0.50
exit profit_target for T0011 not filled: short leg rel spread 2.00 > max 0.50
exit profit_target for T0011 not filled: short leg rel spread 2.00 > max 0.50
exit profit_target for T0011 not filled: short leg rel spread 2.00 > max 0.50
exit profit_target for T0012 not filled: long leg rel spread 2.00 > max 0.50
exit profit_target for T0012 not filled: long leg rel spread 0.67 > max 0.50
exit profit_target for T0012 not filled: long leg rel spread 2.00 > max 0.50
exit profit_target for T0012 not filled: long leg rel spread 2.00 > max 0.50
exit profit_target for T0012 not filled: short leg rel spread 2.00 > max 0.50
exit stop_loss for T0015 not filled: long leg rel spread 0.67 > max 0.50
exit stop_loss for T0015 not filled: long leg rel spread 2.00 > max 0.50
exit stop_loss for T0015 not filled: long leg rel spread 2.00 > max 0.50
exit profit_target for T0018 not filled: long leg rel spread 0.67 > max 0.50
exit profit_target for T0018 not filled: long leg rel spread 2.00 > max 0.50
exit profit_target for T0018 not filled: long leg rel spread 0.67 > max 0.50
exit profit_target for T0018 not filled: long leg rel spread 0.67 > max 0.50
exit profit_target for T0018 not filled: long leg rel spread 2.00 > max 0.50
exit profit_target for T0018 not filled: long leg rel spread 2.00 > max 0.50
exit profit_target for T0018 not filled: long leg rel spread 2.00 > max 0.50
exit profit_target for T0018 not filled: long leg rel spread 0.67 > max 0.50
exit profit_target for T0018 not filled: long leg rel spread 0.67 > max 0.50
exit profit_target for T0018 not filled: long leg rel spread 0.67 > max 0.50
exit profit_target for T0018 not filled: long leg rel spread 0.67 > max 0.50
exit profit_target for T0018 not filled: long leg rel spread 2.00 > max 0.50
exit profit_target for T0018 not filled: long leg rel spread 2.00 > max 0.50
exit profit_target for T0020 not filled: long leg rel spread 0.67 > max 0.50
exit profit_target for T0030 not filled: long leg market invalid (crossed/locked/one-sided)
exit profit_target for T0030 not filled: long leg rel spread 0.67 > max 0.50
exit profit_target for T0030 not filled: long leg rel spread 2.00 > max 0.50
exit profit_target for T0030 not filled: long leg rel spread 2.00 > max 0.50
exit profit_target for T0030 not filled: short leg rel spread 2.00 > max 0.50
exit profit_target for T0034 not filled: long leg rel spread 2.00 > max 0.50
exit profit_target for T0038 not filled: long leg rel spread 1.29 > max 0.50
exit profit_target for T0069 not filled: long leg rel spread 0.67 > max 0.50
exit profit_target for T0069 not filled: long leg rel spread 0.67 > max 0.50
exit profit_target for T0069 not filled: long leg rel spread 2.00 > max 0.50
exit profit_target for T0069 not filled: long leg rel spread 2.00 > max 0.50
exit profit_target for T0069 not filled: short leg rel spread 0.67 > max 0.50
rsi70_ivrich|d0.15_w10_dte30_pt50_sl2 -4.0
rsi70_ivrich|d0.15_w10_dte45_hold 19.07093361834972
exit profit_target for T0006 not filled: long leg rel spread 0.67 > max 0.50
exit profit_target for T0006 not filled: long leg rel spread 0.67 > max 0.50
exit profit_target for T0006 not filled: long leg rel spread 2.00 > max 0.50
exit profit_target for T0006 not filled: long leg rel spread 2.00 > max 0.50
exit profit_target for T0006 not filled: long leg rel spread 2.00 > max 0.50
exit profit_target for T0006 not filled: long leg rel spread 0.67 > max 0.50
exit profit_target for T0006 not filled: long leg rel spread 2.00 > max 0.50
exit profit_target for T0006 not filled: short leg rel spread 0.67 > max 0.50
exit profit_target for T0006 not filled: short leg rel spread 0.67 > max 0.50
exit profit_target for T0006 not filled: short leg rel spread 0.67 > max 0.50
exit profit_target for T0006 not filled: short leg rel spread 2.00 > max 0.50
exit profit_target for T0006 not filled: short leg rel spread 2.00 > max 0.50
exit profit_target for T0006 not filled: short leg rel spread 2.00 > max 0.50
exit profit_target for T0006 not filled: short leg rel spread 2.00 > max 0.50
exit profit_target for T0006 not filled: short leg rel spread 2.00 > max 0.50
exit profit_target for T0018 not filled: long leg rel spread 0.67 > max 0.50
exit profit_target for T0019 not filled: long leg rel spread 0.67 > max 0.50
rsi70_ivrich|d0.15_w10_dte45_pt50_sl2 -11.58974358974359
rsi70_ivrich|d0.20_w2_dte21_hold -6.363924050632911
exit profit_target for T0006 not filled: long leg rel spread 0.67 > max 0.50
exit profit_target for T0038 not filled: long leg rel spread 0.73 > max 0.50
rsi70_ivrich|d0.20_w2_dte21_pt50_sl2 -7.427215189873418
rsi70_ivrich|d0.20_w2_dte30_hold 12.949367088607618
rsi70_ivrich|d0.20_w2_dte30_pt50_sl2 -8.335443037974683
rsi70_ivrich|d0.20_w2_dte45_hold -5.227564102564101
rsi70_ivrich|d0.20_w2_dte45_pt50_sl2 -7.144230769230769
rsi70_ivrich|d0.20_w5_dte21_hold -9.915822784810185
exit profit_target for T0005 not filled: long leg rel spread 0.67 > max 0.50
exit profit_target for T0005 not filled: long leg rel spread 0.67 > max 0.50
exit profit_target for T0006 not filled: long leg rel spread 2.00 > max 0.50
exit profit_target for T0006 not filled: long leg rel spread 2.00 > max 0.50
exit profit_target for T0010 not filled: long leg rel spread 0.67 > max 0.50
exit profit_target for T0010 not filled: long leg rel spread 0.67 > max 0.50
exit profit_target for T0010 not filled: long leg rel spread 2.00 > max 0.50
exit profit_target for T0012 not filled: long leg rel spread 2.00 > max 0.50
exit profit_target for T0012 not filled: long leg rel spread 2.00 > max 0.50
exit profit_target for T0012 not filled: long leg rel spread 2.00 > max 0.50
exit profit_target for T0015 not filled: long leg rel spread 2.00 > max 0.50
exit profit_target for T0031 not filled: long leg rel spread 0.67 > max 0.50
exit profit_target for T0031 not filled: long leg rel spread 0.67 > max 0.50
exit profit_target for T0031 not filled: long leg rel spread 0.67 > max 0.50
exit profit_target for T0038 not filled: long leg rel spread 1.27 > max 0.50
exit profit_target for T0052 not filled: long leg rel spread 0.67 > max 0.50
exit profit_target for T0052 not filled: short leg rel spread 0.67 > max 0.50
exit profit_target for T0052 not filled: short leg rel spread 2.00 > max 0.50
rsi70_ivrich|d0.20_w5_dte21_pt50_sl2 -8.45253164556962
rsi70_ivrich|d0.20_w5_dte30_hold 29.52341772151909
exit profit_target for T0010 not filled: long leg rel spread 0.67 > max 0.50
exit profit_target for T0010 not filled: long leg rel spread 0.67 > max 0.50
exit profit_target for T0010 not filled: short leg rel spread 0.67 > max 0.50
exit profit_target for T0010 not filled: short leg rel spread 2.00 > max 0.50
exit profit_target for T0010 not filled: short leg rel spread 2.00 > max 0.50
exit profit_target for T0038 not filled: long leg rel spread 0.51 > max 0.50
rsi70_ivrich|d0.20_w5_dte30_pt50_sl2 -13.212025316455696
rsi70_ivrich|d0.20_w5_dte45_hold -6.829707407291316
exit profit_target for T0037 not filled: long leg rel spread 0.53 > max 0.50
rsi70_ivrich|d0.20_w5_dte45_pt50_sl2 -12.586538461538462
rsi70_ivrich|d0.20_w10_dte21_hold 4.637974683544271
exit profit_target for T0002 not filled: long leg rel spread 0.67 > max 0.50
exit profit_target for T0002 not filled: long leg rel spread 2.00 > max 0.50
exit profit_target for T0002 not filled: long leg rel spread 2.00 > max 0.50
exit stop_loss for T0002 not filled: long leg rel spread 2.00 > max 0.50
exit stop_loss for T0002 not filled: long leg rel spread 2.00 > max 0.50
exit profit_target for T0003 not filled: long leg rel spread 2.00 > max 0.50
exit profit_target for T0004 not filled: long leg rel spread 0.67 > max 0.50
exit profit_target for T0003 not filled: long leg rel spread 2.00 > max 0.50
exit profit_target for T0003 not filled: long leg rel spread 2.00 > max 0.50
exit profit_target for T0004 not filled: long leg rel spread 2.00 > max 0.50
exit profit_target for T0003 not filled: long leg rel spread 2.00 > max 0.50
exit profit_target for T0004 not filled: long leg rel spread 2.00 > max 0.50
exit profit_target for T0003 not filled: long leg rel spread 2.00 > max 0.50
exit profit_target for T0004 not filled: long leg rel spread 2.00 > max 0.50
exit profit_target for T0003 not filled: short leg rel spread 2.00 > max 0.50
exit profit_target for T0004 not filled: long leg rel spread 2.00 > max 0.50
exit profit_target for T0005 not filled: long leg rel spread 0.67 > max 0.50
exit profit_target for T0003 not filled: short leg rel spread 2.00 > max 0.50
exit profit_target for T0004 not filled: short leg rel spread 0.67 > max 0.50
exit profit_target for T0005 not filled: long leg rel spread 0.67 > max 0.50
exit profit_target for T0004 not filled: long leg rel spread 2.00 > max 0.50
exit profit_target for T0005 not filled: long leg rel spread 0.67 > max 0.50
exit profit_target for T0004 not filled: long leg rel spread 2.00 > max 0.50
exit profit_target for T0004 not filled: long leg rel spread 2.00 > max 0.50
exit profit_target for T0004 not filled: long leg rel spread 2.00 > max 0.50
exit profit_target for T0004 not filled: short leg rel spread 0.67 > max 0.50
exit stop_loss for T0005 not filled: long leg rel spread 2.00 > max 0.50
exit profit_target for T0005 not filled: long leg rel spread 2.00 > max 0.50
exit profit_target for T0006 not filled: long leg rel spread 2.00 > max 0.50
exit profit_target for T0008 not filled: long leg rel spread 0.67 > max 0.50
exit profit_target for T0006 not filled: long leg rel spread 2.00 > max 0.50
exit profit_target for T0008 not filled: long leg rel spread 2.00 > max 0.50
exit profit_target for T0008 not filled: long leg rel spread 2.00 > max 0.50
exit profit_target for T0008 not filled: long leg rel spread 2.00 > max 0.50
exit profit_target for T0008 not filled: short leg rel spread 0.50 > max 0.50
exit profit_target for T0008 not filled: long leg rel spread 2.00 > max 0.50
exit profit_target for T0008 not filled: short leg rel spread 2.00 > max 0.50
exit profit_target for T0008 not filled: short leg rel spread 2.00 > max 0.50
exit profit_target for T0008 not filled: short leg rel spread 2.00 > max 0.50
exit profit_target for T0008 not filled: short leg rel spread 2.00 > max 0.50
exit profit_target for T0008 not filled: short leg rel spread 2.00 > max 0.50
exit profit_target for T0010 not filled: long leg rel spread 2.00 > max 0.50
exit profit_target for T0010 not filled: long leg rel spread 2.00 > max 0.50
exit profit_target for T0010 not filled: long leg rel spread 2.00 > max 0.50
exit profit_target for T0011 not filled: long leg rel spread 2.00 > max 0.50
exit profit_target for T0011 not filled: long leg rel spread 2.00 > max 0.50
exit profit_target for T0011 not filled: long leg rel spread 2.00 > max 0.50
exit profit_target for T0011 not filled: long leg rel spread 2.00 > max 0.50
exit profit_target for T0011 not filled: long leg rel spread 2.00 > max 0.50
exit profit_target for T0011 not filled: long leg rel spread 2.00 > max 0.50
exit profit_target for T0011 not filled: short leg rel spread 0.67 > max 0.50
exit profit_target for T0011 not filled: short leg rel spread 2.00 > max 0.50
exit profit_target for T0011 not filled: short leg rel spread 2.00 > max 0.50
exit profit_target for T0011 not filled: short leg rel spread 2.00 > max 0.50
exit profit_target for T0011 not filled: short leg rel spread 0.67 > max 0.50
exit profit_target for T0012 not filled: long leg rel spread 2.00 > max 0.50
exit profit_target for T0014 not filled: long leg rel spread 0.67 > max 0.50
exit profit_target for T0012 not filled: long leg rel spread 2.00 > max 0.50
exit profit_target for T0014 not filled: long leg rel spread 0.67 > max 0.50
exit profit_target for T0012 not filled: long leg rel spread 2.00 > max 0.50
exit profit_target for T0013 not filled: long leg rel spread 2.00 > max 0.50
exit profit_target for T0014 not filled: long leg rel spread 0.67 > max 0.50
exit stop_loss for T0013 not filled: long leg rel spread 2.00 > max 0.50
exit profit_target for T0014 not filled: long leg rel spread 2.00 > max 0.50
exit profit_target for T0014 not filled: long leg rel spread 2.00 > max 0.50
exit profit_target for T0014 not filled: long leg rel spread 2.00 > max 0.50
exit profit_target for T0014 not filled: long leg rel spread 2.00 > max 0.50
exit profit_target for T0014 not filled: long leg rel spread 2.00 > max 0.50
exit profit_target for T0015 not filled: long leg rel spread 2.00 > max 0.50
exit stop_loss for T0016 not filled: long leg rel spread 2.00 > max 0.50
exit stop_loss for T0016 not filled: long leg rel spread 2.00 > max 0.50
exit profit_target for T0018 not filled: long leg rel spread 0.67 > max 0.50
exit profit_target for T0018 not filled: long leg rel spread 2.00 > max 0.50
exit profit_target for T0018 not filled: long leg rel spread 2.00 > max 0.50
exit profit_target for T0018 not filled: long leg rel spread 2.00 > max 0.50
exit profit_target for T0018 not filled: long leg rel spread 2.00 > max 0.50
exit profit_target for T0018 not filled: long leg rel spread 2.00 > max 0.50
exit profit_target for T0018 not filled: short leg rel spread 2.00 > max 0.50
exit profit_target for T0018 not filled: long leg rel spread 2.00 > max 0.50
exit profit_target for T0018 not filled: long leg rel spread 2.00 > max 0.50
exit profit_target for T0018 not filled: long leg rel spread 2.00 > max 0.50
exit profit_target for T0018 not filled: short leg rel spread 0.67 > max 0.50
exit profit_target for T0019 not filled: long leg rel spread 0.67 > max 0.50
exit profit_target for T0019 not filled: long leg rel spread 2.00 > max 0.50
exit profit_target for T0019 not filled: long leg rel spread 2.00 > max 0.50
exit profit_target for T0019 not filled: long leg rel spread 0.67 > max 0.50
exit profit_target for T0019 not filled: short leg rel spread 0.67 > max 0.50
exit profit_target for T0019 not filled: short leg rel spread 1.00 > max 0.50
exit profit_target for T0019 not filled: short leg rel spread 0.67 > max 0.50
exit profit_target for T0019 not filled: short leg rel spread 0.67 > max 0.50
exit profit_target for T0019 not filled: short leg rel spread 2.00 > max 0.50
exit profit_target for T0019 not filled: short leg rel spread 2.00 > max 0.50
exit profit_target for T0019 not filled: short leg rel spread 2.00 > max 0.50
exit profit_target for T0031 not filled: long leg rel spread 0.67 > max 0.50
exit profit_target for T0031 not filled: long leg rel spread 2.00 > max 0.50
exit profit_target for T0031 not filled: long leg rel spread 2.00 > max 0.50
exit profit_target for T0031 not filled: long leg rel spread 2.00 > max 0.50
exit profit_target for T0031 not filled: long leg rel spread 2.00 > max 0.50
exit profit_target for T0038 not filled: long leg rel spread 2.00 > max 0.50
exit profit_target for T0052 not filled: long leg rel spread 0.67 > max 0.50
exit profit_target for T0052 not filled: long leg rel spread 0.67 > max 0.50
exit profit_target for T0052 not filled: short leg rel spread 0.67 > max 0.50
exit profit_target for T0052 not filled: short leg rel spread 2.00 > max 0.50
rsi70_ivrich|d0.20_w10_dte21_pt50_sl2 -10.632911392405063
rsi70_ivrich|d0.20_w10_dte30_hold 60.346202531645666
exit profit_target for T0001 not filled: long leg rel spread 0.50 > max 0.50
exit profit_target for T0001 not filled: long leg rel spread 0.50 > max 0.50
exit profit_target for T0001 not filled: long leg rel spread 0.50 > max 0.50
exit profit_target for T0001 not filled: long leg rel spread 0.67 > max 0.50
exit profit_target for T0002 not filled: long leg rel spread 0.67 > max 0.50
exit profit_target for T0006 not filled: long leg rel spread 2.00 > max 0.50
exit profit_target for T0006 not filled: long leg rel spread 2.00 > max 0.50
exit profit_target for T0006 not filled: long leg rel spread 2.00 > max 0.50
exit profit_target for T0006 not filled: long leg rel spread 2.00 > max 0.50
exit profit_target for T0006 not filled: short leg rel spread 2.00 > max 0.50
exit profit_target for T0006 not filled: short leg rel spread 2.00 > max 0.50
exit profit_target for T0010 not filled: long leg rel spread 2.00 > max 0.50
exit profit_target for T0010 not filled: long leg rel spread 2.00 > max 0.50
exit profit_target for T0010 not filled: short leg rel spread 0.67 > max 0.50
exit profit_target for T0010 not filled: short leg rel spread 2.00 > max 0.50
exit profit_target for T0010 not filled: short leg rel spread 2.00 > max 0.50
exit stop_loss for T0012 not filled: long leg rel spread 0.67 > max 0.50
exit profit_target for T0012 not filled: long leg rel spread 2.00 > max 0.50
exit profit_target for T0012 not filled: short leg rel spread 0.67 > max 0.50
exit stop_loss for T0015 not filled: long leg rel spread 0.67 > max 0.50
exit stop_loss for T0015 not filled: long leg rel spread 2.00 > max 0.50
exit stop_loss for T0015 not filled: long leg rel spread 2.00 > max 0.50
exit profit_target for T0018 not filled: long leg rel spread 0.67 > max 0.50
exit profit_target for T0018 not filled: long leg rel spread 0.67 > max 0.50
exit profit_target for T0018 not filled: long leg rel spread 0.67 > max 0.50
exit profit_target for T0018 not filled: long leg rel spread 0.67 > max 0.50
exit profit_target for T0018 not filled: long leg rel spread 2.00 > max 0.50
exit profit_target for T0018 not filled: long leg rel spread 2.00 > max 0.50
exit profit_target for T0018 not filled: long leg rel spread 0.67 > max 0.50
exit profit_target for T0018 not filled: long leg rel spread 0.67 > max 0.50
exit profit_target for T0018 not filled: long leg rel spread 0.67 > max 0.50
exit profit_target for T0018 not filled: long leg rel spread 2.00 > max 0.50
exit profit_target for T0030 not filled: long leg rel spread 0.67 > max 0.50
exit profit_target for T0034 not filled: long leg rel spread 2.00 > max 0.50
exit profit_target for T0038 not filled: long leg rel spread 0.74 > max 0.50
exit profit_target for T0069 not filled: long leg rel spread 0.67 > max 0.50
exit profit_target for T0069 not filled: long leg rel spread 0.67 > max 0.50
exit profit_target for T0069 not filled: long leg rel spread 2.00 > max 0.50
exit profit_target for T0069 not filled: long leg rel spread 2.00 > max 0.50
exit profit_target for T0069 not filled: short leg rel spread 0.67 > max 0.50
rsi70_ivrich|d0.20_w10_dte30_pt50_sl2 -10.787974683544304
rsi70_ivrich|d0.20_w10_dte45_hold 11.276061823477916
exit profit_target for T0009 not filled: long leg rel spread 0.67 > max 0.50
exit profit_target for T0009 not filled: long leg rel spread 2.00 > max 0.50
exit profit_target for T0009 not filled: long leg rel spread 2.00 > max 0.50
exit profit_target for T0009 not filled: long leg rel spread 2.00 > max 0.50
exit profit_target for T0009 not filled: long leg rel spread 2.00 > max 0.50
exit profit_target for T0009 not filled: long leg rel spread 2.00 > max 0.50
exit profit_target for T0009 not filled: long leg rel spread 2.00 > max 0.50
exit profit_target for T0009 not filled: short leg rel spread 0.67 > max 0.50
exit profit_target for T0010 not filled: long leg rel spread 0.67 > max 0.50
exit profit_target for T0010 not filled: long leg rel spread 0.67 > max 0.50
exit profit_target for T0010 not filled: long leg rel spread 0.67 > max 0.50
exit profit_target for T0010 not filled: long leg rel spread 2.00 > max 0.50
exit profit_target for T0010 not filled: long leg rel spread 2.00 > max 0.50
exit profit_target for T0010 not filled: long leg rel spread 2.00 > max 0.50
exit profit_target for T0010 not filled: long leg rel spread 2.00 > max 0.50
exit profit_target for T0010 not filled: short leg rel spread 0.67 > max 0.50
exit profit_target for T0010 not filled: short leg rel spread 0.67 > max 0.50
exit profit_target for T0010 not filled: short leg rel spread 0.67 > max 0.50
exit profit_target for T0010 not filled: short leg rel spread 2.00 > max 0.50
exit profit_target for T0010 not filled: short leg rel spread 2.00 > max 0.50
exit profit_target for T0010 not filled: short leg rel spread 2.00 > max 0.50
exit profit_target for T0010 not filled: short leg rel spread 2.00 > max 0.50
exit profit_target for T0010 not filled: short leg rel spread 2.00 > max 0.50
exit profit_target for T0010 not filled: short leg rel spread 2.00 > max 0.50
exit profit_target for T0068 not filled: long leg rel spread 0.67 > max 0.50
exit profit_target for T0068 not filled: long leg rel spread 0.67 > max 0.50
rsi70_ivrich|d0.20_w10_dte45_pt50_sl2 -16.66025641025641
T0178 expires today with no quotes; closing at intrinsic
absorb_falling_vix25|d0.10_w2_dte21_hold 3.8676328502415767
exit profit_target for T0011 not filled: long leg rel spread 0.67 > max 0.50
exit profit_target for T0083 not filled: short leg rel spread 1.14 > max 0.50
exit profit_target for T0084 not filled: short leg rel spread 0.57 > max 0.50
absorb_falling_vix25|d0.10_w2_dte21_pt50_sl2 -3.8550724637681157
T0032 expires today with no quotes; closing at intrinsic
T0176 expires today with no quotes; closing at intrinsic
absorb_falling_vix25|d0.10_w2_dte30_hold 5.675596181355732
exit profit_target for T0011 not filled: long leg rel spread 0.50 > max 0.50
exit profit_target for T0011 not filled: short leg rel spread 0.57 > max 0.50
exit profit_target for T0011 not filled: short leg rel spread 0.50 > max 0.50
exit profit_target for T0011 not filled: short leg rel spread 1.00 > max 0.50
exit profit_target for T0011 not filled: long leg rel spread 0.67 > max 0.50
exit profit_target for T0011 not filled: long leg rel spread 0.67 > max 0.50
exit profit_target for T0011 not filled: long leg rel spread 2.00 > max 0.50
exit profit_target for T0011 not filled: short leg rel spread 0.67 > max 0.50
exit profit_target for T0011 not filled: short leg rel spread 2.00 > max 0.50
exit profit_target for T0011 not filled: short leg rel spread 0.67 > max 0.50
exit profit_target for T0011 not filled: short leg rel spread 2.00 > max 0.50
exit profit_target for T0011 not filled: short leg rel spread 0.67 > max 0.50
exit profit_target for T0011 not filled: short leg rel spread 2.00 > max 0.50
exit profit_target for T0011 not filled: short leg rel spread 2.00 > max 0.50
exit profit_target for T0011 not filled: short leg rel spread 2.00 > max 0.50
exit profit_target for T0011 not filled: short leg rel spread 2.00 > max 0.50
exit profit_target for T0011 not filled: short leg rel spread 2.00 > max 0.50
exit profit_target for T0011 not filled: short leg rel spread 2.00 > max 0.50
exit profit_target for T0011 not filled: short leg rel spread 2.00 > max 0.50
exit profit_target for T0011 not filled: short leg rel spread 2.00 > max 0.50
exit profit_target for T0023 not filled: long leg rel spread 0.67 > max 0.50
exit profit_target for T0023 not filled: long leg rel spread 0.67 > max 0.50
exit profit_target for T0023 not filled: long leg rel spread 0.67 > max 0.50
exit profit_target for T0023 not filled: long leg rel spread 2.00 > max 0.50
exit profit_target for T0023 not filled: long leg rel spread 2.00 > max 0.50
exit profit_target for T0023 not filled: long leg rel spread 2.00 > max 0.50
exit profit_target for T0083 not filled: short leg rel spread 0.51 > max 0.50
exit profit_target for T0084 not filled: short leg rel spread 1.16 > max 0.50
absorb_falling_vix25|d0.10_w2_dte30_pt50_sl2 -5.026570048309178
T0011 expires today with no quotes; closing at intrinsic
T0173 expires today with no quotes; closing at intrinsic
T0174 expires today with no quotes; closing at intrinsic
absorb_falling_vix25|d0.10_w2_dte45_hold 3.652053443653031
absorb_falling_vix25|d0.10_w2_dte45_pt50_sl2 -3.120145631067961
T0178 expires today with no quotes; closing at intrinsic
absorb_falling_vix25|d0.10_w5_dte21_hold 9.52801932367155
exit profit_target for T0011 not filled: long leg rel spread 1.20 > max 0.50
exit profit_target for T0011 not filled: long leg rel spread 0.67 > max 0.50
exit profit_target for T0011 not filled: short leg rel spread 0.67 > max 0.50
exit profit_target for T0011 not filled: short leg rel spread 0.67 > max 0.50
exit profit_target for T0011 not filled: long leg rel spread 0.67 > max 0.50
exit profit_target for T0011 not filled: long leg rel spread 0.67 > max 0.50
exit profit_target for T0011 not filled: short leg rel spread 0.67 > max 0.50
exit profit_target for T0011 not filled: short leg rel spread 2.00 > max 0.50
exit profit_target for T0011 not filled: short leg rel spread 2.00 > max 0.50
exit profit_target for T0011 not filled: short leg rel spread 2.00 > max 0.50
exit profit_target for T0011 not filled: short leg rel spread 2.00 > max 0.50
exit profit_target for T0011 not filled: short leg rel spread 2.00 > max 0.50
exit profit_target for T0011 not filled: short leg rel spread 2.00 > max 0.50
exit profit_target for T0017 not filled: long leg rel spread 0.67 > max 0.50
exit profit_target for T0017 not filled: long leg rel spread 0.67 > max 0.50
exit profit_target for T0017 not filled: long leg rel spread 0.67 > max 0.50
exit profit_target for T0017 not filled: long leg rel spread 0.67 > max 0.50
exit profit_target for T0017 not filled: long leg rel spread 2.00 > max 0.50
exit profit_target for T0017 not filled: short leg rel spread 0.67 > max 0.50
exit profit_target for T0017 not filled: short leg rel spread 2.00 > max 0.50
exit profit_target for T0017 not filled: short leg rel spread 2.00 > max 0.50
exit profit_target for T0017 not filled: short leg rel spread 2.00 > max 0.50
exit profit_target for T0017 not filled: short leg rel spread 2.00 > max 0.50
exit profit_target for T0017 not filled: short leg rel spread 2.00 > max 0.50
exit profit_target for T0023 not filled: long leg rel spread 0.67 > max 0.50
exit profit_target for T0023 not filled: long leg rel spread 2.00 > max 0.50
exit profit_target for T0023 not filled: long leg rel spread 2.00 > max 0.50
exit profit_target for T0024 not filled: long leg rel spread 0.67 > max 0.50
exit profit_target for T0025 not filled: long leg rel spread 0.67 > max 0.50
exit profit_target for T0023 not filled: short leg rel spread 0.67 > max 0.50
exit profit_target for T0023 not filled: short leg rel spread 2.00 > max 0.50
exit profit_target for T0024 not filled: long leg rel spread 2.00 > max 0.50
exit profit_target for T0024 not filled: long leg rel spread 2.00 > max 0.50
exit profit_target for T0024 not filled: long leg rel spread 2.00 > max 0.50
exit profit_target for T0024 not filled: long leg rel spread 2.00 > max 0.50
exit profit_target for T0024 not filled: short leg rel spread 0.67 > max 0.50
exit profit_target for T0024 not filled: short leg rel spread 0.67 > max 0.50
exit profit_target for T0028 not filled: long leg rel spread 0.67 > max 0.50
exit profit_target for T0028 not filled: long leg rel spread 0.67 > max 0.50
exit profit_target for T0028 not filled: long leg rel spread 2.00 > max 0.50
exit profit_target for T0028 not filled: long leg rel spread 0.67 > max 0.50
exit profit_target for T0028 not filled: short leg rel spread 0.67 > max 0.50
exit profit_target for T0028 not filled: short leg rel spread 0.67 > max 0.50
exit profit_target for T0028 not filled: short leg rel spread 2.00 > max 0.50
exit profit_target for T0028 not filled: short leg rel spread 2.00 > max 0.50
exit profit_target for T0028 not filled: short leg rel spread 2.00 > max 0.50
exit profit_target for T0028 not filled: short leg rel spread 2.00 > max 0.50
exit profit_target for T0028 not filled: short leg rel spread 2.00 > max 0.50
exit profit_target for T0030 not filled: long leg rel spread 0.67 > max 0.50
exit profit_target for T0030 not filled: long leg rel spread 0.67 > max 0.50
exit profit_target for T0030 not filled: long leg rel spread 0.67 > max 0.50
exit profit_target for T0030 not filled: long leg rel spread 0.67 > max 0.50
exit profit_target for T0030 not filled: long leg rel spread 2.00 > max 0.50
exit profit_target for T0037 not filled: long leg rel spread 0.67 > max 0.50
exit profit_target for T0037 not filled: long leg rel spread 0.67 > max 0.50
exit profit_target for T0037 not filled: short leg rel spread 2.00 > max 0.50
exit profit_target for T0037 not filled: short leg rel spread 2.00 > max 0.50
exit profit_target for T0037 not filled: short leg rel spread 2.00 > max 0.50
exit profit_target for T0037 not filled: short leg rel spread 2.00 > max 0.50
exit profit_target for T0083 not filled: short leg rel spread 1.14 > max 0.50
exit profit_target for T0084 not filled: short leg rel spread 0.57 > max 0.50
exit profit_target for T0163 not filled: long leg rel spread 0.67 > max 0.50
exit profit_target for T0163 not filled: short leg rel spread 0.67 > max 0.50
exit profit_target for T0163 not filled: short leg rel spread 2.00 > max 0.50
exit profit_target for T0163 not filled: short leg rel spread 2.00 > max 0.50
exit profit_target for T0163 not filled: short leg rel spread 2.00 > max 0.50
exit profit_target for T0172 not filled: long leg rel spread 1.00 > max 0.50
exit profit_target for T0172 not filled: long leg rel spread 0.67 > max 0.50
exit profit_target for T0172 not filled: long leg rel spread 0.67 > max 0.50
exit profit_target for T0172 not filled: long leg rel spread 0.67 > max 0.50
exit profit_target for T0172 not filled: short leg rel spread 0.67 > max 0.50
absorb_falling_vix25|d0.10_w5_dte21_pt50_sl2 -4.0603864734299515
T0032 expires today with no quotes; closing at intrinsic
T0176 expires today with no quotes; closing at intrinsic
absorb_falling_vix25|d0.10_w5_dte30_hold 9.011103427732566
exit profit_target for T0011 not filled: long leg rel spread 0.50 > max 0.50
exit profit_target for T0011 not filled: short leg rel spread 0.57 > max 0.50
exit profit_target for T0011 not filled: short leg rel spread 0.50 > max 0.50
exit profit_target for T0011 not filled: short leg rel spread 1.00 > max 0.50
exit profit_target for T0011 not filled: long leg rel spread 0.67 > max 0.50
exit profit_target for T0011 not filled: long leg rel spread 0.67 > max 0.50
exit profit_target for T0011 not filled: long leg rel spread 2.00 > max 0.50
exit profit_target for T0011 not filled: short leg rel spread 0.67 > max 0.50
exit profit_target for T0011 not filled: short leg rel spread 2.00 > max 0.50
exit profit_target for T0011 not filled: short leg rel spread 0.67 > max 0.50
exit profit_target for T0011 not filled: short leg rel spread 2.00 > max 0.50
exit profit_target for T0011 not filled: short leg rel spread 0.67 > max 0.50
exit profit_target for T0011 not filled: short leg rel spread 2.00 > max 0.50
exit profit_target for T0011 not filled: short leg rel spread 2.00 > max 0.50
exit profit_target for T0011 not filled: short leg rel spread 2.00 > max 0.50
exit profit_target for T0011 not filled: short leg rel spread 2.00 > max 0.50
exit profit_target for T0011 not filled: short leg rel spread 2.00 > max 0.50
exit profit_target for T0011 not filled: short leg rel spread 2.00 > max 0.50
exit profit_target for T0011 not filled: short leg rel spread 2.00 > max 0.50
exit profit_target for T0011 not filled: short leg rel spread 2.00 > max 0.50
exit profit_target for T0018 not filled: long leg rel spread 0.50 > max 0.50
exit profit_target for T0018 not filled: long leg rel spread 0.67 > max 0.50
exit profit_target for T0018 not filled: long leg rel spread 1.00 > max 0.50
exit profit_target for T0018 not filled: short leg rel spread 0.67 > max 0.50
exit profit_target for T0018 not filled: short leg rel spread 0.67 > max 0.50
exit profit_target for T0018 not filled: long leg rel spread 0.67 > max 0.50
exit profit_target for T0023 not filled: long leg rel spread 0.67 > max 0.50
exit profit_target for T0023 not filled: long leg rel spread 0.67 > max 0.50
exit profit_target for T0023 not filled: long leg rel spread 0.67 > max 0.50
exit profit_target for T0023 not filled: long leg rel spread 2.00 > max 0.50
exit profit_target for T0023 not filled: long leg rel spread 2.00 > max 0.50
exit profit_target for T0023 not filled: long leg rel spread 2.00 > max 0.50
exit profit_target for T0030 not filled: long leg rel spread 0.67 > max 0.50
exit profit_target for T0030 not filled: long leg rel spread 2.00 > max 0.50
exit profit_target for T0032 not filled: long leg rel spread 0.50 > max 0.50
exit profit_target for T0030 not filled: long leg rel spread 2.00 > max 0.50
exit profit_target for T0030 not filled: long leg rel spread 2.00 > max 0.50
exit profit_target for T0030 not filled: long leg rel spread 2.00 > max 0.50
exit profit_target for T0030 not filled: long leg rel spread 2.00 > max 0.50
exit profit_target for T0030 not filled: short leg rel spread 2.00 > max 0.50
exit profit_target for T0083 not filled: short leg rel spread 0.51 > max 0.50
exit profit_target for T0084 not filled: short leg rel spread 1.16 > max 0.50
exit profit_target for T0124 not filled: long leg rel spread 0.53 > max 0.50
absorb_falling_vix25|d0.10_w5_dte30_pt50_sl2 -4.719806763285024
T0011 expires today with no quotes; closing at intrinsic
T0173 expires today with no quotes; closing at intrinsic
T0174 expires today with no quotes; closing at intrinsic
absorb_falling_vix25|d0.10_w5_dte45_hold 5.4629757737501725
exit profit_target for T0037 not filled: long leg rel spread 0.50 > max 0.50
absorb_falling_vix25|d0.10_w5_dte45_pt50_sl2 -3.1966019417475735
T0178 expires today with no quotes; closing at intrinsic
absorb_falling_vix25|d0.10_w10_dte21_hold 16.39927536231891
exit profit_target for T0002 not filled: long leg rel spread 0.67 > max 0.50
exit profit_target for T0002 not filled: long leg rel spread 2.00 > max 0.50
exit profit_target for T0002 not filled: long leg rel spread 0.67 > max 0.50
exit profit_target for T0002 not filled: long leg rel spread 2.00 > max 0.50
exit profit_target for T0002 not filled: long leg rel spread 2.00 > max 0.50
exit profit_target for T0002 not filled: long leg rel spread 2.00 > max 0.50
exit profit_target for T0002 not filled: long leg rel spread 2.00 > max 0.50
exit profit_target for T0002 not filled: long leg rel spread 2.00 > max 0.50
exit profit_target for T0002 not filled: long leg rel spread 2.00 > max 0.50
exit profit_target for T0002 not filled: long leg rel spread 2.00 > max 0.50
exit profit_target for T0002 not filled: long leg rel spread 2.00 > max 0.50
exit profit_target for T0005 not filled: long leg rel spread 0.67 > max 0.50
exit profit_target for T0005 not filled: long leg rel spread 2.00 > max 0.50
exit profit_target for T0005 not filled: long leg rel spread 2.00 > max 0.50
exit profit_target for T0005 not filled: long leg rel spread 2.00 > max 0.50
exit profit_target for T0005 not filled: short leg rel spread 0.67 > max 0.50
exit profit_target for T0005 not filled: short leg rel spread 2.00 > max 0.50
exit profit_target for T0005 not filled: short leg rel spread 2.00 > max 0.50
exit profit_target for T0005 not filled: short leg rel spread 2.00 > max 0.50
exit profit_target for T0005 not filled: short leg rel spread 2.00 > max 0.50
exit profit_target for T0010 not filled: long leg rel spread 0.67 > max 0.50
exit profit_target for T0010 not filled: long leg rel spread 0.67 > max 0.50
exit profit_target for T0010 not filled: long leg rel spread 2.00 > max 0.50
exit profit_target for T0010 not filled: long leg rel spread 0.67 > max 0.50
exit profit_target for T0010 not filled: short leg rel spread 1.00 > max 0.50
exit profit_target for T0011 not filled: long leg rel spread 1.00 > max 0.50
exit profit_target for T0010 not filled: short leg rel spread 0.67 > max 0.50
exit profit_target for T0011 not filled: long leg rel spread 1.00 > max 0.50
exit profit_target for T0010 not filled: short leg rel spread 2.00 > max 0.50
exit profit_target for T0011 not filled: short leg rel spread 0.67 > max 0.50
exit profit_target for T0010 not filled: short leg rel spread 2.00 > max 0.50
exit profit_target for T0011 not filled: short leg rel spread 0.67 > max 0.50
exit profit_target for T0010 not filled: short leg rel spread 0.67 > max 0.50
exit profit_target for T0011 not filled: long leg rel spread 2.00 > max 0.50
exit stop_loss for T0012 not filled: long leg rel spread 0.50 > max 0.50
exit profit_target for T0010 not filled: short leg rel spread 2.00 > max 0.50
exit profit_target for T0011 not filled: long leg rel spread 2.00 > max 0.50
exit profit_target for T0010 not filled: short leg rel spread 2.00 > max 0.50
exit profit_target for T0011 not filled: short leg rel spread 0.67 > max 0.50
exit profit_target for T0010 not filled: short leg rel spread 2.00 > max 0.50
exit profit_target for T0011 not filled: short leg rel spread 2.00 > max 0.50
exit profit_target for T0011 not filled: short leg rel spread 2.00 > max 0.50
exit profit_target for T0011 not filled: short leg rel spread 2.00 > max 0.50
exit profit_target for T0011 not filled: short leg rel spread 2.00 > max 0.50
exit profit_target for T0011 not filled: short leg rel spread 2.00 > max 0.50
exit profit_target for T0011 not filled: short leg rel spread 2.00 > max 0.50
exit profit_target for T0014 not filled: long leg rel spread 2.00 > max 0.50
exit profit_target for T0014 not filled: long leg rel spread 2.00 > max 0.50
exit profit_target for T0014 not filled: long leg rel spread 2.00 > max 0.50
exit profit_target for T0014 not filled: long leg rel spread 2.00 > max 0.50
exit profit_target for T0014 not filled: long leg rel spread 2.00 > max 0.50
exit profit_target for T0014 not filled: short leg rel spread 0.67 > max 0.50
exit profit_target for T0014 not filled: short leg rel spread 0.67 > max 0.50
exit profit_target for T0014 not filled: short leg rel spread 0.67 > max 0.50
exit profit_target for T0014 not filled: short leg rel spread 0.67 > max 0.50
exit profit_target for T0014 not filled: long leg rel spread 2.00 > max 0.50
exit profit_target for T0014 not filled: short leg rel spread 2.00 > max 0.50
exit profit_target for T0014 not filled: short leg rel spread 2.00 > max 0.50
exit profit_target for T0015 not filled: long leg rel spread 0.67 > max 0.50
exit profit_target for T0015 not filled: long leg rel spread 2.00 > max 0.50
exit profit_target for T0015 not filled: long leg rel spread 2.00 > max 0.50
exit profit_target for T0015 not filled: short leg rel spread 0.67 > max 0.50
exit profit_target for T0017 not filled: long leg rel spread 2.00 > max 0.50
exit profit_target for T0015 not filled: short leg rel spread 2.00 > max 0.50
exit profit_target for T0017 not filled: long leg rel spread 2.00 > max 0.50
exit profit_target for T0017 not filled: long leg rel spread 2.00 > max 0.50
exit profit_target for T0018 not filled: long leg rel spread 0.67 > max 0.50
exit profit_target for T0017 not filled: long leg rel spread 2.00 > max 0.50
exit profit_target for T0018 not filled: long leg rel spread 0.67 > max 0.50
exit profit_target for T0017 not filled: long leg rel spread 2.00 > max 0.50
exit profit_target for T0018 not filled: long leg rel spread 0.67 > max 0.50
exit profit_target for T0017 not filled: short leg rel spread 0.67 > max 0.50
exit profit_target for T0018 not filled: long leg rel spread 2.00 > max 0.50
exit profit_target for T0017 not filled: short leg rel spread 2.00 > max 0.50
exit profit_target for T0018 not filled: short leg rel spread 2.00 > max 0.50
exit profit_target for T0017 not filled: short leg rel spread 2.00 > max 0.50
exit profit_target for T0018 not filled: short leg rel spread 0.67 > max 0.50
exit profit_target for T0017 not filled: short leg rel spread 2.00 > max 0.50
exit profit_target for T0018 not filled: short leg rel spread 0.67 > max 0.50
exit profit_target for T0017 not filled: short leg rel spread 2.00 > max 0.50
exit profit_target for T0018 not filled: long leg rel spread 2.00 > max 0.50
exit profit_target for T0017 not filled: short leg rel spread 2.00 > max 0.50
exit profit_target for T0018 not filled: short leg rel spread 0.67 > max 0.50
exit profit_target for T0018 not filled: short leg rel spread 2.00 > max 0.50
exit profit_target for T0018 not filled: short leg rel spread 2.00 > max 0.50
exit profit_target for T0018 not filled: short leg rel spread 2.00 > max 0.50
exit profit_target for T0018 not filled: short leg rel spread 2.00 > max 0.50
exit profit_target for T0018 not filled: short leg rel spread 2.00 > max 0.50
exit profit_target for T0023 not filled: long leg rel spread 0.67 > max 0.50
exit profit_target for T0023 not filled: long leg rel spread 2.00 > max 0.50
exit profit_target for T0023 not filled: long leg rel spread 2.00 > max 0.50
exit profit_target for T0024 not filled: long leg rel spread 2.00 > max 0.50
exit profit_target for T0025 not filled: long leg rel spread 0.67 > max 0.50
exit profit_target for T0023 not filled: short leg rel spread 0.67 > max 0.50
exit profit_target for T0025 not filled: long leg rel spread 0.67 > max 0.50
exit profit_target for T0023 not filled: short leg rel spread 2.00 > max 0.50
exit profit_target for T0024 not filled: long leg rel spread 2.00 > max 0.50
exit profit_target for T0025 not filled: long leg rel spread 2.00 > max 0.50
exit profit_target for T0024 not filled: long leg rel spread 2.00 > max 0.50
exit profit_target for T0025 not filled: long leg rel spread 2.00 > max 0.50
exit profit_target for T0024 not filled: long leg rel spread 2.00 > max 0.50
exit profit_target for T0025 not filled: long leg rel spread 2.00 > max 0.50
exit profit_target for T0024 not filled: long leg rel spread 2.00 > max 0.50
exit profit_target for T0025 not filled: long leg rel spread 2.00 > max 0.50
exit profit_target for T0024 not filled: short leg rel spread 0.67 > max 0.50
exit profit_target for T0025 not filled: long leg rel spread 2.00 > max 0.50
exit profit_target for T0024 not filled: short leg rel spread 0.67 > max 0.50
exit profit_target for T0025 not filled: long leg rel spread 2.00 > max 0.50
exit profit_target for T0025 not filled: long leg rel spread 2.00 > max 0.50
exit profit_target for T0025 not filled: long leg rel spread 2.00 > max 0.50
exit profit_target for T0025 not filled: short leg rel spread 2.00 > max 0.50
exit profit_target for T0025 not filled: short leg rel spread 2.00 > max 0.50
exit profit_target for T0025 not filled: short leg rel spread 2.00 > max 0.50
exit profit_target for T0028 not filled: long leg rel spread 2.00 > max 0.50
exit profit_target for T0028 not filled: long leg rel spread 2.00 > max 0.50
exit profit_target for T0028 not filled: long leg rel spread 2.00 > max 0.50
exit profit_target for T0029 not filled: long leg rel spread 0.67 > max 0.50
exit profit_target for T0028 not filled: long leg rel spread 2.00 > max 0.50
exit profit_target for T0029 not filled: long leg rel spread 0.67 > max 0.50
exit profit_target for T0028 not filled: short leg rel spread 0.67 > max 0.50
exit profit_target for T0029 not filled: long leg rel spread 2.00 > max 0.50
exit profit_target for T0028 not filled: short leg rel spread 0.67 > max 0.50
exit profit_target for T0029 not filled: long leg rel spread 2.00 > max 0.50
exit profit_target for T0028 not filled: short leg rel spread 2.00 > max 0.50
exit profit_target for T0029 not filled: long leg rel spread 2.00 > max 0.50
exit profit_target for T0028 not filled: short leg rel spread 2.00 > max 0.50
exit profit_target for T0029 not filled: long leg rel spread 2.00 > max 0.50
exit profit_target for T0028 not filled: short leg rel spread 2.00 > max 0.50
exit profit_target for T0029 not filled: long leg rel spread 2.00 > max 0.50
exit profit_target for T0028 not filled: short leg rel spread 2.00 > max 0.50
exit profit_target for T0029 not filled: long leg rel spread 2.00 > max 0.50
exit profit_target for T0028 not filled: short leg rel spread 2.00 > max 0.50
exit profit_target for T0029 not filled: short leg rel spread 0.67 > max 0.50
exit profit_target for T0029 not filled: long leg rel spread 2.00 > max 0.50
exit profit_target for T0029 not filled: short leg rel spread 0.67 > max 0.50
exit profit_target for T0029 not filled: short leg rel spread 0.67 > max 0.50
exit profit_target for T0029 not filled: short leg rel spread 2.00 > max 0.50
exit profit_target for T0030 not filled: long leg rel spread 2.00 > max 0.50
exit profit_target for T0031 not filled: long leg rel spread 2.00 > max 0.50
exit profit_target for T0030 not filled: long leg rel spread 2.00 > max 0.50
exit profit_target for T0031 not filled: long leg rel spread 0.67 > max 0.50
exit profit_target for T0030 not filled: long leg rel spread 2.00 > max 0.50
exit profit_target for T0031 not filled: long leg rel spread 0.67 > max 0.50
exit profit_target for T0030 not filled: long leg rel spread 2.00 > max 0.50
exit profit_target for T0030 not filled: long leg rel spread 2.00 > max 0.50
exit profit_target for T0031 not filled: long leg rel spread 2.00 > max 0.50
exit profit_target for T0031 not filled: short leg rel spread 2.00 > max 0.50
exit profit_target for T0031 not filled: short leg rel spread 2.00 > max 0.50
exit profit_target for T0031 not filled: short leg rel spread 2.00 > max 0.50
exit profit_target for T0031 not filled: short leg rel spread 2.00 > max 0.50
exit profit_target for T0035 not filled: long leg rel spread 2.00 > max 0.50
exit profit_target for T0035 not filled: long leg rel spread 2.00 > max 0.50
exit profit_target for T0035 not filled: short leg rel spread 0.67 > max 0.50
exit profit_target for T0037 not filled: long leg rel spread 2.00 > max 0.50
exit profit_target for T0038 not filled: long leg rel spread 0.67 > max 0.50
exit profit_target for T0037 not filled: long leg rel spread 2.00 > max 0.50
exit profit_target for T0038 not filled: long leg rel spread 2.00 > max 0.50
exit profit_target for T0037 not filled: short leg rel spread 2.00 > max 0.50
exit profit_target for T0038 not filled: long leg rel spread 2.00 > max 0.50
exit profit_target for T0039 not filled: long leg rel spread 0.67 > max 0.50
exit profit_target for T0037 not filled: short leg rel spread 2.00 > max 0.50
exit profit_target for T0038 not filled: long leg rel spread 0.67 > max 0.50
exit profit_target for T0037 not filled: short leg rel spread 2.00 > max 0.50
exit profit_target for T0038 not filled: short leg rel spread 0.67 > max 0.50
exit profit_target for T0037 not filled: short leg rel spread 2.00 > max 0.50
exit profit_target for T0038 not filled: short leg rel spread 1.00 > max 0.50
exit profit_target for T0038 not filled: short leg rel spread 0.67 > max 0.50
exit profit_target for T0038 not filled: short leg rel spread 2.00 > max 0.50
exit profit_target for T0038 not filled: short leg rel spread 2.00 > max 0.50
exit profit_target for T0038 not filled: short leg rel spread 2.00 > max 0.50
exit profit_target for T0038 not filled: short leg rel spread 2.00 > max 0.50
exit profit_target for T0041 not filled: long leg rel spread 2.00 > max 0.50
exit profit_target for T0042 not filled: long leg rel spread 0.67 > max 0.50
exit profit_target for T0041 not filled: long leg rel spread 2.00 > max 0.50
exit profit_target for T0042 not filled: long leg rel spread 0.67 > max 0.50
exit profit_target for T0041 not filled: long leg rel spread 2.00 > max 0.50
exit profit_target for T0042 not filled: long leg rel spread 0.67 > max 0.50
exit profit_target for T0042 not filled: long leg rel spread 0.67 > max 0.50
exit profit_target for T0064 not filled: long leg rel spread 0.67 > max 0.50
exit profit_target for T0064 not filled: long leg rel spread 0.67 > max 0.50
exit profit_target for T0064 not filled: long leg rel spread 2.00 > max 0.50
exit profit_target for T0064 not filled: short leg rel spread 0.67 > max 0.50
exit profit_target for T0064 not filled: short leg rel spread 0.67 > max 0.50
exit profit_target for T0064 not filled: short leg rel spread 0.67 > max 0.50
exit profit_target for T0064 not filled: long leg rel spread 2.00 > max 0.50
exit profit_target for T0073 not filled: long leg rel spread 0.67 > max 0.50
exit profit_target for T0073 not filled: long leg rel spread 2.00 > max 0.50
exit profit_target for T0073 not filled: long leg rel spread 2.00 > max 0.50
exit profit_target for T0073 not filled: long leg rel spread 2.00 > max 0.50
exit profit_target for T0073 not filled: long leg rel spread 2.00 > max 0.50
exit profit_target for T0073 not filled: long leg rel spread 2.00 > max 0.50
exit profit_target for T0075 not filled: long leg rel spread 0.67 > max 0.50
exit profit_target for T0075 not filled: long leg rel spread 2.00 > max 0.50
exit profit_target for T0076 not filled: long leg rel spread 0.67 > max 0.50
exit profit_target for T0075 not filled: long leg rel spread 2.00 > max 0.50
exit profit_target for T0076 not filled: long leg rel spread 0.67 > max 0.50
exit profit_target for T0075 not filled: short leg rel spread 0.67 > max 0.50
exit profit_target for T0076 not filled: long leg rel spread 0.67 > max 0.50
exit profit_target for T0076 not filled: long leg rel spread 0.67 > max 0.50
exit profit_target for T0076 not filled: long leg rel spread 2.00 > max 0.50
exit profit_target for T0076 not filled: long leg rel spread 2.00 > max 0.50
exit profit_target for T0076 not filled: long leg rel spread 2.00 > max 0.50
exit profit_target for T0076 not filled: long leg rel spread 2.00 > max 0.50
exit profit_target for T0078 not filled: long leg rel spread 0.67 > max 0.50
exit profit_target for T0078 not filled: long leg rel spread 2.00 > max 0.50
exit profit_target for T0078 not filled: long leg rel spread 2.00 > max 0.50
exit profit_target for T0078 not filled: short leg rel spread 0.67 > max 0.50
exit profit_target for T0083 not filled: short leg rel spread 1.14 > max 0.50
exit profit_target for T0084 not filled: short leg rel spread 0.57 > max 0.50
exit profit_target for T0083 not filled: long leg rel spread 0.67 > max 0.50
exit profit_target for T0083 not filled: long leg rel spread 0.67 > max 0.50
exit profit_target for T0083 not filled: long leg rel spread 0.67 > max 0.50
exit profit_target for T0083 not filled: short leg rel spread 0.67 > max 0.50
exit profit_target for T0083 not filled: short leg rel spread 2.00 > max 0.50
exit profit_target for T0118 not filled: long leg rel spread 0.67 > max 0.50
exit profit_target for T0118 not filled: long leg rel spread 0.67 > max 0.50
exit profit_target for T0118 not filled: short leg rel spread 0.67 > max 0.50
exit profit_target for T0118 not filled: short leg rel spread 2.00 > max 0.50
exit profit_target for T0118 not filled: short leg rel spread 2.00 > max 0.50
exit profit_target for T0118 not filled: short leg rel spread 2.00 > max 0.50
exit profit_target for T0118 not filled: short leg rel spread 2.00 > max 0.50
exit profit_target for T0158 not filled: long leg rel spread 0.67 > max 0.50
exit profit_target for T0158 not filled: long leg rel spread 0.67 > max 0.50
exit profit_target for T0158 not filled: long leg rel spread 0.67 > max 0.50
exit profit_target for T0158 not filled: short leg rel spread 0.67 > max 0.50
exit profit_target for T0163 not filled: long leg rel spread 0.67 > max 0.50
exit profit_target for T0163 not filled: long leg rel spread 0.67 > max 0.50
exit profit_target for T0163 not filled: short leg rel spread 0.67 > max 0.50
exit profit_target for T0163 not filled: short leg rel spread 2.00 > max 0.50
exit profit_target for T0163 not filled: short leg rel spread 2.00 > max 0.50
exit profit_target for T0163 not filled: short leg rel spread 2.00 > max 0.50
exit profit_target for T0172 not filled: long leg rel spread 0.67 > max 0.50
exit profit_target for T0172 not filled: long leg rel spread 2.00 > max 0.50
exit profit_target for T0172 not filled: long leg rel spread 0.67 > max 0.50
exit profit_target for T0172 not filled: long leg rel spread 0.67 > max 0.50
exit profit_target for T0172 not filled: short leg rel spread 0.67 > max 0.50
absorb_falling_vix25|d0.10_w10_dte21_pt50_sl2 -3.683574879227053
T0032 expires today with no quotes; closing at intrinsic
T0176 expires today with no quotes; closing at intrinsic
absorb_falling_vix25|d0.10_w10_dte30_hold 17.31424352435092
exit profit_target for T0002 not filled: long leg rel spread 0.67 > max 0.50
exit profit_target for T0002 not filled: long leg rel spread 2.00 > max 0.50
exit profit_target for T0002 not filled: long leg rel spread 2.00 > max 0.50
exit profit_target for T0002 not filled: long leg rel spread 2.00 > max 0.50
exit profit_target for T0002 not filled: long leg rel spread 2.00 > max 0.50
exit profit_target for T0002 not filled: long leg rel spread 0.67 > max 0.50
exit profit_target for T0002 not filled: long leg rel spread 2.00 > max 0.50
exit profit_target for T0002 not filled: short leg rel spread 2.00 > max 0.50
exit profit_target for T0006 not filled: long leg rel spread 0.50 > max 0.50
exit profit_target for T0011 not filled: long leg rel spread 0.50 > max 0.50
exit profit_target for T0011 not filled: short leg rel spread 0.57 > max 0.50
exit profit_target for T0011 not filled: short leg rel spread 0.50 > max 0.50
exit profit_target for T0011 not filled: short leg rel spread 1.00 > max 0.50
exit profit_target for T0011 not filled: long leg rel spread 0.67 > max 0.50
exit profit_target for T0011 not filled: long leg rel spread 0.67 > max 0.50
exit profit_target for T0011 not filled: long leg rel spread 2.00 > max 0.50
exit profit_target for T0011 not filled: short leg rel spread 0.67 > max 0.50
exit profit_target for T0011 not filled: short leg rel spread 2.00 > max 0.50
exit profit_target for T0011 not filled: short leg rel spread 0.67 > max 0.50
exit profit_target for T0011 not filled: short leg rel spread 2.00 > max 0.50
exit profit_target for T0011 not filled: short leg rel spread 0.67 > max 0.50
exit profit_target for T0011 not filled: short leg rel spread 2.00 > max 0.50
exit profit_target for T0011 not filled: short leg rel spread 2.00 > max 0.50
exit profit_target for T0011 not filled: short leg rel spread 2.00 > max 0.50
exit profit_target for T0011 not filled: short leg rel spread 2.00 > max 0.50
exit profit_target for T0011 not filled: short leg rel spread 2.00 > max 0.50
exit profit_target for T0011 not filled: short leg rel spread 2.00 > max 0.50
exit profit_target for T0011 not filled: short leg rel spread 2.00 > max 0.50
exit profit_target for T0011 not filled: short leg rel spread 2.00 > max 0.50
exit profit_target for T0015 not filled: long leg rel spread 2.00 > max 0.50
exit profit_target for T0017 not filled: long leg rel spread 0.67 > max 0.50
exit profit_target for T0017 not filled: long leg rel spread 0.67 > max 0.50
exit profit_target for T0015 not filled: long leg rel spread 2.00 > max 0.50
exit profit_target for T0017 not filled: long leg rel spread 2.00 > max 0.50
exit profit_target for T0015 not filled: long leg rel spread 2.00 > max 0.50
exit profit_target for T0017 not filled: long leg rel spread 0.67 > max 0.50
exit profit_target for T0015 not filled: long leg rel spread 2.00 > max 0.50
exit profit_target for T0017 not filled: long leg rel spread 2.00 > max 0.50
exit profit_target for T0015 not filled: short leg rel spread 0.67 > max 0.50
exit profit_target for T0017 not filled: long leg rel spread 2.00 > max 0.50
exit profit_target for T0015 not filled: short leg rel spread 2.00 > max 0.50
exit profit_target for T0017 not filled: short leg rel spread 2.00 > max 0.50
exit profit_target for T0015 not filled: short leg rel spread 2.00 > max 0.50
exit profit_target for T0017 not filled: short leg rel spread 2.00 > max 0.50
exit profit_target for T0017 not filled: short leg rel spread 0.67 > max 0.50
exit profit_target for T0017 not filled: short leg rel spread 0.67 > max 0.50
exit profit_target for T0017 not filled: short leg rel spread 0.67 > max 0.50
exit profit_target for T0017 not filled: short leg rel spread 2.00 > max 0.50
exit profit_target for T0017 not filled: short leg rel spread 2.00 > max 0.50
exit profit_target for T0017 not filled: short leg rel spread 2.00 > max 0.50
exit profit_target for T0017 not filled: short leg rel spread 2.00 > max 0.50
exit profit_target for T0017 not filled: short leg rel spread 2.00 > max 0.50
exit profit_target for T0017 not filled: short leg rel spread 2.00 > max 0.50
exit profit_target for T0023 not filled: long leg rel spread 2.00 > max 0.50
exit profit_target for T0025 not filled: long leg rel spread 0.67 > max 0.50
exit profit_target for T0023 not filled: long leg rel spread 2.00 > max 0.50
exit profit_target for T0024 not filled: long leg rel spread 2.00 > max 0.50
exit profit_target for T0023 not filled: long leg rel spread 2.00 > max 0.50
exit profit_target for T0024 not filled: long leg rel spread 2.00 > max 0.50
exit profit_target for T0023 not filled: long leg rel spread 2.00 > max 0.50
exit profit_target for T0024 not filled: long leg rel spread 2.00 > max 0.50
exit profit_target for T0023 not filled: long leg rel spread 2.00 > max 0.50
exit profit_target for T0024 not filled: long leg rel spread 2.00 > max 0.50
exit profit_target for T0023 not filled: long leg rel spread 2.00 > max 0.50
exit profit_target for T0024 not filled: long leg rel spread 2.00 > max 0.50
exit profit_target for T0023 not filled: long leg rel spread 2.00 > max 0.50
exit profit_target for T0024 not filled: long leg rel spread 2.00 > max 0.50
exit profit_target for T0024 not filled: long leg rel spread 2.00 > max 0.50
exit profit_target for T0024 not filled: short leg rel spread 0.67 > max 0.50
exit profit_target for T0024 not filled: short leg rel spread 2.00 > max 0.50
exit profit_target for T0024 not filled: short leg rel spread 2.00 > max 0.50
exit profit_target for T0024 not filled: short leg rel spread 2.00 > max 0.50
exit profit_target for T0028 not filled: long leg rel spread 0.67 > max 0.50
exit profit_target for T0028 not filled: long leg rel spread 0.67 > max 0.50
exit profit_target for T0028 not filled: long leg rel spread 2.00 > max 0.50
exit profit_target for T0029 not filled: long leg rel spread 0.67 > max 0.50
exit profit_target for T0028 not filled: long leg rel spread 0.67 > max 0.50
exit profit_target for T0029 not filled: long leg rel spread 0.67 > max 0.50
exit profit_target for T0028 not filled: long leg rel spread 2.00 > max 0.50
exit profit_target for T0029 not filled: long leg rel spread 0.67 > max 0.50
exit profit_target for T0028 not filled: long leg rel spread 2.00 > max 0.50
exit profit_target for T0029 not filled: long leg rel spread 0.67 > max 0.50
exit profit_target for T0028 not filled: long leg rel spread 2.00 > max 0.50
exit profit_target for T0029 not filled: long leg rel spread 2.00 > max 0.50
exit profit_target for T0028 not filled: short leg rel spread 0.67 > max 0.50
exit profit_target for T0029 not filled: long leg rel spread 2.00 > max 0.50
exit profit_target for T0028 not filled: short leg rel spread 0.67 > max 0.50
exit profit_target for T0029 not filled: long leg rel spread 2.00 > max 0.50
exit profit_target for T0028 not filled: short leg rel spread 0.67 > max 0.50
exit profit_target for T0029 not filled: long leg rel spread 2.00 > max 0.50
exit profit_target for T0028 not filled: long leg rel spread 2.00 > max 0.50
exit profit_target for T0028 not filled: short leg rel spread 0.67 > max 0.50
exit profit_target for T0029 not filled: long leg rel spread 2.00 > max 0.50
exit profit_target for T0028 not filled: long leg rel spread 2.00 > max 0.50
exit profit_target for T0029 not filled: long leg rel spread 0.67 > max 0.50
exit profit_target for T0028 not filled: short leg rel spread 2.00 > max 0.50
exit profit_target for T0029 not filled: long leg rel spread 2.00 > max 0.50
exit profit_target for T0028 not filled: short leg rel spread 2.00 > max 0.50
exit profit_target for T0029 not filled: long leg rel spread 2.00 > max 0.50
exit profit_target for T0028 not filled: short leg rel spread 2.00 > max 0.50
exit profit_target for T0029 not filled: long leg rel spread 2.00 > max 0.50
exit profit_target for T0028 not filled: short leg rel spread 2.00 > max 0.50
exit profit_target for T0029 not filled: long leg rel spread 2.00 > max 0.50
exit profit_target for T0028 not filled: short leg rel spread 2.00 > max 0.50
exit profit_target for T0029 not filled: long leg rel spread 2.00 > max 0.50
exit profit_target for T0029 not filled: short leg rel spread 2.00 > max 0.50
exit profit_target for T0029 not filled: short leg rel spread 2.00 > max 0.50
exit profit_target for T0029 not filled: short leg rel spread 2.00 > max 0.50
exit profit_target for T0029 not filled: short leg rel spread 2.00 > max 0.50
exit profit_target for T0029 not filled: short leg rel spread 2.00 > max 0.50
exit profit_target for T0030 not filled: long leg rel spread 2.00 > max 0.50
exit profit_target for T0030 not filled: long leg rel spread 2.00 > max 0.50
exit profit_target for T0030 not filled: long leg rel spread 2.00 > max 0.50
exit profit_target for T0030 not filled: long leg rel spread 2.00 > max 0.50
exit profit_target for T0030 not filled: long leg rel spread 2.00 > max 0.50
exit profit_target for T0030 not filled: long leg rel spread 2.00 > max 0.50
exit profit_target for T0030 not filled: short leg rel spread 2.00 > max 0.50
exit profit_target for T0037 not filled: long leg rel spread 0.67 > max 0.50
exit profit_target for T0038 not filled: long leg rel spread 0.67 > max 0.50
exit profit_target for T0037 not filled: long leg rel spread 2.00 > max 0.50
exit profit_target for T0038 not filled: long leg rel spread 2.00 > max 0.50
exit profit_target for T0037 not filled: short leg rel spread 0.67 > max 0.50
exit profit_target for T0038 not filled: long leg rel spread 2.00 > max 0.50
exit profit_target for T0039 not filled: long leg rel spread 0.86 > max 0.50
exit profit_target for T0037 not filled: long leg rel spread 0.67 > max 0.50
exit profit_target for T0038 not filled: long leg rel spread 0.67 > max 0.50
exit profit_target for T0039 not filled: long leg rel spread 0.50 > max 0.50
exit profit_target for T0037 not filled: long leg rel spread 0.67 > max 0.50
exit profit_target for T0038 not filled: short leg rel spread 0.67 > max 0.50
exit profit_target for T0039 not filled: long leg rel spread 0.67 > max 0.50
exit profit_target for T0037 not filled: long leg rel spread 2.00 > max 0.50
exit profit_target for T0038 not filled: short leg rel spread 1.20 > max 0.50
exit profit_target for T0039 not filled: short leg rel spread 0.57 > max 0.50
exit profit_target for T0037 not filled: long leg rel spread 2.00 > max 0.50
exit profit_target for T0038 not filled: long leg rel spread 2.00 > max 0.50
exit profit_target for T0039 not filled: long leg rel spread 0.86 > max 0.50
exit profit_target for T0037 not filled: short leg rel spread 0.67 > max 0.50
exit profit_target for T0038 not filled: short leg rel spread 1.00 > max 0.50
exit profit_target for T0039 not filled: long leg rel spread 0.67 > max 0.50
exit profit_target for T0037 not filled: short leg rel spread 0.67 > max 0.50
exit profit_target for T0038 not filled: short leg rel spread 1.00 > max 0.50
exit profit_target for T0039 not filled: long leg rel spread 0.50 > max 0.50
exit profit_target for T0037 not filled: short leg rel spread 2.00 > max 0.50
exit profit_target for T0038 not filled: short leg rel spread 0.67 > max 0.50
exit profit_target for T0037 not filled: short leg rel spread 2.00 > max 0.50
exit profit_target for T0038 not filled: short leg rel spread 2.00 > max 0.50
exit profit_target for T0037 not filled: short leg rel spread 2.00 > max 0.50
exit profit_target for T0038 not filled: short leg rel spread 0.67 > max 0.50
exit profit_target for T0037 not filled: short leg rel spread 2.00 > max 0.50
exit profit_target for T0038 not filled: short leg rel spread 2.00 > max 0.50
exit profit_target for T0038 not filled: short leg rel spread 2.00 > max 0.50
exit profit_target for T0038 not filled: short leg rel spread 2.00 > max 0.50
exit profit_target for T0038 not filled: short leg rel spread 2.00 > max 0.50
exit profit_target for T0038 not filled: short leg rel spread 2.00 > max 0.50
exit profit_target for T0038 not filled: short leg rel spread 2.00 > max 0.50
exit profit_target for T0064 not filled: long leg rel spread 0.67 > max 0.50
exit profit_target for T0083 not filled: short leg rel spread 0.51 > max 0.50
exit profit_target for T0084 not filled: short leg rel spread 1.16 > max 0.50
absorb_falling_vix25|d0.10_w10_dte30_pt50_sl2 -5.352657004830918
T0011 expires today with no quotes; closing at intrinsic
T0173 expires today with no quotes; closing at intrinsic
T0174 expires today with no quotes; closing at intrinsic
absorb_falling_vix25|d0.10_w10_dte45_hold 17.46710198734241
exit profit_target for T0009 not filled: long leg rel spread 1.00 > max 0.50
exit profit_target for T0009 not filled: long leg rel spread 1.00 > max 0.50
exit profit_target for T0009 not filled: long leg rel spread 0.67 > max 0.50
exit profit_target for T0009 not filled: long leg rel spread 0.67 > max 0.50
exit profit_target for T0009 not filled: short leg rel spread 0.67 > max 0.50
exit profit_target for T0011 not filled: long leg rel spread 0.55 > max 0.50
exit profit_target for T0009 not filled: short leg rel spread 0.67 > max 0.50
exit profit_target for T0011 not filled: long leg rel spread 0.67 > max 0.50
exit profit_target for T0009 not filled: short leg rel spread 1.00 > max 0.50
exit profit_target for T0011 not filled: long leg rel spread 1.20 > max 0.50
exit profit_target for T0009 not filled: short leg rel spread 2.00 > max 0.50
exit profit_target for T0011 not filled: long leg rel spread 0.67 > max 0.50
exit profit_target for T0009 not filled: short leg rel spread 0.67 > max 0.50
exit profit_target for T0011 not filled: long leg rel spread 0.67 > max 0.50
exit profit_target for T0009 not filled: short leg rel spread 0.67 > max 0.50
exit profit_target for T0011 not filled: long leg rel spread 1.00 > max 0.50
exit profit_target for T0009 not filled: short leg rel spread 0.67 > max 0.50
exit profit_target for T0011 not filled: long leg rel spread 2.00 > max 0.50
exit profit_target for T0009 not filled: short leg rel spread 2.00 > max 0.50
exit profit_target for T0011 not filled: long leg rel spread 2.00 > max 0.50
exit profit_target for T0009 not filled: short leg rel spread 2.00 > max 0.50
exit profit_target for T0011 not filled: long leg rel spread 0.67 > max 0.50
exit profit_target for T0009 not filled: short leg rel spread 2.00 > max 0.50
exit profit_target for T0011 not filled: long leg rel spread 1.00 > max 0.50
exit profit_target for T0009 not filled: short leg rel spread 2.00 > max 0.50
exit profit_target for T0011 not filled: short leg rel spread 0.50 > max 0.50
exit profit_target for T0009 not filled: short leg rel spread 2.00 > max 0.50
exit profit_target for T0009 not filled: short leg rel spread 2.00 > max 0.50
exit profit_target for T0009 not filled: short leg rel spread 2.00 > max 0.50
exit profit_target for T0009 not filled: short leg rel spread 2.00 > max 0.50
exit profit_target for T0009 not filled: short leg rel spread 2.00 > max 0.50
exit profit_target for T0009 not filled: short leg rel spread 2.00 > max 0.50
exit profit_target for T0015 not filled: long leg rel spread 0.67 > max 0.50
exit profit_target for T0015 not filled: long leg rel spread 0.67 > max 0.50
exit profit_target for T0015 not filled: long leg rel spread 2.00 > max 0.50
exit profit_target for T0015 not filled: short leg rel spread 0.67 > max 0.50
exit profit_target for T0015 not filled: short leg rel spread 0.67 > max 0.50
exit profit_target for T0015 not filled: long leg rel spread 2.00 > max 0.50
exit profit_target for T0015 not filled: long leg rel spread 0.67 > max 0.50
exit profit_target for T0015 not filled: short leg rel spread 0.67 > max 0.50
exit profit_target for T0015 not filled: short leg rel spread 0.67 > max 0.50
exit profit_target for T0015 not filled: short leg rel spread 2.00 > max 0.50
exit profit_target for T0015 not filled: short leg rel spread 2.00 > max 0.50
exit profit_target for T0015 not filled: short leg rel spread 2.00 > max 0.50
exit profit_target for T0015 not filled: short leg rel spread 2.00 > max 0.50
exit profit_target for T0015 not filled: short leg rel spread 2.00 > max 0.50
exit profit_target for T0015 not filled: short leg rel spread 2.00 > max 0.50
exit profit_target for T0015 not filled: short leg rel spread 2.00 > max 0.50
exit profit_target for T0023 not filled: long leg rel spread 0.67 > max 0.50
exit profit_target for T0023 not filled: long leg rel spread 0.67 > max 0.50
exit profit_target for T0023 not filled: long leg rel spread 0.67 > max 0.50
exit profit_target for T0023 not filled: long leg rel spread 0.67 > max 0.50
exit profit_target for T0023 not filled: long leg rel spread 2.00 > max 0.50
exit profit_target for T0023 not filled: short leg rel spread 0.67 > max 0.50
exit profit_target for T0023 not filled: short leg rel spread 0.67 > max 0.50
exit profit_target for T0023 not filled: short leg rel spread 0.67 > max 0.50
exit profit_target for T0023 not filled: short leg rel spread 0.67 > max 0.50
exit profit_target for T0023 not filled: short leg rel spread 0.67 > max 0.50
exit profit_target for T0023 not filled: short leg rel spread 2.00 > max 0.50
exit profit_target for T0023 not filled: short leg rel spread 2.00 > max 0.50
exit profit_target for T0023 not filled: short leg rel spread 2.00 > max 0.50
exit profit_target for T0023 not filled: short leg rel spread 2.00 > max 0.50
exit profit_target for T0084 not filled: long leg rel spread 1.09 > max 0.50
absorb_falling_vix25|d0.10_w10_dte45_pt50_sl2 -1.4199029126213596
T0178 expires today with no quotes; closing at intrinsic
absorb_falling_vix25|d0.15_w2_dte21_hold 4.6405382179499695
exit profit_target for T0015 not filled: long leg rel spread 0.67 > max 0.50
exit profit_target for T0015 not filled: long leg rel spread 2.00 > max 0.50
exit profit_target for T0083 not filled: short leg rel spread 0.73 > max 0.50
exit profit_target for T0084 not filled: short leg rel spread 0.55 > max 0.50
absorb_falling_vix25|d0.15_w2_dte21_pt50_sl2 -3.78743961352657
T0032 expires today with no quotes; closing at intrinsic
T0176 expires today with no quotes; closing at intrinsic
absorb_falling_vix25|d0.15_w2_dte30_hold 7.27632850241548
exit profit_target for T0023 not filled: long leg rel spread 0.67 > max 0.50
exit profit_target for T0023 not filled: long leg rel spread 0.67 > max 0.50
exit profit_target for T0023 not filled: long leg rel spread 0.67 > max 0.50
exit profit_target for T0023 not filled: long leg rel spread 2.00 > max 0.50
exit profit_target for T0023 not filled: long leg rel spread 2.00 > max 0.50
exit profit_target for T0023 not filled: long leg rel spread 2.00 > max 0.50
exit profit_target for T0084 not filled: short leg rel spread 0.63 > max 0.50
absorb_falling_vix25|d0.15_w2_dte30_pt50_sl2 -3.4106280193236715
T0011 expires today with no quotes; closing at intrinsic
T0173 expires today with no quotes; closing at intrinsic
T0174 expires today with no quotes; closing at intrinsic
absorb_falling_vix25|d0.15_w2_dte45_hold 2.1773747402732897
absorb_falling_vix25|d0.15_w2_dte45_pt50_sl2 -2.879854368932039
T0178 expires today with no quotes; closing at intrinsic
absorb_falling_vix25|d0.15_w5_dte21_hold 9.498026140655284
exit profit_target for T0011 not filled: long leg rel spread 0.67 > max 0.50
exit profit_target for T0011 not filled: long leg rel spread 0.50 > max 0.50
exit profit_target for T0011 not filled: short leg rel spread 0.50 > max 0.50
exit profit_target for T0011 not filled: long leg rel spread 2.00 > max 0.50
exit profit_target for T0011 not filled: long leg rel spread 0.67 > max 0.50
exit profit_target for T0011 not filled: long leg rel spread 0.67 > max 0.50
exit profit_target for T0011 not filled: long leg rel spread 0.67 > max 0.50
exit profit_target for T0011 not filled: short leg rel spread 2.00 > max 0.50
exit profit_target for T0011 not filled: short leg rel spread 2.00 > max 0.50
exit profit_target for T0011 not filled: short leg rel spread 2.00 > max 0.50
exit profit_target for T0011 not filled: short leg rel spread 2.00 > max 0.50
exit profit_target for T0011 not filled: short leg rel spread 2.00 > max 0.50
exit profit_target for T0011 not filled: short leg rel spread 2.00 > max 0.50
exit profit_target for T0015 not filled: long leg rel spread 2.00 > max 0.50
exit profit_target for T0015 not filled: long leg rel spread 2.00 > max 0.50
exit profit_target for T0023 not filled: long leg rel spread 2.00 > max 0.50
exit profit_target for T0023 not filled: long leg rel spread 2.00 > max 0.50
exit profit_target for T0023 not filled: short leg rel spread 0.67 > max 0.50
exit profit_target for T0083 not filled: short leg rel spread 0.73 > max 0.50
exit profit_target for T0084 not filled: short leg rel spread 0.55 > max 0.50
absorb_falling_vix25|d0.15_w5_dte21_pt50_sl2 -3.9094202898550723
T0032 expires today with no quotes; closing at intrinsic
T0176 expires today with no quotes; closing at intrinsic
absorb_falling_vix25|d0.15_w5_dte30_hold 16.01472661613836
exit profit_target for T0023 not filled: long leg rel spread 0.67 > max 0.50
exit profit_target for T0023 not filled: long leg rel spread 0.67 > max 0.50
exit profit_target for T0023 not filled: long leg rel spread 0.67 > max 0.50
exit profit_target for T0023 not filled: long leg rel spread 2.00 > max 0.50
exit profit_target for T0023 not filled: long leg rel spread 2.00 > max 0.50
exit profit_target for T0023 not filled: long leg rel spread 2.00 > max 0.50
exit profit_target for T0076 not filled: long leg rel spread 2.00 > max 0.50
exit profit_target for T0083 not filled: long leg rel spread 0.58 > max 0.50
exit profit_target for T0084 not filled: short leg rel spread 0.63 > max 0.50
absorb_falling_vix25|d0.15_w5_dte30_pt50_sl2 -2.5676328502415457
T0011 expires today with no quotes; closing at intrinsic
T0173 expires today with no quotes; closing at intrinsic
T0174 expires today with no quotes; closing at intrinsic
absorb_falling_vix25|d0.15_w5_dte45_hold 10.351272844120496
absorb_falling_vix25|d0.15_w5_dte45_pt50_sl2 -3.516990291262136
T0178 expires today with no quotes; closing at intrinsic
absorb_falling_vix25|d0.15_w10_dte21_hold 20.770489908771292
exit profit_target for T0002 not filled: long leg rel spread 0.67 > max 0.50
exit profit_target for T0002 not filled: long leg rel spread 2.00 > max 0.50
exit profit_target for T0002 not filled: long leg rel spread 0.67 > max 0.50
exit profit_target for T0002 not filled: long leg rel spread 2.00 > max 0.50
exit profit_target for T0002 not filled: long leg rel spread 2.00 > max 0.50
exit profit_target for T0002 not filled: long leg rel spread 2.00 > max 0.50
exit profit_target for T0002 not filled: long leg rel spread 2.00 > max 0.50
exit profit_target for T0002 not filled: long leg rel spread 2.00 > max 0.50
exit profit_target for T0002 not filled: long leg rel spread 2.00 > max 0.50
exit profit_target for T0002 not filled: long leg rel spread 2.00 > max 0.50
exit profit_target for T0002 not filled: long leg rel spread 2.00 > max 0.50
exit profit_target for T0005 not filled: long leg rel spread 0.67 > max 0.50
exit profit_target for T0005 not filled: long leg rel spread 0.67 > max 0.50
exit profit_target for T0005 not filled: long leg rel spread 0.67 > max 0.50
exit profit_target for T0005 not filled: long leg rel spread 0.67 > max 0.50
exit profit_target for T0005 not filled: long leg rel spread 2.00 > max 0.50
exit profit_target for T0005 not filled: long leg rel spread 2.00 > max 0.50
exit profit_target for T0005 not filled: long leg rel spread 2.00 > max 0.50
exit profit_target for T0005 not filled: short leg rel spread 0.67 > max 0.50
exit profit_target for T0011 not filled: long leg rel spread 1.00 > max 0.50
exit profit_target for T0011 not filled: long leg rel spread 1.00 > max 0.50
exit profit_target for T0011 not filled: short leg rel spread 0.50 > max 0.50
exit profit_target for T0011 not filled: long leg rel spread 2.00 > max 0.50
exit profit_target for T0011 not filled: long leg rel spread 2.00 > max 0.50
exit profit_target for T0011 not filled: long leg rel spread 2.00 > max 0.50
exit profit_target for T0011 not filled: long leg rel spread 2.00 > max 0.50
exit profit_target for T0011 not filled: short leg rel spread 2.00 > max 0.50
exit profit_target for T0011 not filled: short leg rel spread 2.00 > max 0.50
exit profit_target for T0011 not filled: short leg rel spread 2.00 > max 0.50
exit profit_target for T0011 not filled: short leg rel spread 2.00 > max 0.50
exit profit_target for T0011 not filled: short leg rel spread 2.00 > max 0.50
exit profit_target for T0011 not filled: short leg rel spread 2.00 > max 0.50
exit profit_target for T0014 not filled: long leg rel spread 0.67 > max 0.50
exit profit_target for T0014 not filled: long leg rel spread 0.67 > max 0.50
exit profit_target for T0014 not filled: long leg rel spread 2.00 > max 0.50
exit profit_target for T0014 not filled: long leg rel spread 2.00 > max 0.50
exit profit_target for T0014 not filled: long leg rel spread 2.00 > max 0.50
exit profit_target for T0014 not filled: long leg rel spread 2.00 > max 0.50
exit profit_target for T0014 not filled: short leg rel spread 0.67 > max 0.50
exit profit_target for T0014 not filled: short leg rel spread 0.67 > max 0.50
exit profit_target for T0014 not filled: long leg rel spread 2.00 > max 0.50
exit profit_target for T0014 not filled: long leg rel spread 2.00 > max 0.50
exit profit_target for T0014 not filled: short leg rel spread 2.00 > max 0.50
exit profit_target for T0014 not filled: short leg rel spread 2.00 > max 0.50
exit profit_target for T0015 not filled: long leg rel spread 2.00 > max 0.50
exit profit_target for T0017 not filled: long leg rel spread 2.00 > max 0.50
exit profit_target for T0015 not filled: long leg rel spread 2.00 > max 0.50
exit profit_target for T0017 not filled: long leg rel spread 2.00 > max 0.50
exit profit_target for T0017 not filled: long leg rel spread 2.00 > max 0.50
exit profit_target for T0018 not filled: long leg rel spread 0.67 > max 0.50
exit profit_target for T0017 not filled: long leg rel spread 2.00 > max 0.50
exit profit_target for T0018 not filled: long leg rel spread 0.67 > max 0.50
exit profit_target for T0017 not filled: long leg rel spread 2.00 > max 0.50
exit profit_target for T0018 not filled: long leg rel spread 0.67 > max 0.50
exit profit_target for T0017 not filled: short leg rel spread 0.67 > max 0.50
exit profit_target for T0018 not filled: long leg rel spread 2.00 > max 0.50
exit profit_target for T0017 not filled: short leg rel spread 2.00 > max 0.50
exit profit_target for T0018 not filled: short leg rel spread 0.67 > max 0.50
exit profit_target for T0017 not filled: short leg rel spread 2.00 > max 0.50
exit profit_target for T0018 not filled: short leg rel spread 0.67 > max 0.50
exit profit_target for T0017 not filled: short leg rel spread 2.00 > max 0.50
exit profit_target for T0018 not filled: short leg rel spread 0.67 > max 0.50
exit profit_target for T0017 not filled: short leg rel spread 2.00 > max 0.50
exit profit_target for T0018 not filled: long leg rel spread 2.00 > max 0.50
exit profit_target for T0017 not filled: short leg rel spread 2.00 > max 0.50
exit profit_target for T0018 not filled: short leg rel spread 0.67 > max 0.50
exit profit_target for T0018 not filled: short leg rel spread 2.00 > max 0.50
exit profit_target for T0018 not filled: short leg rel spread 2.00 > max 0.50
exit profit_target for T0018 not filled: short leg rel spread 2.00 > max 0.50
exit profit_target for T0018 not filled: short leg rel spread 2.00 > max 0.50
exit profit_target for T0018 not filled: short leg rel spread 2.00 > max 0.50
exit profit_target for T0023 not filled: long leg rel spread 2.00 > max 0.50
exit profit_target for T0024 not filled: long leg rel spread 2.00 > max 0.50
exit profit_target for T0025 not filled: long leg rel spread 0.67 > max 0.50
exit profit_target for T0023 not filled: long leg rel spread 2.00 > max 0.50
exit profit_target for T0025 not filled: long leg rel spread 0.67 > max 0.50
exit profit_target for T0023 not filled: short leg rel spread 0.67 > max 0.50
exit profit_target for T0024 not filled: long leg rel spread 2.00 > max 0.50
exit profit_target for T0025 not filled: long leg rel spread 2.00 > max 0.50
exit profit_target for T0024 not filled: long leg rel spread 2.00 > max 0.50
exit profit_target for T0025 not filled: long leg rel spread 2.00 > max 0.50
exit profit_target for T0024 not filled: long leg rel spread 2.00 > max 0.50
exit profit_target for T0025 not filled: long leg rel spread 2.00 > max 0.50
exit profit_target for T0024 not filled: long leg rel spread 2.00 > max 0.50
exit profit_target for T0024 not filled: long leg rel spread 2.00 > max 0.50
exit profit_target for T0025 not filled: long leg rel spread 2.00 > max 0.50
exit profit_target for T0024 not filled: long leg rel spread 2.00 > max 0.50
exit profit_target for T0025 not filled: long leg rel spread 2.00 > max 0.50
exit profit_target for T0025 not filled: long leg rel spread 2.00 > max 0.50
exit profit_target for T0025 not filled: short leg rel spread 0.67 > max 0.50
exit profit_target for T0025 not filled: short leg rel spread 2.00 > max 0.50
exit profit_target for T0025 not filled: short leg rel spread 2.00 > max 0.50
exit profit_target for T0028 not filled: long leg rel spread 2.00 > max 0.50
exit profit_target for T0028 not filled: long leg rel spread 2.00 > max 0.50
exit profit_target for T0028 not filled: long leg rel spread 2.00 > max 0.50
exit profit_target for T0029 not filled: long leg rel spread 0.67 > max 0.50
exit profit_target for T0028 not filled: long leg rel spread 2.00 > max 0.50
exit profit_target for T0029 not filled: long leg rel spread 0.67 > max 0.50
exit profit_target for T0028 not filled: short leg rel spread 0.67 > max 0.50
exit profit_target for T0029 not filled: long leg rel spread 2.00 > max 0.50
exit profit_target for T0028 not filled: short leg rel spread 0.67 > max 0.50
exit profit_target for T0029 not filled: long leg rel spread 2.00 > max 0.50
exit profit_target for T0028 not filled: short leg rel spread 0.67 > max 0.50
exit profit_target for T0029 not filled: long leg rel spread 2.00 > max 0.50
exit profit_target for T0028 not filled: short leg rel spread 2.00 > max 0.50
exit profit_target for T0029 not filled: long leg rel spread 2.00 > max 0.50
exit profit_target for T0028 not filled: short leg rel spread 2.00 > max 0.50
exit profit_target for T0029 not filled: long leg rel spread 2.00 > max 0.50
exit profit_target for T0028 not filled: short leg rel spread 2.00 > max 0.50
exit profit_target for T0029 not filled: long leg rel spread 2.00 > max 0.50
exit profit_target for T0028 not filled: short leg rel spread 0.67 > max 0.50
exit profit_target for T0029 not filled: long leg rel spread 2.00 > max 0.50
exit profit_target for T0029 not filled: long leg rel spread 2.00 > max 0.50
exit profit_target for T0029 not filled: long leg rel spread 2.00 > max 0.50
exit profit_target for T0029 not filled: short leg rel spread 0.67 > max 0.50
exit profit_target for T0029 not filled: short leg rel spread 2.00 > max 0.50
exit profit_target for T0030 not filled: long leg rel spread 2.00 > max 0.50
exit profit_target for T0031 not filled: long leg rel spread 0.67 > max 0.50
exit profit_target for T0030 not filled: long leg rel spread 2.00 > max 0.50
exit profit_target for T0031 not filled: long leg rel spread 0.67 > max 0.50
exit profit_target for T0030 not filled: long leg rel spread 2.00 > max 0.50
exit profit_target for T0031 not filled: long leg rel spread 0.67 > max 0.50
exit stop_loss for T0030 not filled: long leg rel spread 2.00 > max 0.50
exit profit_target for T0031 not filled: long leg rel spread 2.00 > max 0.50
exit profit_target for T0031 not filled: long leg rel spread 2.00 > max 0.50
exit profit_target for T0032 not filled: long leg rel spread 0.67 > max 0.50
exit profit_target for T0031 not filled: long leg rel spread 2.00 > max 0.50
exit profit_target for T0032 not filled: long leg rel spread 2.00 > max 0.50
exit profit_target for T0031 not filled: short leg rel spread 0.67 > max 0.50
exit profit_target for T0032 not filled: long leg rel spread 2.00 > max 0.50
exit profit_target for T0031 not filled: long leg rel spread 2.00 > max 0.50
exit profit_target for T0032 not filled: long leg rel spread 2.00 > max 0.50
exit profit_target for T0032 not filled: long leg rel spread 2.00 > max 0.50
exit profit_target for T0032 not filled: long leg rel spread 2.00 > max 0.50
exit stop_loss for T0035 not filled: long leg rel spread 0.67 > max 0.50
exit profit_target for T0035 not filled: long leg rel spread 2.00 > max 0.50
exit profit_target for T0037 not filled: long leg rel spread 2.00 > max 0.50
exit profit_target for T0038 not filled: long leg rel spread 0.67 > max 0.50
exit profit_target for T0037 not filled: long leg rel spread 2.00 > max 0.50
exit profit_target for T0038 not filled: long leg rel spread 2.00 > max 0.50
exit profit_target for T0037 not filled: short leg rel spread 0.67 > max 0.50
exit profit_target for T0038 not filled: short leg rel spread 1.00 > max 0.50
exit profit_target for T0039 not filled: long leg rel spread 0.67 > max 0.50
exit profit_target for T0037 not filled: short leg rel spread 2.00 > max 0.50
exit profit_target for T0038 not filled: long leg rel spread 0.67 > max 0.50
exit profit_target for T0037 not filled: short leg rel spread 2.00 > max 0.50
exit profit_target for T0038 not filled: short leg rel spread 0.67 > max 0.50
exit profit_target for T0037 not filled: short leg rel spread 2.00 > max 0.50
exit profit_target for T0038 not filled: short leg rel spread 1.00 > max 0.50
exit profit_target for T0038 not filled: short leg rel spread 0.67 > max 0.50
exit profit_target for T0038 not filled: short leg rel spread 2.00 > max 0.50
exit profit_target for T0038 not filled: short leg rel spread 2.00 > max 0.50
exit profit_target for T0038 not filled: short leg rel spread 2.00 > max 0.50
exit profit_target for T0038 not filled: short leg rel spread 2.00 > max 0.50
exit profit_target for T0065 not filled: long leg rel spread 0.67 > max 0.50
exit profit_target for T0073 not filled: long leg rel spread 0.67 > max 0.50
exit profit_target for T0073 not filled: long leg rel spread 0.67 > max 0.50
exit profit_target for T0073 not filled: long leg rel spread 2.00 > max 0.50
exit profit_target for T0073 not filled: long leg rel spread 2.00 > max 0.50
exit profit_target for T0073 not filled: long leg rel spread 2.00 > max 0.50
exit profit_target for T0073 not filled: long leg rel spread 2.00 > max 0.50
exit profit_target for T0075 not filled: long leg rel spread 2.00 > max 0.50
exit profit_target for T0075 not filled: long leg rel spread 2.00 > max 0.50
exit profit_target for T0075 not filled: long leg rel spread 2.00 > max 0.50
exit profit_target for T0078 not filled: long leg rel spread 0.67 > max 0.50
exit profit_target for T0078 not filled: long leg rel spread 2.00 > max 0.50
exit profit_target for T0078 not filled: long leg rel spread 2.00 > max 0.50
exit profit_target for T0078 not filled: short leg rel spread 0.67 > max 0.50
exit profit_target for T0083 not filled: short leg rel spread 0.73 > max 0.50
exit profit_target for T0084 not filled: short leg rel spread 0.55 > max 0.50
exit profit_target for T0083 not filled: long leg rel spread 0.67 > max 0.50
exit profit_target for T0103 not filled: long leg rel spread 0.67 > max 0.50
exit profit_target for T0103 not filled: long leg rel spread 0.67 > max 0.50
exit profit_target for T0103 not filled: long leg rel spread 2.00 > max 0.50
exit profit_target for T0103 not filled: long leg rel spread 2.00 > max 0.50
exit profit_target for T0103 not filled: short leg rel spread 0.67 > max 0.50
exit profit_target for T0103 not filled: short leg rel spread 0.67 > max 0.50
exit profit_target for T0126 not filled: long leg rel spread 0.67 > max 0.50
exit profit_target for T0126 not filled: long leg rel spread 0.67 > max 0.50
exit profit_target for T0126 not filled: long leg rel spread 0.67 > max 0.50
exit profit_target for T0126 not filled: long leg rel spread 2.00 > max 0.50
exit profit_target for T0126 not filled: short leg rel spread 0.67 > max 0.50
exit profit_target for T0126 not filled: short leg rel spread 0.67 > max 0.50
exit profit_target for T0126 not filled: short leg rel spread 2.00 > max 0.50
exit profit_target for T0126 not filled: short leg rel spread 2.00 > max 0.50
exit profit_target for T0126 not filled: short leg rel spread 2.00 > max 0.50
exit profit_target for T0126 not filled: short leg rel spread 2.00 > max 0.50
exit profit_target for T0126 not filled: short leg rel spread 2.00 > max 0.50
exit profit_target for T0158 not filled: long leg rel spread 0.67 > max 0.50
exit profit_target for T0158 not filled: long leg rel spread 0.67 > max 0.50
exit profit_target for T0158 not filled: long leg rel spread 0.67 > max 0.50
exit profit_target for T0158 not filled: short leg rel spread 0.67 > max 0.50
exit profit_target for T0163 not filled: long leg rel spread 0.67 > max 0.50
exit profit_target for T0163 not filled: long leg rel spread 2.00 > max 0.50
exit profit_target for T0163 not filled: short leg rel spread 0.67 > max 0.50
exit profit_target for T0163 not filled: short leg rel spread 0.67 > max 0.50
exit profit_target for T0163 not filled: short leg rel spread 2.00 > max 0.50
exit profit_target for T0170 not filled: long leg rel spread 0.67 > max 0.50
exit profit_target for T0170 not filled: long leg rel spread 2.00 > max 0.50
absorb_falling_vix25|d0.15_w10_dte21_pt50_sl2 1.0144927536231885
T0032 expires today with no quotes; closing at intrinsic
T0176 expires today with no quotes; closing at intrinsic
absorb_falling_vix25|d0.15_w10_dte30_hold 26.711344973626307
exit profit_target for T0006 not filled: long leg rel spread 0.50 > max 0.50
exit profit_target for T0011 not filled: long leg rel spread 0.50 > max 0.50
exit profit_target for T0011 not filled: long leg rel spread 0.86 > max 0.50
exit profit_target for T0011 not filled: long leg rel spread 1.00 > max 0.50
exit profit_target for T0011 not filled: long leg rel spread 2.00 > max 0.50
exit profit_target for T0011 not filled: long leg rel spread 0.67 > max 0.50
exit profit_target for T0011 not filled: long leg rel spread 0.67 > max 0.50
exit profit_target for T0011 not filled: long leg rel spread 2.00 > max 0.50
exit profit_target for T0011 not filled: short leg rel spread 0.50 > max 0.50
exit profit_target for T0011 not filled: long leg rel spread 2.00 > max 0.50
exit profit_target for T0011 not filled: long leg rel spread 2.00 > max 0.50
exit profit_target for T0011 not filled: short leg rel spread 1.00 > max 0.50
exit profit_target for T0011 not filled: short leg rel spread 0.67 > max 0.50
exit profit_target for T0011 not filled: short leg rel spread 1.00 > max 0.50
exit profit_target for T0011 not filled: short leg rel spread 2.00 > max 0.50
exit profit_target for T0011 not filled: short leg rel spread 2.00 > max 0.50
exit profit_target for T0011 not filled: short leg rel spread 2.00 > max 0.50
exit profit_target for T0011 not filled: short leg rel spread 0.67 > max 0.50
exit profit_target for T0011 not filled: short leg rel spread 2.00 > max 0.50
exit profit_target for T0011 not filled: short leg rel spread 2.00 > max 0.50
exit profit_target for T0011 not filled: short leg rel spread 2.00 > max 0.50
exit profit_target for T0015 not filled: long leg rel spread 2.00 > max 0.50
exit profit_target for T0015 not filled: long leg rel spread 2.00 > max 0.50
exit profit_target for T0015 not filled: long leg rel spread 2.00 > max 0.50
exit profit_target for T0015 not filled: long leg rel spread 2.00 > max 0.50
exit profit_target for T0015 not filled: short leg rel spread 0.67 > max 0.50
exit profit_target for T0015 not filled: short leg rel spread 2.00 > max 0.50
exit profit_target for T0015 not filled: short leg rel spread 2.00 > max 0.50
exit profit_target for T0023 not filled: long leg rel spread 2.00 > max 0.50
exit profit_target for T0025 not filled: long leg rel spread 0.67 > max 0.50
exit profit_target for T0023 not filled: long leg rel spread 2.00 > max 0.50
exit profit_target for T0023 not filled: long leg rel spread 2.00 > max 0.50
exit profit_target for T0024 not filled: long leg rel spread 0.67 > max 0.50
exit profit_target for T0023 not filled: long leg rel spread 2.00 > max 0.50
exit profit_target for T0023 not filled: long leg rel spread 2.00 > max 0.50
exit profit_target for T0023 not filled: long leg rel spread 2.00 > max 0.50
exit profit_target for T0023 not filled: long leg rel spread 2.00 > max 0.50
exit profit_target for T0024 not filled: long leg rel spread 2.00 > max 0.50
exit profit_target for T0024 not filled: short leg rel spread 0.67 > max 0.50
exit profit_target for T0024 not filled: short leg rel spread 2.00 > max 0.50
exit profit_target for T0024 not filled: short leg rel spread 2.00 > max 0.50
exit profit_target for T0024 not filled: short leg rel spread 2.00 > max 0.50
exit profit_target for T0028 not filled: long leg rel spread 0.67 > max 0.50
exit profit_target for T0028 not filled: long leg rel spread 0.67 > max 0.50
exit profit_target for T0028 not filled: long leg rel spread 2.00 > max 0.50
exit profit_target for T0028 not filled: long leg rel spread 0.67 > max 0.50
exit profit_target for T0028 not filled: long leg rel spread 2.00 > max 0.50
exit profit_target for T0028 not filled: long leg rel spread 2.00 > max 0.50
exit profit_target for T0028 not filled: long leg rel spread 2.00 > max 0.50
exit profit_target for T0028 not filled: long leg rel spread 2.00 > max 0.50
exit profit_target for T0028 not filled: long leg rel spread 2.00 > max 0.50
exit profit_target for T0028 not filled: long leg rel spread 2.00 > max 0.50
exit profit_target for T0028 not filled: long leg rel spread 2.00 > max 0.50
exit profit_target for T0028 not filled: short leg rel spread 0.67 > max 0.50
exit profit_target for T0028 not filled: long leg rel spread 2.00 > max 0.50
exit profit_target for T0028 not filled: short leg rel spread 0.67 > max 0.50
exit profit_target for T0028 not filled: short leg rel spread 0.67 > max 0.50
exit profit_target for T0028 not filled: short leg rel spread 2.00 > max 0.50
exit profit_target for T0028 not filled: short leg rel spread 2.00 > max 0.50
exit profit_target for T0028 not filled: short leg rel spread 2.00 > max 0.50
exit profit_target for T0039 not filled: long leg rel spread 0.67 > max 0.50
exit profit_target for T0063 not filled: long leg market invalid (crossed/locked/one-sided)
exit profit_target for T0063 not filled: long leg rel spread 0.67 > max 0.50
exit profit_target for T0063 not filled: long leg rel spread 2.00 > max 0.50
exit profit_target for T0063 not filled: long leg rel spread 2.00 > max 0.50
exit profit_target for T0063 not filled: short leg rel spread 2.00 > max 0.50
exit profit_target for T0076 not filled: long leg rel spread 2.00 > max 0.50
exit profit_target for T0083 not filled: long leg rel spread 1.29 > max 0.50
exit profit_target for T0084 not filled: short leg rel spread 0.63 > max 0.50
exit profit_target for T0124 not filled: long leg rel spread 0.57 > max 0.50
exit profit_target for T0169 not filled: long leg rel spread 0.67 > max 0.50
exit profit_target for T0169 not filled: long leg rel spread 0.67 > max 0.50
exit profit_target for T0169 not filled: long leg rel spread 2.00 > max 0.50
exit profit_target for T0169 not filled: long leg rel spread 2.00 > max 0.50
exit profit_target for T0169 not filled: short leg rel spread 0.67 > max 0.50
absorb_falling_vix25|d0.15_w10_dte30_pt50_sl2 -1.555555555555556
T0011 expires today with no quotes; closing at intrinsic
T0173 expires today with no quotes; closing at intrinsic
T0174 expires today with no quotes; closing at intrinsic
absorb_falling_vix25|d0.15_w10_dte45_hold 20.295447601402124
exit profit_target for T0015 not filled: long leg rel spread 0.67 > max 0.50
exit profit_target for T0015 not filled: long leg rel spread 0.67 > max 0.50
exit profit_target for T0015 not filled: long leg rel spread 2.00 > max 0.50
exit profit_target for T0015 not filled: long leg rel spread 2.00 > max 0.50
exit profit_target for T0015 not filled: long leg rel spread 2.00 > max 0.50
exit profit_target for T0015 not filled: long leg rel spread 0.67 > max 0.50
exit profit_target for T0015 not filled: long leg rel spread 2.00 > max 0.50
exit profit_target for T0015 not filled: short leg rel spread 0.67 > max 0.50
exit profit_target for T0015 not filled: short leg rel spread 0.67 > max 0.50
exit profit_target for T0015 not filled: short leg rel spread 0.67 > max 0.50
exit profit_target for T0015 not filled: short leg rel spread 2.00 > max 0.50
exit profit_target for T0015 not filled: short leg rel spread 2.00 > max 0.50
exit profit_target for T0015 not filled: short leg rel spread 2.00 > max 0.50
exit profit_target for T0015 not filled: short leg rel spread 2.00 > max 0.50
exit profit_target for T0015 not filled: short leg rel spread 2.00 > max 0.50
exit profit_target for T0037 not filled: long leg rel spread 0.67 > max 0.50
exit profit_target for T0038 not filled: long leg rel spread 0.67 > max 0.50
exit profit_target for T0037 not filled: long leg rel spread 1.00 > max 0.50
exit profit_target for T0037 not filled: long leg rel spread 1.00 > max 0.50
exit profit_target for T0037 not filled: long leg rel spread 0.67 > max 0.50
exit profit_target for T0037 not filled: short leg rel spread 1.00 > max 0.50
exit profit_target for T0052 not filled: long leg rel spread 0.67 > max 0.50
exit profit_target for T0052 not filled: long leg rel spread 2.00 > max 0.50
exit profit_target for T0084 not filled: long leg rel spread 0.50 > max 0.50
absorb_falling_vix25|d0.15_w10_dte45_pt50_sl2 -0.273058252427185
T0178 expires today with no quotes; closing at intrinsic
absorb_falling_vix25|d0.20_w2_dte21_hold -1.3436086502776823
exit profit_target for T0015 not filled: long leg rel spread 0.67 > max 0.50
exit profit_target for T0083 not filled: long leg rel spread 0.73 > max 0.50
exit profit_target for T0084 not filled: long leg rel spread 0.55 > max 0.50
absorb_falling_vix25|d0.20_w2_dte21_pt50_sl2 -4.224043432886377
T0176 expires today with no quotes; closing at intrinsic
absorb_falling_vix25|d0.20_w2_dte30_hold 4.342187547011059
exit profit_target for T0023 not filled: long leg rel spread 0.67 > max 0.50
exit profit_target for T0023 not filled: long leg rel spread 0.67 > max 0.50
exit profit_target for T0023 not filled: long leg rel spread 0.67 > max 0.50
exit profit_target for T0023 not filled: long leg rel spread 2.00 > max 0.50
exit profit_target for T0023 not filled: long leg rel spread 2.00 > max 0.50
exit profit_target for T0023 not filled: long leg rel spread 2.00 > max 0.50
exit profit_target for T0084 not filled: long leg rel spread 0.63 > max 0.50
absorb_falling_vix25|d0.20_w2_dte30_pt50_sl2 -3.3115942028985508
T0011 expires today with no quotes; closing at intrinsic
T0173 expires today with no quotes; closing at intrinsic
T0174 expires today with no quotes; closing at intrinsic
absorb_falling_vix25|d0.20_w2_dte45_hold 2.2373992802924105
absorb_falling_vix25|d0.20_w2_dte45_pt50_sl2 0.3628640776699029
T0178 expires today with no quotes; closing at intrinsic
absorb_falling_vix25|d0.20_w5_dte21_hold 7.026992414979147
exit profit_target for T0011 not filled: long leg rel spread 0.86 > max 0.50
exit profit_target for T0011 not filled: long leg rel spread 0.50 > max 0.50
exit profit_target for T0011 not filled: long leg rel spread 1.00 > max 0.50
exit profit_target for T0011 not filled: long leg rel spread 0.67 > max 0.50
exit profit_target for T0011 not filled: long leg rel spread 0.67 > max 0.50
exit profit_target for T0011 not filled: long leg rel spread 0.67 > max 0.50
exit profit_target for T0011 not filled: long leg rel spread 0.67 > max 0.50
exit profit_target for T0011 not filled: short leg rel spread 0.67 > max 0.50
exit profit_target for T0011 not filled: short leg rel spread 2.00 > max 0.50
exit profit_target for T0011 not filled: short leg rel spread 2.00 > max 0.50
exit profit_target for T0011 not filled: short leg rel spread 2.00 > max 0.50
exit profit_target for T0011 not filled: short leg rel spread 2.00 > max 0.50
exit profit_target for T0011 not filled: short leg rel spread 2.00 > max 0.50
exit profit_target for T0015 not filled: long leg rel spread 2.00 > max 0.50
exit profit_target for T0015 not filled: long leg rel spread 2.00 > max 0.50
exit profit_target for T0023 not filled: long leg rel spread 2.00 > max 0.50
exit profit_target for T0023 not filled: long leg rel spread 2.00 > max 0.50
exit profit_target for T0023 not filled: long leg rel spread 2.00 > max 0.50
exit profit_target for T0024 not filled: long leg rel spread 0.67 > max 0.50
exit profit_target for T0024 not filled: long leg rel spread 0.67 > max 0.50
exit profit_target for T0024 not filled: long leg rel spread 2.00 > max 0.50
exit profit_target for T0064 not filled: long leg rel spread 0.67 > max 0.50
exit profit_target for T0064 not filled: long leg rel spread 0.67 > max 0.50
exit profit_target for T0064 not filled: long leg rel spread 0.67 > max 0.50
exit profit_target for T0083 not filled: long leg rel spread 1.27 > max 0.50
exit profit_target for T0084 not filled: long leg rel spread 0.57 > max 0.50
absorb_falling_vix25|d0.20_w5_dte21_pt50_sl2 -3.3768308271254135
T0176 expires today with no quotes; closing at intrinsic
absorb_falling_vix25|d0.20_w5_dte30_hold 18.637356629136693
exit profit_target for T0023 not filled: long leg rel spread 0.67 > max 0.50
exit profit_target for T0023 not filled: long leg rel spread 0.67 > max 0.50
exit profit_target for T0023 not filled: long leg rel spread 0.67 > max 0.50
exit profit_target for T0023 not filled: long leg rel spread 2.00 > max 0.50
exit profit_target for T0023 not filled: long leg rel spread 2.00 > max 0.50
exit profit_target for T0023 not filled: long leg rel spread 2.00 > max 0.50
exit profit_target for T0024 not filled: long leg rel spread 0.67 > max 0.50
exit profit_target for T0024 not filled: long leg rel spread 0.67 > max 0.50
exit profit_target for T0024 not filled: short leg rel spread 0.67 > max 0.50
exit profit_target for T0024 not filled: short leg rel spread 2.00 > max 0.50
exit profit_target for T0024 not filled: short leg rel spread 2.00 > max 0.50
exit profit_target for T0083 not filled: long leg rel spread 0.51 > max 0.50
exit profit_target for T0084 not filled: long leg rel spread 0.88 > max 0.50
absorb_falling_vix25|d0.20_w5_dte30_pt50_sl2 -5.02536231884058
T0011 expires today with no quotes; closing at intrinsic
T0173 expires today with no quotes; closing at intrinsic
T0174 expires today with no quotes; closing at intrinsic
absorb_falling_vix25|d0.20_w5_dte45_hold 2.370710959364317
exit profit_target for T0082 not filled: long leg rel spread 0.53 > max 0.50
absorb_falling_vix25|d0.20_w5_dte45_pt50_sl2 1.1929611650485437
T0178 expires today with no quotes; closing at intrinsic
absorb_falling_vix25|d0.20_w10_dte21_hold 18.35452864686326
exit profit_target for T0002 not filled: long leg rel spread 0.67 > max 0.50
exit profit_target for T0002 not filled: long leg rel spread 2.00 > max 0.50
exit profit_target for T0002 not filled: long leg rel spread 2.00 > max 0.50
exit profit_target for T0002 not filled: long leg rel spread 2.00 > max 0.50
exit profit_target for T0002 not filled: long leg rel spread 2.00 > max 0.50
exit profit_target for T0002 not filled: long leg rel spread 2.00 > max 0.50
exit profit_target for T0002 not filled: long leg rel spread 2.00 > max 0.50
exit profit_target for T0002 not filled: long leg rel spread 2.00 > max 0.50
exit profit_target for T0002 not filled: long leg rel spread 2.00 > max 0.50
exit profit_target for T0005 not filled: long leg rel spread 0.67 > max 0.50
exit profit_target for T0005 not filled: long leg rel spread 0.67 > max 0.50
exit profit_target for T0005 not filled: long leg rel spread 0.67 > max 0.50
exit profit_target for T0005 not filled: long leg rel spread 0.67 > max 0.50
exit profit_target for T0005 not filled: long leg rel spread 2.00 > max 0.50
exit profit_target for T0005 not filled: long leg rel spread 2.00 > max 0.50
exit profit_target for T0005 not filled: long leg rel spread 2.00 > max 0.50
exit profit_target for T0005 not filled: short leg rel spread 0.67 > max 0.50
exit profit_target for T0011 not filled: long leg rel spread 1.00 > max 0.50
exit profit_target for T0011 not filled: long leg rel spread 1.00 > max 0.50
exit profit_target for T0011 not filled: long leg rel spread 2.00 > max 0.50
exit profit_target for T0011 not filled: long leg rel spread 2.00 > max 0.50
exit profit_target for T0011 not filled: long leg rel spread 2.00 > max 0.50
exit profit_target for T0011 not filled: long leg rel spread 2.00 > max 0.50
exit profit_target for T0011 not filled: long leg rel spread 2.00 > max 0.50
exit profit_target for T0011 not filled: short leg rel spread 0.67 > max 0.50
exit profit_target for T0011 not filled: short leg rel spread 2.00 > max 0.50
exit profit_target for T0011 not filled: short leg rel spread 2.00 > max 0.50
exit profit_target for T0011 not filled: short leg rel spread 2.00 > max 0.50
exit profit_target for T0011 not filled: short leg rel spread 2.00 > max 0.50
exit profit_target for T0011 not filled: short leg rel spread 2.00 > max 0.50
exit profit_target for T0014 not filled: long leg rel spread 0.67 > max 0.50
exit profit_target for T0014 not filled: long leg rel spread 2.00 > max 0.50
exit profit_target for T0014 not filled: long leg rel spread 2.00 > max 0.50
exit profit_target for T0014 not filled: long leg rel spread 2.00 > max 0.50
exit profit_target for T0014 not filled: long leg rel spread 2.00 > max 0.50
exit profit_target for T0014 not filled: short leg rel spread 0.67 > max 0.50
exit profit_target for T0014 not filled: long leg rel spread 2.00 > max 0.50
exit profit_target for T0014 not filled: long leg rel spread 2.00 > max 0.50
exit profit_target for T0014 not filled: long leg rel spread 2.00 > max 0.50
exit profit_target for T0014 not filled: long leg rel spread 2.00 > max 0.50
exit profit_target for T0014 not filled: short leg rel spread 0.67 > max 0.50
exit profit_target for T0015 not filled: long leg rel spread 2.00 > max 0.50
exit profit_target for T0017 not filled: long leg rel spread 0.67 > max 0.50
exit profit_target for T0015 not filled: long leg rel spread 2.00 > max 0.50
exit profit_target for T0017 not filled: long leg rel spread 2.00 > max 0.50
exit profit_target for T0017 not filled: long leg rel spread 2.00 > max 0.50
exit profit_target for T0017 not filled: long leg rel spread 2.00 > max 0.50
exit profit_target for T0017 not filled: short leg rel spread 0.50 > max 0.50
exit profit_target for T0017 not filled: long leg rel spread 2.00 > max 0.50
exit profit_target for T0017 not filled: short leg rel spread 2.00 > max 0.50
exit profit_target for T0017 not filled: short leg rel spread 2.00 > max 0.50
exit profit_target for T0017 not filled: short leg rel spread 2.00 > max 0.50
exit profit_target for T0017 not filled: short leg rel spread 2.00 > max 0.50
exit profit_target for T0017 not filled: short leg rel spread 2.00 > max 0.50
exit profit_target for T0023 not filled: long leg rel spread 2.00 > max 0.50
exit profit_target for T0025 not filled: long leg rel spread 0.67 > max 0.50
exit profit_target for T0023 not filled: long leg rel spread 2.00 > max 0.50
exit profit_target for T0025 not filled: long leg rel spread 0.67 > max 0.50
exit profit_target for T0023 not filled: long leg rel spread 2.00 > max 0.50
exit profit_target for T0024 not filled: long leg rel spread 2.00 > max 0.50
exit profit_target for T0025 not filled: long leg rel spread 2.00 > max 0.50
exit profit_target for T0024 not filled: long leg rel spread 2.00 > max 0.50
exit profit_target for T0025 not filled: long leg rel spread 2.00 > max 0.50
exit profit_target for T0025 not filled: long leg rel spread 2.00 > max 0.50
exit profit_target for T0024 not filled: long leg rel spread 2.00 > max 0.50
exit profit_target for T0025 not filled: long leg rel spread 2.00 > max 0.50
exit profit_target for T0025 not filled: long leg rel spread 2.00 > max 0.50
exit profit_target for T0025 not filled: long leg rel spread 2.00 > max 0.50
exit profit_target for T0025 not filled: long leg rel spread 2.00 > max 0.50
exit profit_target for T0025 not filled: short leg rel spread 0.67 > max 0.50
exit profit_target for T0025 not filled: short leg rel spread 2.00 > max 0.50
exit profit_target for T0028 not filled: long leg rel spread 2.00 > max 0.50
exit profit_target for T0028 not filled: long leg rel spread 2.00 > max 0.50
exit profit_target for T0028 not filled: long leg rel spread 2.00 > max 0.50
exit profit_target for T0029 not filled: long leg rel spread 0.67 > max 0.50
exit profit_target for T0028 not filled: long leg rel spread 2.00 > max 0.50
exit profit_target for T0029 not filled: long leg rel spread 0.67 > max 0.50
exit profit_target for T0028 not filled: long leg rel spread 2.00 > max 0.50
exit profit_target for T0029 not filled: long leg rel spread 2.00 > max 0.50
exit profit_target for T0028 not filled: long leg rel spread 2.00 > max 0.50
exit profit_target for T0029 not filled: long leg rel spread 2.00 > max 0.50
exit profit_target for T0028 not filled: short leg rel spread 0.67 > max 0.50
exit profit_target for T0029 not filled: long leg rel spread 2.00 > max 0.50
exit profit_target for T0028 not filled: short leg rel spread 2.00 > max 0.50
exit profit_target for T0029 not filled: long leg rel spread 2.00 > max 0.50
exit profit_target for T0028 not filled: short leg rel spread 2.00 > max 0.50
exit profit_target for T0029 not filled: long leg rel spread 2.00 > max 0.50
exit profit_target for T0028 not filled: short leg rel spread 2.00 > max 0.50
exit profit_target for T0029 not filled: long leg rel spread 2.00 > max 0.50
exit profit_target for T0028 not filled: short leg rel spread 0.67 > max 0.50
exit profit_target for T0029 not filled: long leg rel spread 2.00 > max 0.50
exit profit_target for T0029 not filled: long leg rel spread 2.00 > max 0.50
exit profit_target for T0029 not filled: long leg rel spread 2.00 > max 0.50
exit profit_target for T0029 not filled: long leg rel spread 2.00 > max 0.50
exit profit_target for T0029 not filled: short leg rel spread 2.00 > max 0.50
exit profit_target for T0031 not filled: long leg rel spread 0.67 > max 0.50
exit profit_target for T0031 not filled: long leg rel spread 0.67 > max 0.50
exit profit_target for T0030 not filled: long leg rel spread 2.00 > max 0.50
exit profit_target for T0031 not filled: long leg rel spread 0.67 > max 0.50
exit stop_loss for T0030 not filled: long leg rel spread 2.00 > max 0.50
exit profit_target for T0031 not filled: long leg rel spread 2.00 > max 0.50
exit profit_target for T0031 not filled: long leg rel spread 2.00 > max 0.50
exit profit_target for T0032 not filled: long leg rel spread 0.67 > max 0.50
exit profit_target for T0031 not filled: long leg rel spread 2.00 > max 0.50
exit profit_target for T0031 not filled: long leg rel spread 2.00 > max 0.50
exit profit_target for T0032 not filled: long leg rel spread 0.67 > max 0.50
exit profit_target for T0031 not filled: long leg rel spread 2.00 > max 0.50
exit stop_loss for T0035 not filled: long leg rel spread 0.67 > max 0.50
exit profit_target for T0037 not filled: long leg rel spread 0.67 > max 0.50
exit profit_target for T0038 not filled: long leg rel spread 0.67 > max 0.50
exit profit_target for T0037 not filled: long leg rel spread 2.00 > max 0.50
exit profit_target for T0038 not filled: long leg rel spread 2.00 > max 0.50
exit profit_target for T0037 not filled: long leg rel spread 2.00 > max 0.50
exit profit_target for T0038 not filled: long leg rel spread 2.00 > max 0.50
exit profit_target for T0037 not filled: short leg rel spread 2.00 > max 0.50
exit profit_target for T0038 not filled: long leg rel spread 0.67 > max 0.50
exit profit_target for T0037 not filled: short leg rel spread 0.67 > max 0.50
exit profit_target for T0038 not filled: short leg rel spread 0.67 > max 0.50
exit profit_target for T0037 not filled: short leg rel spread 2.00 > max 0.50
exit profit_target for T0038 not filled: short leg rel spread 1.00 > max 0.50
exit profit_target for T0038 not filled: short leg rel spread 0.67 > max 0.50
exit profit_target for T0038 not filled: short leg rel spread 0.67 > max 0.50
exit profit_target for T0038 not filled: short leg rel spread 2.00 > max 0.50
exit profit_target for T0038 not filled: short leg rel spread 2.00 > max 0.50
exit profit_target for T0038 not filled: short leg rel spread 2.00 > max 0.50
exit profit_target for T0064 not filled: long leg rel spread 0.67 > max 0.50
exit profit_target for T0064 not filled: long leg rel spread 2.00 > max 0.50
exit profit_target for T0064 not filled: long leg rel spread 2.00 > max 0.50
exit profit_target for T0064 not filled: long leg rel spread 2.00 > max 0.50
exit profit_target for T0064 not filled: long leg rel spread 2.00 > max 0.50
exit profit_target for T0075 not filled: long leg rel spread 0.67 > max 0.50
exit profit_target for T0075 not filled: long leg rel spread 2.00 > max 0.50
exit profit_target for T0075 not filled: long leg rel spread 2.00 > max 0.50
exit profit_target for T0078 not filled: long leg rel spread 0.67 > max 0.50
exit profit_target for T0078 not filled: long leg rel spread 2.00 > max 0.50
exit profit_target for T0078 not filled: long leg rel spread 2.00 > max 0.50
exit profit_target for T0078 not filled: long leg rel spread 2.00 > max 0.50
exit profit_target for T0083 not filled: long leg rel spread 2.00 > max 0.50
exit profit_target for T0084 not filled: long leg rel spread 1.20 > max 0.50
exit profit_target for T0163 not filled: long leg rel spread 0.67 > max 0.50
exit profit_target for T0163 not filled: long leg rel spread 0.67 > max 0.50
exit profit_target for T0163 not filled: long leg rel spread 2.00 > max 0.50
exit profit_target for T0163 not filled: short leg rel spread 0.67 > max 0.50
exit profit_target for T0163 not filled: short leg rel spread 2.00 > max 0.50
exit profit_target for T0171 not filled: long leg rel spread 0.67 > max 0.50
exit profit_target for T0171 not filled: long leg rel spread 0.67 > max 0.50
exit profit_target for T0171 not filled: long leg rel spread 2.00 > max 0.50
exit profit_target for T0171 not filled: long leg rel spread 2.00 > max 0.50
exit profit_target for T0171 not filled: short leg rel spread 0.67 > max 0.50
absorb_falling_vix25|d0.20_w10_dte21_pt50_sl2 -1.1401158512800014
T0176 expires today with no quotes; closing at intrinsic
absorb_falling_vix25|d0.20_w10_dte30_hold 36.56223585618986
exit profit_target for T0006 not filled: long leg rel spread 0.50 > max 0.50
exit profit_target for T0006 not filled: long leg rel spread 0.50 > max 0.50
exit profit_target for T0006 not filled: long leg rel spread 0.50 > max 0.50
exit profit_target for T0006 not filled: long leg rel spread 0.67 > max 0.50
exit profit_target for T0011 not filled: long leg rel spread 0.50 > max 0.50
exit profit_target for T0011 not filled: long leg rel spread 0.86 > max 0.50
exit profit_target for T0011 not filled: long leg rel spread 1.00 > max 0.50
exit profit_target for T0011 not filled: long leg rel spread 2.00 > max 0.50
exit profit_target for T0011 not filled: long leg rel spread 0.67 > max 0.50
exit profit_target for T0011 not filled: long leg rel spread 0.67 > max 0.50
exit profit_target for T0011 not filled: long leg rel spread 2.00 > max 0.50
exit profit_target for T0011 not filled: short leg rel spread 0.50 > max 0.50
exit profit_target for T0011 not filled: long leg rel spread 2.00 > max 0.50
exit profit_target for T0011 not filled: long leg rel spread 2.00 > max 0.50
exit profit_target for T0011 not filled: short leg rel spread 1.00 > max 0.50
exit profit_target for T0012 not filled: long leg rel spread 0.50 > max 0.50
exit profit_target for T0011 not filled: short leg rel spread 0.67 > max 0.50
exit profit_target for T0011 not filled: short leg rel spread 1.00 > max 0.50
exit profit_target for T0011 not filled: short leg rel spread 2.00 > max 0.50
exit profit_target for T0011 not filled: short leg rel spread 2.00 > max 0.50
exit profit_target for T0011 not filled: short leg rel spread 2.00 > max 0.50
exit profit_target for T0011 not filled: short leg rel spread 0.67 > max 0.50
exit profit_target for T0011 not filled: short leg rel spread 2.00 > max 0.50
exit profit_target for T0011 not filled: short leg rel spread 2.00 > max 0.50
exit profit_target for T0011 not filled: short leg rel spread 2.00 > max 0.50
exit profit_target for T0015 not filled: long leg rel spread 2.00 > max 0.50
exit profit_target for T0015 not filled: long leg rel spread 2.00 > max 0.50
exit profit_target for T0015 not filled: long leg rel spread 2.00 > max 0.50
exit profit_target for T0018 not filled: long leg rel spread 1.00 > max 0.50
exit profit_target for T0015 not filled: long leg rel spread 2.00 > max 0.50
exit profit_target for T0018 not filled: long leg rel spread 0.67 > max 0.50
exit profit_target for T0015 not filled: short leg rel spread 2.00 > max 0.50
exit profit_target for T0018 not filled: short leg rel spread 0.67 > max 0.50
exit profit_target for T0015 not filled: short leg rel spread 2.00 > max 0.50
exit profit_target for T0018 not filled: long leg rel spread 2.00 > max 0.50
exit profit_target for T0018 not filled: long leg rel spread 0.67 > max 0.50
exit profit_target for T0018 not filled: long leg rel spread 0.67 > max 0.50
exit profit_target for T0018 not filled: long leg rel spread 0.67 > max 0.50
exit profit_target for T0018 not filled: long leg rel spread 2.00 > max 0.50
exit profit_target for T0018 not filled: long leg rel spread 2.00 > max 0.50
exit profit_target for T0018 not filled: short leg rel spread 0.67 > max 0.50
exit profit_target for T0018 not filled: short leg rel spread 2.00 > max 0.50
exit profit_target for T0018 not filled: short leg rel spread 2.00 > max 0.50
exit profit_target for T0018 not filled: short leg rel spread 2.00 > max 0.50
exit profit_target for T0018 not filled: short leg rel spread 2.00 > max 0.50
exit profit_target for T0018 not filled: short leg rel spread 2.00 > max 0.50
exit profit_target for T0018 not filled: short leg rel spread 2.00 > max 0.50
exit profit_target for T0018 not filled: short leg rel spread 2.00 > max 0.50
exit profit_target for T0018 not filled: short leg rel spread 2.00 > max 0.50
exit profit_target for T0023 not filled: long leg rel spread 2.00 > max 0.50
exit profit_target for T0025 not filled: long leg rel spread 0.67 > max 0.50
exit profit_target for T0023 not filled: long leg rel spread 2.00 > max 0.50
exit profit_target for T0023 not filled: long leg rel spread 2.00 > max 0.50
exit profit_target for T0023 not filled: long leg rel spread 2.00 > max 0.50
exit profit_target for T0023 not filled: long leg rel spread 2.00 > max 0.50
exit profit_target for T0023 not filled: long leg rel spread 2.00 > max 0.50
exit profit_target for T0023 not filled: long leg rel spread 2.00 > max 0.50
exit profit_target for T0024 not filled: long leg rel spread 2.00 > max 0.50
exit profit_target for T0024 not filled: long leg rel spread 2.00 > max 0.50
exit profit_target for T0024 not filled: short leg rel spread 0.67 > max 0.50
exit profit_target for T0024 not filled: short leg rel spread 2.00 > max 0.50
exit profit_target for T0024 not filled: short leg rel spread 2.00 > max 0.50
exit profit_target for T0063 not filled: long leg rel spread 0.67 > max 0.50
exit profit_target for T0076 not filled: long leg rel spread 2.00 > max 0.50
exit profit_target for T0083 not filled: long leg rel spread 0.74 > max 0.50
exit profit_target for T0084 not filled: long leg rel spread 2.00 > max 0.50
exit profit_target for T0124 not filled: long leg rel spread 0.53 > max 0.50
exit profit_target for T0168 not filled: long leg rel spread 0.67 > max 0.50
exit profit_target for T0169 not filled: long leg rel spread 0.67 > max 0.50
exit profit_target for T0169 not filled: long leg rel spread 0.67 > max 0.50
exit profit_target for T0169 not filled: long leg rel spread 2.00 > max 0.50
exit profit_target for T0169 not filled: long leg rel spread 2.00 > max 0.50
exit profit_target for T0169 not filled: short leg rel spread 0.67 > max 0.50
absorb_falling_vix25|d0.20_w10_dte30_pt50_sl2 3.328502415458938
T0011 expires today with no quotes; closing at intrinsic
T0173 expires today with no quotes; closing at intrinsic
T0174 expires today with no quotes; closing at intrinsic
absorb_falling_vix25|d0.20_w10_dte45_hold 17.555288674862034
exit profit_target for T0022 not filled: long leg rel spread 0.67 > max 0.50
exit profit_target for T0022 not filled: long leg rel spread 2.00 > max 0.50
exit profit_target for T0022 not filled: long leg rel spread 2.00 > max 0.50
exit profit_target for T0022 not filled: long leg rel spread 2.00 > max 0.50
exit profit_target for T0022 not filled: long leg rel spread 2.00 > max 0.50
exit profit_target for T0022 not filled: long leg rel spread 2.00 > max 0.50
exit profit_target for T0022 not filled: long leg rel spread 2.00 > max 0.50
exit profit_target for T0022 not filled: short leg rel spread 0.67 > max 0.50
exit profit_target for T0023 not filled: long leg rel spread 0.67 > max 0.50
exit profit_target for T0024 not filled: long leg rel spread 0.67 > max 0.50
exit profit_target for T0023 not filled: long leg rel spread 0.67 > max 0.50
exit profit_target for T0024 not filled: long leg rel spread 0.67 > max 0.50
exit profit_target for T0026 not filled: long leg rel spread 0.67 > max 0.50
exit profit_target for T0023 not filled: long leg rel spread 2.00 > max 0.50
exit profit_target for T0024 not filled: long leg rel spread 0.67 > max 0.50
exit profit_target for T0026 not filled: long leg rel spread 0.67 > max 0.50
exit profit_target for T0023 not filled: long leg rel spread 2.00 > max 0.50
exit profit_target for T0024 not filled: long leg rel spread 2.00 > max 0.50
exit profit_target for T0026 not filled: long leg rel spread 0.67 > max 0.50
exit profit_target for T0023 not filled: long leg rel spread 2.00 > max 0.50
exit profit_target for T0024 not filled: long leg rel spread 2.00 > max 0.50
exit profit_target for T0026 not filled: long leg rel spread 0.67 > max 0.50
exit profit_target for T0023 not filled: long leg rel spread 2.00 > max 0.50
exit profit_target for T0024 not filled: long leg rel spread 2.00 > max 0.50
exit profit_target for T0026 not filled: long leg rel spread 0.67 > max 0.50
exit profit_target for T0023 not filled: short leg rel spread 0.67 > max 0.50
exit profit_target for T0024 not filled: long leg rel spread 2.00 > max 0.50
exit profit_target for T0026 not filled: long leg rel spread 0.67 > max 0.50
exit profit_target for T0023 not filled: short leg rel spread 0.67 > max 0.50
exit profit_target for T0024 not filled: short leg rel spread 0.67 > max 0.50
exit profit_target for T0026 not filled: long leg rel spread 0.67 > max 0.50
exit profit_target for T0023 not filled: short leg rel spread 0.67 > max 0.50
exit profit_target for T0024 not filled: short leg rel spread 0.67 > max 0.50
exit profit_target for T0026 not filled: long leg rel spread 2.00 > max 0.50
exit profit_target for T0023 not filled: short leg rel spread 2.00 > max 0.50
exit profit_target for T0024 not filled: short leg rel spread 0.67 > max 0.50
exit profit_target for T0026 not filled: long leg rel spread 2.00 > max 0.50
exit profit_target for T0023 not filled: short leg rel spread 2.00 > max 0.50
exit profit_target for T0024 not filled: short leg rel spread 2.00 > max 0.50
exit profit_target for T0026 not filled: long leg rel spread 2.00 > max 0.50
exit profit_target for T0024 not filled: short leg rel spread 2.00 > max 0.50
exit profit_target for T0026 not filled: short leg rel spread 0.67 > max 0.50
exit profit_target for T0024 not filled: short leg rel spread 2.00 > max 0.50
exit profit_target for T0026 not filled: long leg rel spread 2.00 > max 0.50
exit profit_target for T0024 not filled: short leg rel spread 2.00 > max 0.50
exit profit_target for T0026 not filled: long leg rel spread 2.00 > max 0.50
exit profit_target for T0024 not filled: short leg rel spread 2.00 > max 0.50
exit profit_target for T0026 not filled: short leg rel spread 0.67 > max 0.50
exit profit_target for T0024 not filled: short leg rel spread 2.00 > max 0.50
exit profit_target for T0026 not filled: short leg rel spread 0.67 > max 0.50
exit profit_target for T0026 not filled: short leg rel spread 0.67 > max 0.50
exit profit_target for T0026 not filled: short leg rel spread 2.00 > max 0.50
exit profit_target for T0026 not filled: short leg rel spread 2.00 > max 0.50
exit profit_target for T0026 not filled: short leg rel spread 2.00 > max 0.50
exit profit_target for T0026 not filled: short leg rel spread 2.00 > max 0.50
absorb_falling_vix25|d0.20_w10_dte45_pt50_sl2 7.256067961165049
T0145 expires today with no quotes; closing at intrinsic
sectorcorr45_vix25|d0.10_w2_dte21_hold 4.21045197740113
exit profit_target for T0010 not filled: long leg rel spread 0.67 > max 0.50
exit profit_target for T0062 not filled: short leg rel spread 1.14 > max 0.50
exit profit_target for T0063 not filled: short leg rel spread 0.57 > max 0.50
sectorcorr45_vix25|d0.10_w2_dte21_pt50_sl2 -4.751412429378531
T0028 expires today with no quotes; closing at intrinsic
T0143 expires today with no quotes; closing at intrinsic
sectorcorr45_vix25|d0.10_w2_dte30_hold 4.965245251642014
exit profit_target for T0010 not filled: long leg rel spread 0.50 > max 0.50
exit profit_target for T0010 not filled: short leg rel spread 0.57 > max 0.50
exit profit_target for T0010 not filled: short leg rel spread 0.50 > max 0.50
exit profit_target for T0010 not filled: short leg rel spread 1.00 > max 0.50
exit profit_target for T0010 not filled: long leg rel spread 0.67 > max 0.50
exit profit_target for T0010 not filled: long leg rel spread 0.67 > max 0.50
exit profit_target for T0010 not filled: long leg rel spread 2.00 > max 0.50
exit profit_target for T0010 not filled: short leg rel spread 0.67 > max 0.50
exit profit_target for T0010 not filled: short leg rel spread 2.00 > max 0.50
exit profit_target for T0010 not filled: short leg rel spread 0.67 > max 0.50
exit profit_target for T0010 not filled: short leg rel spread 2.00 > max 0.50
exit profit_target for T0010 not filled: short leg rel spread 0.67 > max 0.50
exit profit_target for T0010 not filled: short leg rel spread 2.00 > max 0.50
exit profit_target for T0010 not filled: short leg rel spread 2.00 > max 0.50
exit profit_target for T0010 not filled: short leg rel spread 2.00 > max 0.50
exit profit_target for T0010 not filled: short leg rel spread 2.00 > max 0.50
exit profit_target for T0010 not filled: short leg rel spread 2.00 > max 0.50
exit profit_target for T0010 not filled: short leg rel spread 2.00 > max 0.50
exit profit_target for T0010 not filled: short leg rel spread 2.00 > max 0.50
exit profit_target for T0010 not filled: short leg rel spread 2.00 > max 0.50
exit profit_target for T0019 not filled: long leg rel spread 0.67 > max 0.50
exit profit_target for T0019 not filled: long leg rel spread 0.67 > max 0.50
exit profit_target for T0019 not filled: long leg rel spread 0.67 > max 0.50
exit profit_target for T0019 not filled: long leg rel spread 2.00 > max 0.50
exit profit_target for T0019 not filled: long leg rel spread 2.00 > max 0.50
exit profit_target for T0019 not filled: long leg rel spread 2.00 > max 0.50
exit profit_target for T0062 not filled: short leg rel spread 0.51 > max 0.50
exit profit_target for T0063 not filled: short leg rel spread 1.16 > max 0.50
sectorcorr45_vix25|d0.10_w2_dte30_pt50_sl2 -5.361581920903955
T0010 expires today with no quotes; closing at intrinsic
T0140 expires today with no quotes; closing at intrinsic
T0141 expires today with no quotes; closing at intrinsic
sectorcorr45_vix25|d0.10_w2_dte45_hold 3.8458693715484085
sectorcorr45_vix25|d0.10_w2_dte45_pt50_sl2 -4.015625
T0145 expires today with no quotes; closing at intrinsic
sectorcorr45_vix25|d0.10_w5_dte21_hold 7.165254237288136
exit profit_target for T0010 not filled: long leg rel spread 1.20 > max 0.50
exit profit_target for T0010 not filled: long leg rel spread 0.67 > max 0.50
exit profit_target for T0010 not filled: short leg rel spread 0.67 > max 0.50
exit profit_target for T0010 not filled: short leg rel spread 0.67 > max 0.50
exit profit_target for T0010 not filled: long leg rel spread 0.67 > max 0.50
exit profit_target for T0010 not filled: long leg rel spread 0.67 > max 0.50
exit profit_target for T0010 not filled: short leg rel spread 0.67 > max 0.50
exit profit_target for T0010 not filled: short leg rel spread 2.00 > max 0.50
exit profit_target for T0010 not filled: short leg rel spread 2.00 > max 0.50
exit profit_target for T0010 not filled: short leg rel spread 2.00 > max 0.50
exit profit_target for T0010 not filled: short leg rel spread 2.00 > max 0.50
exit profit_target for T0010 not filled: short leg rel spread 2.00 > max 0.50
exit profit_target for T0010 not filled: short leg rel spread 2.00 > max 0.50
exit profit_target for T0013 not filled: long leg rel spread 1.00 > max 0.50
exit profit_target for T0013 not filled: long leg rel spread 0.67 > max 0.50
exit profit_target for T0013 not filled: long leg rel spread 0.67 > max 0.50
exit profit_target for T0016 not filled: long leg rel spread 0.67 > max 0.50
exit profit_target for T0016 not filled: long leg rel spread 0.67 > max 0.50
exit profit_target for T0016 not filled: long leg rel spread 0.67 > max 0.50
exit profit_target for T0016 not filled: long leg rel spread 0.67 > max 0.50
exit profit_target for T0016 not filled: long leg rel spread 2.00 > max 0.50
exit profit_target for T0016 not filled: short leg rel spread 0.67 > max 0.50
exit profit_target for T0016 not filled: short leg rel spread 2.00 > max 0.50
exit profit_target for T0016 not filled: short leg rel spread 2.00 > max 0.50
exit profit_target for T0016 not filled: short leg rel spread 2.00 > max 0.50
exit profit_target for T0016 not filled: short leg rel spread 2.00 > max 0.50
exit profit_target for T0016 not filled: short leg rel spread 2.00 > max 0.50
exit profit_target for T0019 not filled: long leg rel spread 0.67 > max 0.50
exit profit_target for T0019 not filled: long leg rel spread 2.00 > max 0.50
exit profit_target for T0019 not filled: long leg rel spread 2.00 > max 0.50
exit profit_target for T0020 not filled: long leg rel spread 0.67 > max 0.50
exit profit_target for T0021 not filled: long leg rel spread 0.67 > max 0.50
exit profit_target for T0019 not filled: short leg rel spread 0.67 > max 0.50
exit profit_target for T0019 not filled: short leg rel spread 2.00 > max 0.50
exit profit_target for T0020 not filled: long leg rel spread 2.00 > max 0.50
exit profit_target for T0020 not filled: long leg rel spread 2.00 > max 0.50
exit profit_target for T0020 not filled: long leg rel spread 2.00 > max 0.50
exit profit_target for T0020 not filled: long leg rel spread 2.00 > max 0.50
exit profit_target for T0020 not filled: short leg rel spread 0.67 > max 0.50
exit profit_target for T0020 not filled: short leg rel spread 0.67 > max 0.50
exit profit_target for T0026 not filled: long leg rel spread 0.67 > max 0.50
exit profit_target for T0026 not filled: long leg rel spread 0.67 > max 0.50
exit profit_target for T0026 not filled: long leg rel spread 0.67 > max 0.50
exit profit_target for T0026 not filled: long leg rel spread 0.67 > max 0.50
exit profit_target for T0026 not filled: long leg rel spread 2.00 > max 0.50
exit profit_target for T0034 not filled: long leg rel spread 0.67 > max 0.50
exit profit_target for T0034 not filled: long leg rel spread 0.67 > max 0.50
exit profit_target for T0034 not filled: long leg rel spread 2.00 > max 0.50
exit profit_target for T0034 not filled: long leg rel spread 2.00 > max 0.50
exit profit_target for T0034 not filled: long leg rel spread 2.00 > max 0.50
exit profit_target for T0034 not filled: short leg rel spread 0.67 > max 0.50
exit profit_target for T0034 not filled: short leg rel spread 2.00 > max 0.50
exit profit_target for T0034 not filled: short leg rel spread 0.67 > max 0.50
exit profit_target for T0034 not filled: long leg rel spread 2.00 > max 0.50
exit profit_target for T0034 not filled: long leg rel spread 2.00 > max 0.50
exit profit_target for T0034 not filled: short leg rel spread 2.00 > max 0.50
exit profit_target for T0062 not filled: short leg rel spread 1.14 > max 0.50
exit profit_target for T0063 not filled: short leg rel spread 0.57 > max 0.50
exit profit_target for T0086 not filled: long leg rel spread 0.67 > max 0.50
exit profit_target for T0086 not filled: short leg rel spread 0.67 > max 0.50
exit profit_target for T0086 not filled: short leg rel spread 0.67 > max 0.50
exit profit_target for T0086 not filled: short leg rel spread 2.00 > max 0.50
exit profit_target for T0121 not filled: long leg rel spread 0.67 > max 0.50
exit profit_target for T0121 not filled: short leg rel spread 0.67 > max 0.50
exit profit_target for T0121 not filled: short leg rel spread 2.00 > max 0.50
exit profit_target for T0121 not filled: short leg rel spread 2.00 > max 0.50
exit profit_target for T0121 not filled: short leg rel spread 2.00 > max 0.50
exit profit_target for T0139 not filled: long leg rel spread 1.00 > max 0.50
exit profit_target for T0139 not filled: long leg rel spread 0.67 > max 0.50
exit profit_target for T0139 not filled: long leg rel spread 0.67 > max 0.50
exit profit_target for T0139 not filled: long leg rel spread 0.67 > max 0.50
exit profit_target for T0139 not filled: short leg rel spread 0.67 > max 0.50
sectorcorr45_vix25|d0.10_w5_dte21_pt50_sl2 -6.165254237288136
T0028 expires today with no quotes; closing at intrinsic
T0143 expires today with no quotes; closing at intrinsic
sectorcorr45_vix25|d0.10_w5_dte30_hold 6.812702878760657
exit profit_target for T0010 not filled: long leg rel spread 0.50 > max 0.50
exit profit_target for T0010 not filled: short leg rel spread 0.57 > max 0.50
exit profit_target for T0010 not filled: short leg rel spread 0.50 > max 0.50
exit profit_target for T0010 not filled: short leg rel spread 1.00 > max 0.50
exit profit_target for T0010 not filled: long leg rel spread 0.67 > max 0.50
exit profit_target for T0010 not filled: long leg rel spread 0.67 > max 0.50
exit profit_target for T0010 not filled: long leg rel spread 2.00 > max 0.50
exit profit_target for T0010 not filled: short leg rel spread 0.67 > max 0.50
exit profit_target for T0010 not filled: short leg rel spread 2.00 > max 0.50
exit profit_target for T0010 not filled: short leg rel spread 0.67 > max 0.50
exit profit_target for T0010 not filled: short leg rel spread 2.00 > max 0.50
exit profit_target for T0010 not filled: short leg rel spread 0.67 > max 0.50
exit profit_target for T0010 not filled: short leg rel spread 2.00 > max 0.50
exit profit_target for T0010 not filled: short leg rel spread 2.00 > max 0.50
exit profit_target for T0010 not filled: short leg rel spread 2.00 > max 0.50
exit profit_target for T0010 not filled: short leg rel spread 2.00 > max 0.50
exit profit_target for T0010 not filled: short leg rel spread 2.00 > max 0.50
exit profit_target for T0010 not filled: short leg rel spread 2.00 > max 0.50
exit profit_target for T0010 not filled: short leg rel spread 2.00 > max 0.50
exit profit_target for T0010 not filled: short leg rel spread 2.00 > max 0.50
exit profit_target for T0017 not filled: long leg rel spread 0.50 > max 0.50
exit profit_target for T0017 not filled: long leg rel spread 0.67 > max 0.50
exit profit_target for T0017 not filled: long leg rel spread 1.00 > max 0.50
exit profit_target for T0017 not filled: short leg rel spread 0.67 > max 0.50
exit profit_target for T0017 not filled: short leg rel spread 0.67 > max 0.50
exit profit_target for T0017 not filled: long leg rel spread 0.67 > max 0.50
exit profit_target for T0019 not filled: long leg rel spread 0.67 > max 0.50
exit profit_target for T0019 not filled: long leg rel spread 0.67 > max 0.50
exit profit_target for T0019 not filled: long leg rel spread 0.67 > max 0.50
exit profit_target for T0019 not filled: long leg rel spread 2.00 > max 0.50
exit profit_target for T0019 not filled: long leg rel spread 2.00 > max 0.50
exit profit_target for T0019 not filled: long leg rel spread 2.00 > max 0.50
exit profit_target for T0026 not filled: long leg rel spread 0.67 > max 0.50
exit profit_target for T0026 not filled: long leg rel spread 2.00 > max 0.50
exit profit_target for T0028 not filled: long leg rel spread 0.50 > max 0.50
exit profit_target for T0026 not filled: long leg rel spread 2.00 > max 0.50
exit profit_target for T0026 not filled: long leg rel spread 2.00 > max 0.50
exit profit_target for T0026 not filled: long leg rel spread 2.00 > max 0.50
exit profit_target for T0026 not filled: long leg rel spread 2.00 > max 0.50
exit profit_target for T0026 not filled: short leg rel spread 2.00 > max 0.50
exit profit_target for T0062 not filled: short leg rel spread 0.51 > max 0.50
exit profit_target for T0063 not filled: short leg rel spread 1.16 > max 0.50
sectorcorr45_vix25|d0.10_w5_dte30_pt50_sl2 -6.7259887005649714
T0010 expires today with no quotes; closing at intrinsic
T0140 expires today with no quotes; closing at intrinsic
T0141 expires today with no quotes; closing at intrinsic
sectorcorr45_vix25|d0.10_w5_dte45_hold 8.327403462457498
exit profit_target for T0023 not filled: long leg rel spread 0.50 > max 0.50
sectorcorr45_vix25|d0.10_w5_dte45_pt50_sl2 -4.529829545454546
T0145 expires today with no quotes; closing at intrinsic
sectorcorr45_vix25|d0.10_w10_dte21_hold 6.491525423728813
exit profit_target for T0002 not filled: long leg rel spread 0.67 > max 0.50
exit profit_target for T0002 not filled: long leg rel spread 2.00 > max 0.50
exit profit_target for T0002 not filled: long leg rel spread 0.67 > max 0.50
exit profit_target for T0002 not filled: long leg rel spread 2.00 > max 0.50
exit profit_target for T0002 not filled: long leg rel spread 2.00 > max 0.50
exit profit_target for T0002 not filled: long leg rel spread 2.00 > max 0.50
exit profit_target for T0002 not filled: long leg rel spread 2.00 > max 0.50
exit profit_target for T0002 not filled: long leg rel spread 2.00 > max 0.50
exit profit_target for T0002 not filled: long leg rel spread 2.00 > max 0.50
exit profit_target for T0002 not filled: long leg rel spread 2.00 > max 0.50
exit profit_target for T0002 not filled: long leg rel spread 2.00 > max 0.50
exit profit_target for T0005 not filled: long leg rel spread 0.67 > max 0.50
exit profit_target for T0005 not filled: long leg rel spread 2.00 > max 0.50
exit profit_target for T0005 not filled: long leg rel spread 2.00 > max 0.50
exit profit_target for T0005 not filled: long leg rel spread 2.00 > max 0.50
exit profit_target for T0005 not filled: short leg rel spread 0.67 > max 0.50
exit profit_target for T0005 not filled: short leg rel spread 2.00 > max 0.50
exit profit_target for T0005 not filled: short leg rel spread 2.00 > max 0.50
exit profit_target for T0005 not filled: short leg rel spread 2.00 > max 0.50
exit profit_target for T0005 not filled: short leg rel spread 2.00 > max 0.50
exit profit_target for T0009 not filled: long leg rel spread 0.67 > max 0.50
exit profit_target for T0009 not filled: long leg rel spread 0.67 > max 0.50
exit profit_target for T0009 not filled: long leg rel spread 2.00 > max 0.50
exit profit_target for T0009 not filled: long leg rel spread 0.67 > max 0.50
exit profit_target for T0009 not filled: short leg rel spread 1.00 > max 0.50
exit profit_target for T0010 not filled: long leg rel spread 1.00 > max 0.50
exit profit_target for T0009 not filled: short leg rel spread 0.67 > max 0.50
exit profit_target for T0010 not filled: long leg rel spread 1.00 > max 0.50
exit profit_target for T0009 not filled: short leg rel spread 2.00 > max 0.50
exit profit_target for T0010 not filled: short leg rel spread 0.67 > max 0.50
exit profit_target for T0009 not filled: short leg rel spread 2.00 > max 0.50
exit profit_target for T0010 not filled: short leg rel spread 0.67 > max 0.50
exit profit_target for T0009 not filled: short leg rel spread 0.67 > max 0.50
exit profit_target for T0010 not filled: long leg rel spread 2.00 > max 0.50
exit profit_target for T0009 not filled: short leg rel spread 2.00 > max 0.50
exit profit_target for T0010 not filled: long leg rel spread 2.00 > max 0.50
exit profit_target for T0009 not filled: short leg rel spread 2.00 > max 0.50
exit profit_target for T0010 not filled: short leg rel spread 0.67 > max 0.50
exit profit_target for T0009 not filled: short leg rel spread 2.00 > max 0.50
exit profit_target for T0010 not filled: short leg rel spread 2.00 > max 0.50
exit profit_target for T0010 not filled: short leg rel spread 2.00 > max 0.50
exit profit_target for T0010 not filled: short leg rel spread 2.00 > max 0.50
exit profit_target for T0010 not filled: short leg rel spread 2.00 > max 0.50
exit profit_target for T0010 not filled: short leg rel spread 2.00 > max 0.50
exit profit_target for T0010 not filled: short leg rel spread 2.00 > max 0.50
exit profit_target for T0012 not filled: long leg rel spread 2.00 > max 0.50
exit profit_target for T0012 not filled: long leg rel spread 2.00 > max 0.50
exit profit_target for T0012 not filled: long leg rel spread 2.00 > max 0.50
exit profit_target for T0012 not filled: long leg rel spread 2.00 > max 0.50
exit profit_target for T0012 not filled: long leg rel spread 2.00 > max 0.50
exit profit_target for T0012 not filled: short leg rel spread 0.67 > max 0.50
exit profit_target for T0013 not filled: long leg rel spread 0.67 > max 0.50
exit profit_target for T0012 not filled: short leg rel spread 0.67 > max 0.50
exit profit_target for T0013 not filled: long leg rel spread 0.67 > max 0.50
exit profit_target for T0012 not filled: short leg rel spread 0.67 > max 0.50
exit profit_target for T0013 not filled: long leg rel spread 0.67 > max 0.50
exit profit_target for T0012 not filled: short leg rel spread 0.67 > max 0.50
exit profit_target for T0013 not filled: long leg rel spread 0.67 > max 0.50
exit profit_target for T0012 not filled: long leg rel spread 2.00 > max 0.50
exit profit_target for T0012 not filled: short leg rel spread 2.00 > max 0.50
exit profit_target for T0012 not filled: short leg rel spread 2.00 > max 0.50
exit stop_loss for T0013 not filled: long leg rel spread 2.00 > max 0.50
exit profit_target for T0013 not filled: short leg rel spread 0.67 > max 0.50
exit profit_target for T0014 not filled: long leg rel spread 0.67 > max 0.50
exit profit_target for T0014 not filled: long leg rel spread 2.00 > max 0.50
exit profit_target for T0014 not filled: long leg rel spread 2.00 > max 0.50
exit profit_target for T0014 not filled: short leg rel spread 0.67 > max 0.50
exit profit_target for T0016 not filled: long leg rel spread 2.00 > max 0.50
exit profit_target for T0014 not filled: short leg rel spread 2.00 > max 0.50
exit profit_target for T0016 not filled: long leg rel spread 2.00 > max 0.50
exit profit_target for T0016 not filled: long leg rel spread 2.00 > max 0.50
exit profit_target for T0017 not filled: long leg rel spread 0.67 > max 0.50
exit profit_target for T0016 not filled: long leg rel spread 2.00 > max 0.50
exit profit_target for T0017 not filled: long leg rel spread 0.67 > max 0.50
exit profit_target for T0016 not filled: long leg rel spread 2.00 > max 0.50
exit profit_target for T0017 not filled: long leg rel spread 0.67 > max 0.50
exit profit_target for T0016 not filled: short leg rel spread 0.67 > max 0.50
exit profit_target for T0017 not filled: long leg rel spread 2.00 > max 0.50
exit profit_target for T0016 not filled: short leg rel spread 2.00 > max 0.50
exit profit_target for T0017 not filled: short leg rel spread 2.00 > max 0.50
exit profit_target for T0016 not filled: short leg rel spread 2.00 > max 0.50
exit profit_target for T0017 not filled: short leg rel spread 0.67 > max 0.50
exit profit_target for T0016 not filled: short leg rel spread 2.00 > max 0.50
exit profit_target for T0017 not filled: short leg rel spread 0.67 > max 0.50
exit profit_target for T0016 not filled: short leg rel spread 2.00 > max 0.50
exit profit_target for T0017 not filled: long leg rel spread 2.00 > max 0.50
exit profit_target for T0016 not filled: short leg rel spread 2.00 > max 0.50
exit profit_target for T0017 not filled: short leg rel spread 0.67 > max 0.50
exit profit_target for T0017 not filled: short leg rel spread 2.00 > max 0.50
exit profit_target for T0017 not filled: short leg rel spread 2.00 > max 0.50
exit profit_target for T0017 not filled: short leg rel spread 2.00 > max 0.50
exit profit_target for T0017 not filled: short leg rel spread 2.00 > max 0.50
exit profit_target for T0017 not filled: short leg rel spread 2.00 > max 0.50
exit profit_target for T0019 not filled: long leg rel spread 0.67 > max 0.50
exit profit_target for T0019 not filled: long leg rel spread 2.00 > max 0.50
exit profit_target for T0019 not filled: long leg rel spread 2.00 > max 0.50
exit profit_target for T0020 not filled: long leg rel spread 2.00 > max 0.50
exit profit_target for T0021 not filled: long leg rel spread 0.67 > max 0.50
exit profit_target for T0019 not filled: short leg rel spread 0.67 > max 0.50
exit profit_target for T0021 not filled: long leg rel spread 0.67 > max 0.50
exit profit_target for T0019 not filled: short leg rel spread 2.00 > max 0.50
exit profit_target for T0020 not filled: long leg rel spread 2.00 > max 0.50
exit profit_target for T0021 not filled: long leg rel spread 2.00 > max 0.50
exit profit_target for T0020 not filled: long leg rel spread 2.00 > max 0.50
exit profit_target for T0021 not filled: long leg rel spread 2.00 > max 0.50
exit profit_target for T0020 not filled: long leg rel spread 2.00 > max 0.50
exit profit_target for T0021 not filled: long leg rel spread 2.00 > max 0.50
exit profit_target for T0020 not filled: long leg rel spread 2.00 > max 0.50
exit profit_target for T0021 not filled: long leg rel spread 2.00 > max 0.50
exit profit_target for T0020 not filled: short leg rel spread 0.67 > max 0.50
exit profit_target for T0021 not filled: long leg rel spread 2.00 > max 0.50
exit profit_target for T0020 not filled: short leg rel spread 0.67 > max 0.50
exit profit_target for T0021 not filled: long leg rel spread 2.00 > max 0.50
exit profit_target for T0021 not filled: long leg rel spread 2.00 > max 0.50
exit profit_target for T0021 not filled: long leg rel spread 2.00 > max 0.50
exit profit_target for T0021 not filled: short leg rel spread 2.00 > max 0.50
exit profit_target for T0023 not filled: long leg rel spread 0.67 > max 0.50
exit profit_target for T0021 not filled: short leg rel spread 2.00 > max 0.50
exit profit_target for T0023 not filled: long leg rel spread 2.00 > max 0.50
exit profit_target for T0021 not filled: short leg rel spread 2.00 > max 0.50
exit profit_target for T0023 not filled: long leg rel spread 2.00 > max 0.50
exit profit_target for T0023 not filled: short leg rel spread 0.67 > max 0.50
exit profit_target for T0023 not filled: short leg rel spread 0.67 > max 0.50
exit profit_target for T0023 not filled: short leg rel spread 0.67 > max 0.50
exit profit_target for T0023 not filled: short leg rel spread 0.67 > max 0.50
exit profit_target for T0023 not filled: short leg rel spread 0.67 > max 0.50
exit profit_target for T0023 not filled: short leg rel spread 2.00 > max 0.50
exit profit_target for T0023 not filled: short leg rel spread 2.00 > max 0.50
exit profit_target for T0023 not filled: short leg rel spread 2.00 > max 0.50
exit profit_target for T0023 not filled: short leg rel spread 2.00 > max 0.50
exit profit_target for T0023 not filled: short leg rel spread 2.00 > max 0.50
exit profit_target for T0025 not filled: long leg rel spread 0.67 > max 0.50
exit profit_target for T0025 not filled: long leg rel spread 0.67 > max 0.50
exit profit_target for T0025 not filled: long leg rel spread 2.00 > max 0.50
exit profit_target for T0025 not filled: long leg rel spread 2.00 > max 0.50
exit profit_target for T0025 not filled: long leg rel spread 2.00 > max 0.50
exit profit_target for T0025 not filled: long leg rel spread 2.00 > max 0.50
exit profit_target for T0025 not filled: long leg rel spread 2.00 > max 0.50
exit profit_target for T0025 not filled: long leg rel spread 2.00 > max 0.50
exit profit_target for T0025 not filled: short leg rel spread 0.67 > max 0.50
exit profit_target for T0025 not filled: long leg rel spread 2.00 > max 0.50
exit profit_target for T0025 not filled: short leg rel spread 0.67 > max 0.50
exit profit_target for T0025 not filled: short leg rel spread 0.67 > max 0.50
exit profit_target for T0025 not filled: short leg rel spread 2.00 > max 0.50
exit profit_target for T0026 not filled: long leg rel spread 2.00 > max 0.50
exit profit_target for T0027 not filled: long leg rel spread 2.00 > max 0.50
exit profit_target for T0026 not filled: long leg rel spread 2.00 > max 0.50
exit profit_target for T0027 not filled: long leg rel spread 0.67 > max 0.50
exit profit_target for T0026 not filled: long leg rel spread 2.00 > max 0.50
exit profit_target for T0027 not filled: long leg rel spread 0.67 > max 0.50
exit profit_target for T0026 not filled: long leg rel spread 2.00 > max 0.50
exit profit_target for T0026 not filled: long leg rel spread 2.00 > max 0.50
exit profit_target for T0027 not filled: long leg rel spread 2.00 > max 0.50
exit profit_target for T0027 not filled: short leg rel spread 2.00 > max 0.50
exit profit_target for T0027 not filled: short leg rel spread 2.00 > max 0.50
exit profit_target for T0027 not filled: short leg rel spread 2.00 > max 0.50
exit profit_target for T0027 not filled: short leg rel spread 2.00 > max 0.50
exit profit_target for T0031 not filled: long leg rel spread 2.00 > max 0.50
exit profit_target for T0031 not filled: long leg rel spread 2.00 > max 0.50
exit profit_target for T0031 not filled: short leg rel spread 0.67 > max 0.50
exit profit_target for T0034 not filled: long leg rel spread 0.67 > max 0.50
exit profit_target for T0034 not filled: long leg rel spread 2.00 > max 0.50
exit profit_target for T0034 not filled: long leg rel spread 2.00 > max 0.50
exit profit_target for T0034 not filled: long leg rel spread 2.00 > max 0.50
exit profit_target for T0034 not filled: long leg rel spread 2.00 > max 0.50
exit profit_target for T0034 not filled: short leg rel spread 0.67 > max 0.50
exit profit_target for T0034 not filled: short leg rel spread 2.00 > max 0.50
exit profit_target for T0034 not filled: short leg rel spread 0.67 > max 0.50
exit profit_target for T0034 not filled: long leg rel spread 2.00 > max 0.50
exit profit_target for T0034 not filled: long leg rel spread 2.00 > max 0.50
exit profit_target for T0034 not filled: short leg rel spread 2.00 > max 0.50
exit profit_target for T0036 not filled: long leg rel spread 2.00 > max 0.50
exit profit_target for T0037 not filled: long leg rel spread 0.67 > max 0.50
exit profit_target for T0036 not filled: long leg rel spread 2.00 > max 0.50
exit profit_target for T0037 not filled: long leg rel spread 0.67 > max 0.50
exit profit_target for T0036 not filled: long leg rel spread 2.00 > max 0.50
exit profit_target for T0037 not filled: long leg rel spread 0.67 > max 0.50
exit profit_target for T0037 not filled: long leg rel spread 0.67 > max 0.50
exit profit_target for T0048 not filled: long leg rel spread 0.67 > max 0.50
exit profit_target for T0048 not filled: long leg rel spread 0.67 > max 0.50
exit profit_target for T0048 not filled: long leg rel spread 2.00 > max 0.50
exit profit_target for T0048 not filled: short leg rel spread 0.67 > max 0.50
exit profit_target for T0048 not filled: short leg rel spread 0.67 > max 0.50
exit profit_target for T0048 not filled: short leg rel spread 0.67 > max 0.50
exit profit_target for T0048 not filled: long leg rel spread 2.00 > max 0.50
exit profit_target for T0055 not filled: long leg rel spread 0.67 > max 0.50
exit profit_target for T0055 not filled: long leg rel spread 2.00 > max 0.50
exit profit_target for T0055 not filled: long leg rel spread 2.00 > max 0.50
exit profit_target for T0055 not filled: short leg rel spread 0.67 > max 0.50
exit profit_target for T0062 not filled: short leg rel spread 1.14 > max 0.50
exit profit_target for T0063 not filled: short leg rel spread 0.57 > max 0.50
exit profit_target for T0062 not filled: long leg rel spread 0.67 > max 0.50
exit profit_target for T0062 not filled: long leg rel spread 0.67 > max 0.50
exit profit_target for T0062 not filled: long leg rel spread 0.67 > max 0.50
exit profit_target for T0062 not filled: short leg rel spread 0.67 > max 0.50
exit profit_target for T0062 not filled: short leg rel spread 2.00 > max 0.50
exit profit_target for T0078 not filled: long leg rel spread 0.67 > max 0.50
exit profit_target for T0078 not filled: long leg rel spread 0.67 > max 0.50
exit profit_target for T0078 not filled: short leg rel spread 0.67 > max 0.50
exit profit_target for T0078 not filled: short leg rel spread 2.00 > max 0.50
exit profit_target for T0078 not filled: short leg rel spread 2.00 > max 0.50
exit profit_target for T0078 not filled: short leg rel spread 2.00 > max 0.50
exit profit_target for T0078 not filled: short leg rel spread 2.00 > max 0.50
exit profit_target for T0086 not filled: long leg rel spread 0.67 > max 0.50
exit profit_target for T0086 not filled: short leg rel spread 0.67 > max 0.50
exit profit_target for T0086 not filled: short leg rel spread 0.67 > max 0.50
exit profit_target for T0086 not filled: short leg rel spread 2.00 > max 0.50
exit profit_target for T0115 not filled: long leg rel spread 0.67 > max 0.50
exit profit_target for T0115 not filled: long leg rel spread 0.67 > max 0.50
exit profit_target for T0115 not filled: long leg rel spread 0.67 > max 0.50
exit profit_target for T0115 not filled: short leg rel spread 0.67 > max 0.50
exit profit_target for T0121 not filled: long leg rel spread 0.67 > max 0.50
exit profit_target for T0121 not filled: long leg rel spread 0.67 > max 0.50
exit profit_target for T0121 not filled: short leg rel spread 0.67 > max 0.50
exit profit_target for T0121 not filled: short leg rel spread 2.00 > max 0.50
exit profit_target for T0121 not filled: short leg rel spread 2.00 > max 0.50
exit profit_target for T0121 not filled: short leg rel spread 2.00 > max 0.50
exit profit_target for T0139 not filled: long leg rel spread 0.67 > max 0.50
exit profit_target for T0139 not filled: long leg rel spread 2.00 > max 0.50
exit profit_target for T0139 not filled: long leg rel spread 0.67 > max 0.50
exit profit_target for T0139 not filled: long leg rel spread 0.67 > max 0.50
exit profit_target for T0139 not filled: short leg rel spread 0.67 > max 0.50
sectorcorr45_vix25|d0.10_w10_dte21_pt50_sl2 -6.814971751412429
T0028 expires today with no quotes; closing at intrinsic
T0143 expires today with no quotes; closing at intrinsic
sectorcorr45_vix25|d0.10_w10_dte30_hold 13.055640731868003
exit profit_target for T0002 not filled: long leg rel spread 0.67 > max 0.50
exit profit_target for T0002 not filled: long leg rel spread 2.00 > max 0.50
exit profit_target for T0002 not filled: long leg rel spread 2.00 > max 0.50
exit profit_target for T0002 not filled: long leg rel spread 2.00 > max 0.50
exit profit_target for T0002 not filled: long leg rel spread 2.00 > max 0.50
exit profit_target for T0002 not filled: long leg rel spread 0.67 > max 0.50
exit profit_target for T0002 not filled: long leg rel spread 2.00 > max 0.50
exit profit_target for T0002 not filled: short leg rel spread 2.00 > max 0.50
exit profit_target for T0010 not filled: long leg rel spread 0.50 > max 0.50
exit profit_target for T0010 not filled: short leg rel spread 0.57 > max 0.50
exit profit_target for T0010 not filled: short leg rel spread 0.50 > max 0.50
exit profit_target for T0010 not filled: short leg rel spread 1.00 > max 0.50
exit profit_target for T0010 not filled: long leg rel spread 0.67 > max 0.50
exit profit_target for T0010 not filled: long leg rel spread 0.67 > max 0.50
exit profit_target for T0010 not filled: long leg rel spread 2.00 > max 0.50
exit profit_target for T0010 not filled: short leg rel spread 0.67 > max 0.50
exit profit_target for T0010 not filled: short leg rel spread 2.00 > max 0.50
exit profit_target for T0010 not filled: short leg rel spread 0.67 > max 0.50
exit profit_target for T0010 not filled: short leg rel spread 2.00 > max 0.50
exit profit_target for T0010 not filled: short leg rel spread 0.67 > max 0.50
exit profit_target for T0010 not filled: short leg rel spread 2.00 > max 0.50
exit profit_target for T0010 not filled: short leg rel spread 2.00 > max 0.50
exit profit_target for T0010 not filled: short leg rel spread 2.00 > max 0.50
exit profit_target for T0010 not filled: short leg rel spread 2.00 > max 0.50
exit profit_target for T0010 not filled: short leg rel spread 2.00 > max 0.50
exit profit_target for T0010 not filled: short leg rel spread 2.00 > max 0.50
exit profit_target for T0010 not filled: short leg rel spread 2.00 > max 0.50
exit profit_target for T0010 not filled: short leg rel spread 2.00 > max 0.50
exit profit_target for T0014 not filled: long leg rel spread 2.00 > max 0.50
exit profit_target for T0016 not filled: long leg rel spread 0.67 > max 0.50
exit profit_target for T0016 not filled: long leg rel spread 0.67 > max 0.50
exit profit_target for T0014 not filled: long leg rel spread 2.00 > max 0.50
exit profit_target for T0016 not filled: long leg rel spread 2.00 > max 0.50
exit profit_target for T0014 not filled: long leg rel spread 2.00 > max 0.50
exit profit_target for T0016 not filled: long leg rel spread 0.67 > max 0.50
exit profit_target for T0014 not filled: long leg rel spread 2.00 > max 0.50
exit profit_target for T0016 not filled: long leg rel spread 2.00 > max 0.50
exit profit_target for T0014 not filled: short leg rel spread 0.67 > max 0.50
exit profit_target for T0016 not filled: long leg rel spread 2.00 > max 0.50
exit profit_target for T0014 not filled: short leg rel spread 2.00 > max 0.50
exit profit_target for T0016 not filled: short leg rel spread 2.00 > max 0.50
exit profit_target for T0014 not filled: short leg rel spread 2.00 > max 0.50
exit profit_target for T0016 not filled: short leg rel spread 2.00 > max 0.50
exit profit_target for T0016 not filled: short leg rel spread 0.67 > max 0.50
exit profit_target for T0016 not filled: short leg rel spread 0.67 > max 0.50
exit profit_target for T0016 not filled: short leg rel spread 0.67 > max 0.50
exit profit_target for T0016 not filled: short leg rel spread 2.00 > max 0.50
exit profit_target for T0016 not filled: short leg rel spread 2.00 > max 0.50
exit profit_target for T0016 not filled: short leg rel spread 2.00 > max 0.50
exit profit_target for T0016 not filled: short leg rel spread 2.00 > max 0.50
exit profit_target for T0016 not filled: short leg rel spread 2.00 > max 0.50
exit profit_target for T0016 not filled: short leg rel spread 2.00 > max 0.50
exit profit_target for T0019 not filled: long leg rel spread 2.00 > max 0.50
exit profit_target for T0021 not filled: long leg rel spread 0.67 > max 0.50
exit profit_target for T0019 not filled: long leg rel spread 2.00 > max 0.50
exit profit_target for T0020 not filled: long leg rel spread 2.00 > max 0.50
exit profit_target for T0019 not filled: long leg rel spread 2.00 > max 0.50
exit profit_target for T0020 not filled: long leg rel spread 2.00 > max 0.50
exit profit_target for T0019 not filled: long leg rel spread 2.00 > max 0.50
exit profit_target for T0020 not filled: long leg rel spread 2.00 > max 0.50
exit profit_target for T0019 not filled: long leg rel spread 2.00 > max 0.50
exit profit_target for T0020 not filled: long leg rel spread 2.00 > max 0.50
exit profit_target for T0019 not filled: long leg rel spread 2.00 > max 0.50
exit profit_target for T0020 not filled: long leg rel spread 2.00 > max 0.50
exit profit_target for T0019 not filled: long leg rel spread 2.00 > max 0.50
exit profit_target for T0020 not filled: long leg rel spread 2.00 > max 0.50
exit profit_target for T0020 not filled: long leg rel spread 2.00 > max 0.50
exit profit_target for T0020 not filled: short leg rel spread 0.67 > max 0.50
exit profit_target for T0023 not filled: long leg rel spread 0.67 > max 0.50
exit profit_target for T0020 not filled: short leg rel spread 2.00 > max 0.50
exit profit_target for T0023 not filled: long leg rel spread 2.00 > max 0.50
exit profit_target for T0020 not filled: short leg rel spread 2.00 > max 0.50
exit profit_target for T0023 not filled: long leg rel spread 2.00 > max 0.50
exit profit_target for T0020 not filled: short leg rel spread 2.00 > max 0.50
exit profit_target for T0023 not filled: long leg rel spread 2.00 > max 0.50
exit profit_target for T0023 not filled: long leg rel spread 2.00 > max 0.50
exit profit_target for T0023 not filled: long leg rel spread 2.00 > max 0.50
exit profit_target for T0023 not filled: long leg rel spread 2.00 > max 0.50
exit profit_target for T0023 not filled: short leg rel spread 0.67 > max 0.50
exit profit_target for T0023 not filled: short leg rel spread 0.67 > max 0.50
exit profit_target for T0023 not filled: short leg rel spread 2.00 > max 0.50
exit profit_target for T0023 not filled: short leg rel spread 2.00 > max 0.50
exit profit_target for T0023 not filled: short leg rel spread 2.00 > max 0.50
exit profit_target for T0023 not filled: short leg rel spread 2.00 > max 0.50
exit profit_target for T0023 not filled: short leg rel spread 2.00 > max 0.50
exit profit_target for T0023 not filled: short leg rel spread 2.00 > max 0.50
exit profit_target for T0023 not filled: short leg rel spread 2.00 > max 0.50
exit profit_target for T0023 not filled: short leg rel spread 2.00 > max 0.50
exit profit_target for T0023 not filled: short leg rel spread 2.00 > max 0.50
exit profit_target for T0023 not filled: short leg rel spread 2.00 > max 0.50
exit profit_target for T0025 not filled: long leg rel spread 0.67 > max 0.50
exit profit_target for T0025 not filled: long leg rel spread 0.67 > max 0.50
exit profit_target for T0025 not filled: long leg rel spread 0.67 > max 0.50
exit profit_target for T0025 not filled: long leg rel spread 0.67 > max 0.50
exit profit_target for T0025 not filled: long leg rel spread 2.00 > max 0.50
exit profit_target for T0025 not filled: long leg rel spread 2.00 > max 0.50
exit profit_target for T0025 not filled: long leg rel spread 2.00 > max 0.50
exit profit_target for T0025 not filled: long leg rel spread 2.00 > max 0.50
exit profit_target for T0025 not filled: long leg rel spread 2.00 > max 0.50
exit profit_target for T0025 not filled: long leg rel spread 0.67 > max 0.50
exit profit_target for T0025 not filled: long leg rel spread 2.00 > max 0.50
exit profit_target for T0025 not filled: long leg rel spread 2.00 > max 0.50
exit profit_target for T0025 not filled: long leg rel spread 2.00 > max 0.50
exit profit_target for T0025 not filled: long leg rel spread 2.00 > max 0.50
exit profit_target for T0025 not filled: long leg rel spread 2.00 > max 0.50
exit profit_target for T0025 not filled: short leg rel spread 2.00 > max 0.50
exit profit_target for T0025 not filled: short leg rel spread 2.00 > max 0.50
exit profit_target for T0025 not filled: short leg rel spread 2.00 > max 0.50
exit profit_target for T0025 not filled: short leg rel spread 2.00 > max 0.50
exit profit_target for T0025 not filled: short leg rel spread 2.00 > max 0.50
exit profit_target for T0026 not filled: long leg rel spread 2.00 > max 0.50
exit profit_target for T0026 not filled: long leg rel spread 2.00 > max 0.50
exit profit_target for T0026 not filled: long leg rel spread 2.00 > max 0.50
exit profit_target for T0026 not filled: long leg rel spread 2.00 > max 0.50
exit profit_target for T0026 not filled: long leg rel spread 2.00 > max 0.50
exit profit_target for T0026 not filled: long leg rel spread 2.00 > max 0.50
exit profit_target for T0026 not filled: short leg rel spread 2.00 > max 0.50
exit profit_target for T0034 not filled: long leg rel spread 0.67 > max 0.50
exit profit_target for T0034 not filled: long leg rel spread 2.00 > max 0.50
exit profit_target for T0034 not filled: long leg rel spread 2.00 > max 0.50
exit profit_target for T0034 not filled: long leg rel spread 2.00 > max 0.50
exit profit_target for T0034 not filled: long leg rel spread 2.00 > max 0.50
exit profit_target for T0034 not filled: long leg rel spread 2.00 > max 0.50
exit profit_target for T0034 not filled: long leg rel spread 2.00 > max 0.50
exit profit_target for T0034 not filled: long leg rel spread 2.00 > max 0.50
exit profit_target for T0034 not filled: long leg rel spread 0.67 > max 0.50
exit profit_target for T0034 not filled: long leg rel spread 2.00 > max 0.50
exit profit_target for T0034 not filled: long leg rel spread 2.00 > max 0.50
exit profit_target for T0034 not filled: long leg rel spread 2.00 > max 0.50
exit profit_target for T0034 not filled: long leg rel spread 2.00 > max 0.50
exit profit_target for T0034 not filled: short leg rel spread 0.67 > max 0.50
exit profit_target for T0048 not filled: long leg rel spread 0.67 > max 0.50
exit profit_target for T0062 not filled: short leg rel spread 0.51 > max 0.50
exit profit_target for T0063 not filled: short leg rel spread 1.16 > max 0.50
sectorcorr45_vix25|d0.10_w10_dte30_pt50_sl2 -8.830508474576272
T0010 expires today with no quotes; closing at intrinsic
T0140 expires today with no quotes; closing at intrinsic
T0141 expires today with no quotes; closing at intrinsic
sectorcorr45_vix25|d0.10_w10_dte45_hold 14.728823917002938
exit profit_target for T0008 not filled: long leg rel spread 1.00 > max 0.50
exit profit_target for T0008 not filled: long leg rel spread 1.00 > max 0.50
exit profit_target for T0008 not filled: long leg rel spread 0.67 > max 0.50
exit profit_target for T0008 not filled: long leg rel spread 0.67 > max 0.50
exit profit_target for T0008 not filled: short leg rel spread 0.67 > max 0.50
exit profit_target for T0010 not filled: long leg rel spread 0.55 > max 0.50
exit profit_target for T0008 not filled: short leg rel spread 0.67 > max 0.50
exit profit_target for T0010 not filled: long leg rel spread 0.67 > max 0.50
exit profit_target for T0008 not filled: short leg rel spread 1.00 > max 0.50
exit profit_target for T0010 not filled: long leg rel spread 1.20 > max 0.50
exit profit_target for T0008 not filled: short leg rel spread 2.00 > max 0.50
exit profit_target for T0010 not filled: long leg rel spread 0.67 > max 0.50
exit profit_target for T0008 not filled: short leg rel spread 0.67 > max 0.50
exit profit_target for T0010 not filled: long leg rel spread 0.67 > max 0.50
exit profit_target for T0008 not filled: short leg rel spread 0.67 > max 0.50
exit profit_target for T0010 not filled: long leg rel spread 1.00 > max 0.50
exit profit_target for T0008 not filled: short leg rel spread 0.67 > max 0.50
exit profit_target for T0010 not filled: long leg rel spread 2.00 > max 0.50
exit profit_target for T0008 not filled: short leg rel spread 2.00 > max 0.50
exit profit_target for T0010 not filled: long leg rel spread 2.00 > max 0.50
exit profit_target for T0008 not filled: short leg rel spread 2.00 > max 0.50
exit profit_target for T0010 not filled: long leg rel spread 0.67 > max 0.50
exit profit_target for T0008 not filled: short leg rel spread 2.00 > max 0.50
exit profit_target for T0010 not filled: long leg rel spread 1.00 > max 0.50
exit profit_target for T0008 not filled: short leg rel spread 2.00 > max 0.50
exit profit_target for T0010 not filled: short leg rel spread 0.50 > max 0.50
exit profit_target for T0008 not filled: short leg rel spread 2.00 > max 0.50
exit profit_target for T0008 not filled: short leg rel spread 2.00 > max 0.50
exit profit_target for T0008 not filled: short leg rel spread 2.00 > max 0.50
exit profit_target for T0008 not filled: short leg rel spread 2.00 > max 0.50
exit profit_target for T0008 not filled: short leg rel spread 2.00 > max 0.50
exit profit_target for T0008 not filled: short leg rel spread 2.00 > max 0.50
exit profit_target for T0014 not filled: long leg rel spread 0.67 > max 0.50
exit profit_target for T0014 not filled: long leg rel spread 0.67 > max 0.50
exit profit_target for T0014 not filled: long leg rel spread 2.00 > max 0.50
exit profit_target for T0014 not filled: short leg rel spread 0.67 > max 0.50
exit profit_target for T0014 not filled: short leg rel spread 0.67 > max 0.50
exit profit_target for T0014 not filled: long leg rel spread 2.00 > max 0.50
exit profit_target for T0014 not filled: long leg rel spread 0.67 > max 0.50
exit profit_target for T0014 not filled: short leg rel spread 0.67 > max 0.50
exit profit_target for T0014 not filled: short leg rel spread 0.67 > max 0.50
exit profit_target for T0014 not filled: short leg rel spread 2.00 > max 0.50
exit profit_target for T0014 not filled: short leg rel spread 2.00 > max 0.50
exit profit_target for T0014 not filled: short leg rel spread 2.00 > max 0.50
exit profit_target for T0014 not filled: short leg rel spread 2.00 > max 0.50
exit profit_target for T0014 not filled: short leg rel spread 2.00 > max 0.50
exit profit_target for T0014 not filled: short leg rel spread 2.00 > max 0.50
exit profit_target for T0014 not filled: short leg rel spread 2.00 > max 0.50
exit profit_target for T0019 not filled: long leg rel spread 0.67 > max 0.50
exit profit_target for T0019 not filled: long leg rel spread 0.67 > max 0.50
exit profit_target for T0019 not filled: long leg rel spread 0.67 > max 0.50
exit profit_target for T0019 not filled: long leg rel spread 0.67 > max 0.50
exit profit_target for T0023 not filled: long leg rel spread 1.00 > max 0.50
exit profit_target for T0019 not filled: long leg rel spread 2.00 > max 0.50
exit profit_target for T0023 not filled: long leg rel spread 0.67 > max 0.50
exit profit_target for T0019 not filled: short leg rel spread 0.67 > max 0.50
exit profit_target for T0023 not filled: short leg rel spread 0.50 > max 0.50
exit profit_target for T0019 not filled: short leg rel spread 0.67 > max 0.50
exit profit_target for T0023 not filled: long leg rel spread 0.67 > max 0.50
exit profit_target for T0019 not filled: short leg rel spread 0.67 > max 0.50
exit profit_target for T0023 not filled: long leg rel spread 2.00 > max 0.50
exit profit_target for T0019 not filled: short leg rel spread 0.67 > max 0.50
exit profit_target for T0023 not filled: long leg rel spread 2.00 > max 0.50
exit profit_target for T0019 not filled: short leg rel spread 0.67 > max 0.50
exit profit_target for T0023 not filled: long leg rel spread 2.00 > max 0.50
exit profit_target for T0019 not filled: short leg rel spread 2.00 > max 0.50
exit profit_target for T0023 not filled: long leg rel spread 0.67 > max 0.50
exit profit_target for T0019 not filled: short leg rel spread 2.00 > max 0.50
exit profit_target for T0023 not filled: long leg rel spread 2.00 > max 0.50
exit profit_target for T0019 not filled: short leg rel spread 2.00 > max 0.50
exit profit_target for T0023 not filled: short leg rel spread 0.67 > max 0.50
exit profit_target for T0019 not filled: short leg rel spread 2.00 > max 0.50
exit profit_target for T0023 not filled: short leg rel spread 0.67 > max 0.50
exit profit_target for T0023 not filled: short leg rel spread 0.67 > max 0.50
exit profit_target for T0023 not filled: long leg rel spread 2.00 > max 0.50
exit profit_target for T0023 not filled: short leg rel spread 0.67 > max 0.50
exit profit_target for T0023 not filled: short leg rel spread 0.67 > max 0.50
exit profit_target for T0023 not filled: short leg rel spread 0.67 > max 0.50
exit profit_target for T0023 not filled: short leg rel spread 0.67 > max 0.50
exit profit_target for T0023 not filled: short leg rel spread 2.00 > max 0.50
exit profit_target for T0023 not filled: short leg rel spread 2.00 > max 0.50
exit profit_target for T0023 not filled: short leg rel spread 2.00 > max 0.50
exit profit_target for T0023 not filled: short leg rel spread 2.00 > max 0.50
exit profit_target for T0023 not filled: short leg rel spread 2.00 > max 0.50
exit profit_target for T0023 not filled: short leg rel spread 2.00 > max 0.50
exit profit_target for T0023 not filled: short leg rel spread 2.00 > max 0.50
exit profit_target for T0023 not filled: short leg rel spread 2.00 > max 0.50
exit profit_target for T0063 not filled: long leg rel spread 1.09 > max 0.50
sectorcorr45_vix25|d0.10_w10_dte45_pt50_sl2 -4.140625
T0145 expires today with no quotes; closing at intrinsic
sectorcorr45_vix25|d0.15_w2_dte21_hold 4.1194430006533285
exit profit_target for T0014 not filled: long leg rel spread 0.67 > max 0.50
exit profit_target for T0014 not filled: long leg rel spread 2.00 > max 0.50
exit profit_target for T0062 not filled: short leg rel spread 0.73 > max 0.50
exit profit_target for T0063 not filled: short leg rel spread 0.55 > max 0.50
exit profit_target for T0086 not filled: long leg rel spread 0.67 > max 0.50
exit profit_target for T0086 not filled: short leg rel spread 0.67 > max 0.50
exit profit_target for T0086 not filled: short leg rel spread 2.00 > max 0.50
sectorcorr45_vix25|d0.15_w2_dte21_pt50_sl2 -4.822033898305085
T0028 expires today with no quotes; closing at intrinsic
T0143 expires today with no quotes; closing at intrinsic
sectorcorr45_vix25|d0.15_w2_dte30_hold 8.258474576271187
exit profit_target for T0019 not filled: long leg rel spread 0.67 > max 0.50
exit profit_target for T0019 not filled: long leg rel spread 0.67 > max 0.50
exit profit_target for T0019 not filled: long leg rel spread 0.67 > max 0.50
exit profit_target for T0019 not filled: long leg rel spread 2.00 > max 0.50
exit profit_target for T0019 not filled: long leg rel spread 2.00 > max 0.50
exit profit_target for T0019 not filled: long leg rel spread 2.00 > max 0.50
exit profit_target for T0063 not filled: short leg rel spread 0.63 > max 0.50
sectorcorr45_vix25|d0.15_w2_dte30_pt50_sl2 -3.9717514124293785
T0010 expires today with no quotes; closing at intrinsic
T0140 expires today with no quotes; closing at intrinsic
T0141 expires today with no quotes; closing at intrinsic
sectorcorr45_vix25|d0.15_w2_dte45_hold 2.0496545255470946
sectorcorr45_vix25|d0.15_w2_dte45_pt50_sl2 -4.6491477272727275
T0145 expires today with no quotes; closing at intrinsic
sectorcorr45_vix25|d0.15_w5_dte21_hold 6.738087068449938
exit profit_target for T0010 not filled: long leg rel spread 0.67 > max 0.50
exit profit_target for T0010 not filled: long leg rel spread 0.50 > max 0.50
exit profit_target for T0010 not filled: short leg rel spread 0.50 > max 0.50
exit profit_target for T0010 not filled: long leg rel spread 2.00 > max 0.50
exit profit_target for T0010 not filled: long leg rel spread 0.67 > max 0.50
exit profit_target for T0010 not filled: long leg rel spread 0.67 > max 0.50
exit profit_target for T0010 not filled: long leg rel spread 0.67 > max 0.50
exit profit_target for T0010 not filled: short leg rel spread 2.00 > max 0.50
exit profit_target for T0010 not filled: short leg rel spread 2.00 > max 0.50
exit profit_target for T0010 not filled: short leg rel spread 2.00 > max 0.50
exit profit_target for T0010 not filled: short leg rel spread 2.00 > max 0.50
exit profit_target for T0010 not filled: short leg rel spread 2.00 > max 0.50
exit profit_target for T0010 not filled: short leg rel spread 2.00 > max 0.50
exit profit_target for T0014 not filled: long leg rel spread 2.00 > max 0.50
exit profit_target for T0014 not filled: long leg rel spread 2.00 > max 0.50
exit profit_target for T0019 not filled: long leg rel spread 2.00 > max 0.50
exit profit_target for T0019 not filled: long leg rel spread 2.00 > max 0.50
exit profit_target for T0019 not filled: short leg rel spread 0.67 > max 0.50
exit profit_target for T0034 not filled: long leg rel spread 1.00 > max 0.50
exit profit_target for T0034 not filled: long leg rel spread 0.67 > max 0.50
exit profit_target for T0034 not filled: long leg rel spread 0.67 > max 0.50
exit profit_target for T0034 not filled: long leg rel spread 0.67 > max 0.50
exit profit_target for T0034 not filled: long leg rel spread 2.00 > max 0.50
exit profit_target for T0034 not filled: short leg rel spread 0.67 > max 0.50
exit profit_target for T0034 not filled: short leg rel spread 2.00 > max 0.50
exit profit_target for T0034 not filled: long leg rel spread 2.00 > max 0.50
exit profit_target for T0034 not filled: long leg rel spread 2.00 > max 0.50
exit profit_target for T0034 not filled: long leg rel spread 2.00 > max 0.50
exit profit_target for T0034 not filled: short leg rel spread 2.00 > max 0.50
exit profit_target for T0062 not filled: short leg rel spread 0.73 > max 0.50
exit profit_target for T0063 not filled: short leg rel spread 0.55 > max 0.50
sectorcorr45_vix25|d0.15_w5_dte21_pt50_sl2 -6.03954802259887
T0028 expires today with no quotes; closing at intrinsic
T0143 expires today with no quotes; closing at intrinsic
sectorcorr45_vix25|d0.15_w5_dte30_hold 13.95959553412789
exit profit_target for T0019 not filled: long leg rel spread 0.67 > max 0.50
exit profit_target for T0019 not filled: long leg rel spread 0.67 > max 0.50
exit profit_target for T0019 not filled: long leg rel spread 0.67 > max 0.50
exit profit_target for T0019 not filled: long leg rel spread 2.00 > max 0.50
exit profit_target for T0019 not filled: long leg rel spread 2.00 > max 0.50
exit profit_target for T0019 not filled: long leg rel spread 2.00 > max 0.50
exit profit_target for T0062 not filled: long leg rel spread 0.58 > max 0.50
exit profit_target for T0063 not filled: short leg rel spread 0.63 > max 0.50
sectorcorr45_vix25|d0.15_w5_dte30_pt50_sl2 -7.194915254237288
T0010 expires today with no quotes; closing at intrinsic
T0140 expires today with no quotes; closing at intrinsic
T0141 expires today with no quotes; closing at intrinsic
sectorcorr45_vix25|d0.15_w5_dte45_hold 8.646944351640956
sectorcorr45_vix25|d0.15_w5_dte45_pt50_sl2 -7.453125
T0145 expires today with no quotes; closing at intrinsic
sectorcorr45_vix25|d0.15_w10_dte21_hold 15.033284808562932
exit profit_target for T0002 not filled: long leg rel spread 0.67 > max 0.50
exit profit_target for T0002 not filled: long leg rel spread 2.00 > max 0.50
exit profit_target for T0002 not filled: long leg rel spread 0.67 > max 0.50
exit profit_target for T0002 not filled: long leg rel spread 2.00 > max 0.50
exit profit_target for T0002 not filled: long leg rel spread 2.00 > max 0.50
exit profit_target for T0002 not filled: long leg rel spread 2.00 > max 0.50
exit profit_target for T0002 not filled: long leg rel spread 2.00 > max 0.50
exit profit_target for T0002 not filled: long leg rel spread 2.00 > max 0.50
exit profit_target for T0002 not filled: long leg rel spread 2.00 > max 0.50
exit profit_target for T0002 not filled: long leg rel spread 2.00 > max 0.50
exit profit_target for T0002 not filled: long leg rel spread 2.00 > max 0.50
exit profit_target for T0005 not filled: long leg rel spread 0.67 > max 0.50
exit profit_target for T0005 not filled: long leg rel spread 0.67 > max 0.50
exit profit_target for T0005 not filled: long leg rel spread 0.67 > max 0.50
exit profit_target for T0005 not filled: long leg rel spread 0.67 > max 0.50
exit profit_target for T0005 not filled: long leg rel spread 2.00 > max 0.50
exit profit_target for T0005 not filled: long leg rel spread 2.00 > max 0.50
exit profit_target for T0005 not filled: long leg rel spread 2.00 > max 0.50
exit profit_target for T0005 not filled: short leg rel spread 0.67 > max 0.50
exit profit_target for T0010 not filled: long leg rel spread 1.00 > max 0.50
exit profit_target for T0010 not filled: long leg rel spread 1.00 > max 0.50
exit profit_target for T0010 not filled: short leg rel spread 0.50 > max 0.50
exit profit_target for T0010 not filled: long leg rel spread 2.00 > max 0.50
exit profit_target for T0010 not filled: long leg rel spread 2.00 > max 0.50
exit profit_target for T0010 not filled: long leg rel spread 2.00 > max 0.50
exit profit_target for T0010 not filled: long leg rel spread 2.00 > max 0.50
exit profit_target for T0010 not filled: short leg rel spread 2.00 > max 0.50
exit profit_target for T0010 not filled: short leg rel spread 2.00 > max 0.50
exit profit_target for T0010 not filled: short leg rel spread 2.00 > max 0.50
exit profit_target for T0010 not filled: short leg rel spread 2.00 > max 0.50
exit profit_target for T0010 not filled: short leg rel spread 2.00 > max 0.50
exit profit_target for T0010 not filled: short leg rel spread 2.00 > max 0.50
exit profit_target for T0012 not filled: long leg rel spread 0.67 > max 0.50
exit profit_target for T0012 not filled: long leg rel spread 0.67 > max 0.50
exit profit_target for T0012 not filled: long leg rel spread 2.00 > max 0.50
exit profit_target for T0012 not filled: long leg rel spread 2.00 > max 0.50
exit profit_target for T0012 not filled: long leg rel spread 2.00 > max 0.50
exit profit_target for T0012 not filled: long leg rel spread 2.00 > max 0.50
exit profit_target for T0013 not filled: long leg rel spread 0.67 > max 0.50
exit profit_target for T0012 not filled: short leg rel spread 0.67 > max 0.50
exit profit_target for T0013 not filled: long leg rel spread 0.67 > max 0.50
exit profit_target for T0012 not filled: short leg rel spread 0.67 > max 0.50
exit profit_target for T0013 not filled: long leg rel spread 0.67 > max 0.50
exit profit_target for T0012 not filled: long leg rel spread 2.00 > max 0.50
exit profit_target for T0013 not filled: long leg rel spread 0.67 > max 0.50
exit profit_target for T0012 not filled: long leg rel spread 2.00 > max 0.50
exit profit_target for T0012 not filled: short leg rel spread 2.00 > max 0.50
exit profit_target for T0012 not filled: short leg rel spread 2.00 > max 0.50
exit stop_loss for T0013 not filled: long leg rel spread 2.00 > max 0.50
exit profit_target for T0013 not filled: long leg rel spread 2.00 > max 0.50
exit profit_target for T0014 not filled: long leg rel spread 2.00 > max 0.50
exit profit_target for T0016 not filled: long leg rel spread 2.00 > max 0.50
exit profit_target for T0014 not filled: long leg rel spread 2.00 > max 0.50
exit profit_target for T0016 not filled: long leg rel spread 2.00 > max 0.50
exit profit_target for T0016 not filled: long leg rel spread 2.00 > max 0.50
exit profit_target for T0017 not filled: long leg rel spread 0.67 > max 0.50
exit profit_target for T0016 not filled: long leg rel spread 2.00 > max 0.50
exit profit_target for T0017 not filled: long leg rel spread 0.67 > max 0.50
exit profit_target for T0016 not filled: long leg rel spread 2.00 > max 0.50
exit profit_target for T0017 not filled: long leg rel spread 0.67 > max 0.50
exit profit_target for T0016 not filled: short leg rel spread 0.67 > max 0.50
exit profit_target for T0017 not filled: long leg rel spread 2.00 > max 0.50
exit profit_target for T0016 not filled: short leg rel spread 2.00 > max 0.50
exit profit_target for T0017 not filled: short leg rel spread 0.67 > max 0.50
exit profit_target for T0016 not filled: short leg rel spread 2.00 > max 0.50
exit profit_target for T0017 not filled: short leg rel spread 0.67 > max 0.50
exit profit_target for T0016 not filled: short leg rel spread 2.00 > max 0.50
exit profit_target for T0017 not filled: short leg rel spread 0.67 > max 0.50
exit profit_target for T0016 not filled: short leg rel spread 2.00 > max 0.50
exit profit_target for T0017 not filled: long leg rel spread 2.00 > max 0.50
exit profit_target for T0016 not filled: short leg rel spread 2.00 > max 0.50
exit profit_target for T0017 not filled: short leg rel spread 0.67 > max 0.50
exit profit_target for T0017 not filled: short leg rel spread 2.00 > max 0.50
exit profit_target for T0017 not filled: short leg rel spread 2.00 > max 0.50
exit profit_target for T0017 not filled: short leg rel spread 2.00 > max 0.50
exit profit_target for T0017 not filled: short leg rel spread 2.00 > max 0.50
exit profit_target for T0017 not filled: short leg rel spread 2.00 > max 0.50
exit profit_target for T0019 not filled: long leg rel spread 2.00 > max 0.50
exit profit_target for T0020 not filled: long leg rel spread 2.00 > max 0.50
exit profit_target for T0021 not filled: long leg rel spread 0.67 > max 0.50
exit profit_target for T0019 not filled: long leg rel spread 2.00 > max 0.50
exit profit_target for T0021 not filled: long leg rel spread 0.67 > max 0.50
exit profit_target for T0019 not filled: short leg rel spread 0.67 > max 0.50
exit profit_target for T0020 not filled: long leg rel spread 2.00 > max 0.50
exit profit_target for T0021 not filled: long leg rel spread 2.00 > max 0.50
exit profit_target for T0020 not filled: long leg rel spread 2.00 > max 0.50
exit profit_target for T0021 not filled: long leg rel spread 2.00 > max 0.50
exit profit_target for T0020 not filled: long leg rel spread 2.00 > max 0.50
exit profit_target for T0021 not filled: long leg rel spread 2.00 > max 0.50
exit profit_target for T0020 not filled: long leg rel spread 2.00 > max 0.50
exit profit_target for T0020 not filled: long leg rel spread 2.00 > max 0.50
exit profit_target for T0021 not filled: long leg rel spread 2.00 > max 0.50
exit profit_target for T0020 not filled: long leg rel spread 2.00 > max 0.50
exit profit_target for T0021 not filled: long leg rel spread 2.00 > max 0.50
exit profit_target for T0021 not filled: long leg rel spread 2.00 > max 0.50
exit profit_target for T0021 not filled: short leg rel spread 0.67 > max 0.50
exit profit_target for T0023 not filled: long leg rel spread 0.67 > max 0.50
exit profit_target for T0021 not filled: short leg rel spread 2.00 > max 0.50
exit profit_target for T0023 not filled: long leg rel spread 2.00 > max 0.50
exit profit_target for T0021 not filled: short leg rel spread 2.00 > max 0.50
exit profit_target for T0023 not filled: long leg rel spread 2.00 > max 0.50
exit profit_target for T0023 not filled: short leg rel spread 0.67 > max 0.50
exit profit_target for T0023 not filled: short leg rel spread 0.67 > max 0.50
exit profit_target for T0023 not filled: short leg rel spread 0.67 > max 0.50
exit profit_target for T0023 not filled: short leg rel spread 0.67 > max 0.50
exit profit_target for T0023 not filled: short leg rel spread 0.67 > max 0.50
exit profit_target for T0023 not filled: short leg rel spread 2.00 > max 0.50
exit profit_target for T0023 not filled: short leg rel spread 2.00 > max 0.50
exit profit_target for T0023 not filled: short leg rel spread 2.00 > max 0.50
exit profit_target for T0023 not filled: short leg rel spread 2.00 > max 0.50
exit profit_target for T0023 not filled: short leg rel spread 2.00 > max 0.50
exit profit_target for T0025 not filled: long leg rel spread 0.67 > max 0.50
exit profit_target for T0025 not filled: long leg rel spread 0.67 > max 0.50
exit profit_target for T0025 not filled: long leg rel spread 2.00 > max 0.50
exit profit_target for T0025 not filled: long leg rel spread 2.00 > max 0.50
exit profit_target for T0025 not filled: long leg rel spread 2.00 > max 0.50
exit profit_target for T0025 not filled: long leg rel spread 2.00 > max 0.50
exit profit_target for T0025 not filled: long leg rel spread 2.00 > max 0.50
exit profit_target for T0025 not filled: long leg rel spread 2.00 > max 0.50
exit profit_target for T0025 not filled: long leg rel spread 2.00 > max 0.50
exit profit_target for T0025 not filled: long leg rel spread 2.00 > max 0.50
exit profit_target for T0025 not filled: long leg rel spread 2.00 > max 0.50
exit profit_target for T0025 not filled: short leg rel spread 0.67 > max 0.50
exit profit_target for T0025 not filled: short leg rel spread 2.00 > max 0.50
exit profit_target for T0026 not filled: long leg rel spread 2.00 > max 0.50
exit profit_target for T0027 not filled: long leg rel spread 0.67 > max 0.50
exit profit_target for T0026 not filled: long leg rel spread 2.00 > max 0.50
exit profit_target for T0027 not filled: long leg rel spread 0.67 > max 0.50
exit profit_target for T0026 not filled: long leg rel spread 2.00 > max 0.50
exit profit_target for T0027 not filled: long leg rel spread 0.67 > max 0.50
exit stop_loss for T0026 not filled: long leg rel spread 2.00 > max 0.50
exit profit_target for T0027 not filled: long leg rel spread 2.00 > max 0.50
exit profit_target for T0027 not filled: long leg rel spread 2.00 > max 0.50
exit profit_target for T0028 not filled: long leg rel spread 0.67 > max 0.50
exit profit_target for T0027 not filled: long leg rel spread 2.00 > max 0.50
exit profit_target for T0028 not filled: long leg rel spread 2.00 > max 0.50
exit profit_target for T0027 not filled: short leg rel spread 0.67 > max 0.50
exit profit_target for T0028 not filled: long leg rel spread 2.00 > max 0.50
exit profit_target for T0027 not filled: long leg rel spread 2.00 > max 0.50
exit profit_target for T0028 not filled: long leg rel spread 2.00 > max 0.50
exit profit_target for T0028 not filled: long leg rel spread 2.00 > max 0.50
exit profit_target for T0028 not filled: long leg rel spread 2.00 > max 0.50
exit stop_loss for T0031 not filled: long leg rel spread 0.67 > max 0.50
exit profit_target for T0031 not filled: long leg rel spread 2.00 > max 0.50
exit profit_target for T0034 not filled: long leg rel spread 0.67 > max 0.50
exit profit_target for T0034 not filled: long leg rel spread 2.00 > max 0.50
exit profit_target for T0034 not filled: long leg rel spread 2.00 > max 0.50
exit profit_target for T0034 not filled: long leg rel spread 2.00 > max 0.50
exit profit_target for T0034 not filled: long leg rel spread 2.00 > max 0.50
exit profit_target for T0034 not filled: short leg rel spread 0.67 > max 0.50
exit profit_target for T0035 not filled: long leg rel spread 0.67 > max 0.50
exit profit_target for T0034 not filled: short leg rel spread 2.00 > max 0.50
exit profit_target for T0034 not filled: long leg rel spread 2.00 > max 0.50
exit profit_target for T0034 not filled: long leg rel spread 2.00 > max 0.50
exit profit_target for T0034 not filled: long leg rel spread 2.00 > max 0.50
exit profit_target for T0034 not filled: short leg rel spread 2.00 > max 0.50
exit profit_target for T0049 not filled: long leg rel spread 0.67 > max 0.50
exit profit_target for T0055 not filled: long leg rel spread 0.67 > max 0.50
exit profit_target for T0055 not filled: long leg rel spread 2.00 > max 0.50
exit profit_target for T0055 not filled: long leg rel spread 2.00 > max 0.50
exit profit_target for T0055 not filled: short leg rel spread 0.67 > max 0.50
exit profit_target for T0062 not filled: short leg rel spread 0.73 > max 0.50
exit profit_target for T0063 not filled: short leg rel spread 0.55 > max 0.50
exit profit_target for T0062 not filled: long leg rel spread 0.67 > max 0.50
exit profit_target for T0086 not filled: long leg rel spread 0.67 > max 0.50
exit profit_target for T0086 not filled: long leg rel spread 2.00 > max 0.50
exit profit_target for T0086 not filled: short leg rel spread 0.67 > max 0.50
exit profit_target for T0086 not filled: short leg rel spread 2.00 > max 0.50
exit profit_target for T0115 not filled: long leg rel spread 0.67 > max 0.50
exit profit_target for T0115 not filled: long leg rel spread 0.67 > max 0.50
exit profit_target for T0115 not filled: long leg rel spread 0.67 > max 0.50
exit profit_target for T0115 not filled: short leg rel spread 0.67 > max 0.50
exit profit_target for T0121 not filled: long leg rel spread 0.67 > max 0.50
exit profit_target for T0121 not filled: long leg rel spread 2.00 > max 0.50
exit profit_target for T0121 not filled: short leg rel spread 0.67 > max 0.50
exit profit_target for T0121 not filled: short leg rel spread 0.67 > max 0.50
exit profit_target for T0121 not filled: short leg rel spread 2.00 > max 0.50
exit profit_target for T0128 not filled: long leg rel spread 0.67 > max 0.50
exit profit_target for T0128 not filled: long leg rel spread 2.00 > max 0.50
sectorcorr45_vix25|d0.15_w10_dte21_pt50_sl2 -3.792372881355932
T0028 expires today with no quotes; closing at intrinsic
T0143 expires today with no quotes; closing at intrinsic
sectorcorr45_vix25|d0.15_w10_dte30_hold 21.33953903695275
exit profit_target for T0010 not filled: long leg rel spread 0.50 > max 0.50
exit profit_target for T0010 not filled: long leg rel spread 0.86 > max 0.50
exit profit_target for T0010 not filled: long leg rel spread 1.00 > max 0.50
exit profit_target for T0010 not filled: long leg rel spread 2.00 > max 0.50
exit profit_target for T0010 not filled: long leg rel spread 0.67 > max 0.50
exit profit_target for T0010 not filled: long leg rel spread 0.67 > max 0.50
exit profit_target for T0010 not filled: long leg rel spread 2.00 > max 0.50
exit profit_target for T0010 not filled: short leg rel spread 0.50 > max 0.50
exit profit_target for T0010 not filled: long leg rel spread 2.00 > max 0.50
exit profit_target for T0010 not filled: long leg rel spread 2.00 > max 0.50
exit profit_target for T0010 not filled: short leg rel spread 1.00 > max 0.50
exit profit_target for T0010 not filled: short leg rel spread 0.67 > max 0.50
exit profit_target for T0010 not filled: short leg rel spread 1.00 > max 0.50
exit profit_target for T0010 not filled: short leg rel spread 2.00 > max 0.50
exit profit_target for T0010 not filled: short leg rel spread 2.00 > max 0.50
exit profit_target for T0010 not filled: short leg rel spread 2.00 > max 0.50
exit profit_target for T0010 not filled: short leg rel spread 0.67 > max 0.50
exit profit_target for T0010 not filled: short leg rel spread 2.00 > max 0.50
exit profit_target for T0010 not filled: short leg rel spread 2.00 > max 0.50
exit profit_target for T0010 not filled: short leg rel spread 2.00 > max 0.50
exit profit_target for T0014 not filled: long leg rel spread 2.00 > max 0.50
exit profit_target for T0014 not filled: long leg rel spread 2.00 > max 0.50
exit profit_target for T0014 not filled: long leg rel spread 2.00 > max 0.50
exit profit_target for T0014 not filled: long leg rel spread 2.00 > max 0.50
exit profit_target for T0014 not filled: short leg rel spread 0.67 > max 0.50
exit profit_target for T0014 not filled: short leg rel spread 2.00 > max 0.50
exit profit_target for T0014 not filled: short leg rel spread 2.00 > max 0.50
exit profit_target for T0019 not filled: long leg rel spread 2.00 > max 0.50
exit profit_target for T0021 not filled: long leg rel spread 0.67 > max 0.50
exit profit_target for T0019 not filled: long leg rel spread 2.00 > max 0.50
exit profit_target for T0019 not filled: long leg rel spread 2.00 > max 0.50
exit profit_target for T0020 not filled: long leg rel spread 0.67 > max 0.50
exit profit_target for T0019 not filled: long leg rel spread 2.00 > max 0.50
exit profit_target for T0019 not filled: long leg rel spread 2.00 > max 0.50
exit profit_target for T0019 not filled: long leg rel spread 2.00 > max 0.50
exit profit_target for T0019 not filled: long leg rel spread 2.00 > max 0.50
exit profit_target for T0020 not filled: long leg rel spread 2.00 > max 0.50
exit profit_target for T0020 not filled: short leg rel spread 0.67 > max 0.50
exit profit_target for T0023 not filled: long leg rel spread 0.67 > max 0.50
exit profit_target for T0020 not filled: short leg rel spread 2.00 > max 0.50
exit profit_target for T0023 not filled: long leg rel spread 0.67 > max 0.50
exit profit_target for T0020 not filled: short leg rel spread 2.00 > max 0.50
exit profit_target for T0023 not filled: long leg rel spread 0.67 > max 0.50
exit profit_target for T0020 not filled: short leg rel spread 2.00 > max 0.50
exit profit_target for T0023 not filled: long leg rel spread 2.00 > max 0.50
exit profit_target for T0023 not filled: long leg rel spread 2.00 > max 0.50
exit profit_target for T0023 not filled: long leg rel spread 2.00 > max 0.50
exit profit_target for T0023 not filled: long leg rel spread 2.00 > max 0.50
exit profit_target for T0023 not filled: long leg rel spread 2.00 > max 0.50
exit profit_target for T0023 not filled: long leg rel spread 2.00 > max 0.50
exit profit_target for T0023 not filled: short leg rel spread 2.00 > max 0.50
exit profit_target for T0023 not filled: short leg rel spread 2.00 > max 0.50
exit profit_target for T0023 not filled: short leg rel spread 2.00 > max 0.50
exit profit_target for T0023 not filled: short leg rel spread 2.00 > max 0.50
exit profit_target for T0023 not filled: short leg rel spread 2.00 > max 0.50
exit profit_target for T0023 not filled: short leg rel spread 2.00 > max 0.50
exit profit_target for T0023 not filled: short leg rel spread 2.00 > max 0.50
exit profit_target for T0023 not filled: short leg rel spread 2.00 > max 0.50
exit profit_target for T0023 not filled: short leg rel spread 2.00 > max 0.50
exit profit_target for T0023 not filled: short leg rel spread 2.00 > max 0.50
exit profit_target for T0034 not filled: long leg rel spread 0.67 > max 0.50
exit profit_target for T0034 not filled: long leg rel spread 2.00 > max 0.50
exit profit_target for T0034 not filled: long leg rel spread 0.67 > max 0.50
exit profit_target for T0034 not filled: long leg rel spread 0.67 > max 0.50
exit profit_target for T0034 not filled: long leg rel spread 2.00 > max 0.50
exit profit_target for T0034 not filled: long leg rel spread 2.00 > max 0.50
exit profit_target for T0034 not filled: long leg rel spread 2.00 > max 0.50
exit profit_target for T0034 not filled: long leg rel spread 0.67 > max 0.50
exit profit_target for T0034 not filled: long leg rel spread 0.67 > max 0.50
exit profit_target for T0034 not filled: long leg rel spread 0.67 > max 0.50
exit profit_target for T0034 not filled: long leg rel spread 0.67 > max 0.50
exit profit_target for T0034 not filled: long leg rel spread 2.00 > max 0.50
exit profit_target for T0034 not filled: long leg rel spread 2.00 > max 0.50
exit profit_target for T0047 not filled: long leg market invalid (crossed/locked/one-sided)
exit profit_target for T0047 not filled: long leg rel spread 0.67 > max 0.50
exit profit_target for T0047 not filled: long leg rel spread 2.00 > max 0.50
exit profit_target for T0047 not filled: long leg rel spread 2.00 > max 0.50
exit profit_target for T0047 not filled: short leg rel spread 2.00 > max 0.50
exit profit_target for T0062 not filled: long leg rel spread 1.29 > max 0.50
exit profit_target for T0063 not filled: short leg rel spread 0.63 > max 0.50
exit profit_target for T0127 not filled: long leg rel spread 0.67 > max 0.50
exit profit_target for T0127 not filled: long leg rel spread 0.67 > max 0.50
exit profit_target for T0127 not filled: long leg rel spread 2.00 > max 0.50
exit profit_target for T0127 not filled: long leg rel spread 2.00 > max 0.50
exit profit_target for T0127 not filled: short leg rel spread 0.67 > max 0.50
sectorcorr45_vix25|d0.15_w10_dte30_pt50_sl2 -6.419491525423729
T0010 expires today with no quotes; closing at intrinsic
T0140 expires today with no quotes; closing at intrinsic
T0141 expires today with no quotes; closing at intrinsic
sectorcorr45_vix25|d0.15_w10_dte45_hold 22.07023980618641
exit profit_target for T0014 not filled: long leg rel spread 0.67 > max 0.50
exit profit_target for T0014 not filled: long leg rel spread 0.67 > max 0.50
exit profit_target for T0014 not filled: long leg rel spread 2.00 > max 0.50
exit profit_target for T0014 not filled: long leg rel spread 2.00 > max 0.50
exit profit_target for T0014 not filled: long leg rel spread 2.00 > max 0.50
exit profit_target for T0014 not filled: long leg rel spread 0.67 > max 0.50
exit profit_target for T0014 not filled: long leg rel spread 2.00 > max 0.50
exit profit_target for T0014 not filled: short leg rel spread 0.67 > max 0.50
exit profit_target for T0014 not filled: short leg rel spread 0.67 > max 0.50
exit profit_target for T0014 not filled: short leg rel spread 0.67 > max 0.50
exit profit_target for T0014 not filled: short leg rel spread 2.00 > max 0.50
exit profit_target for T0014 not filled: short leg rel spread 2.00 > max 0.50
exit profit_target for T0014 not filled: short leg rel spread 2.00 > max 0.50
exit profit_target for T0014 not filled: short leg rel spread 2.00 > max 0.50
exit profit_target for T0014 not filled: short leg rel spread 2.00 > max 0.50
exit profit_target for T0034 not filled: long leg rel spread 0.67 > max 0.50
exit profit_target for T0063 not filled: long leg rel spread 0.50 > max 0.50
sectorcorr45_vix25|d0.15_w10_dte45_pt50_sl2 -6.142045454545456
T0145 expires today with no quotes; closing at intrinsic
sectorcorr45_vix25|d0.20_w2_dte21_hold -0.737158139025338
exit profit_target for T0014 not filled: long leg rel spread 0.67 > max 0.50
exit profit_target for T0062 not filled: long leg rel spread 0.73 > max 0.50
exit profit_target for T0063 not filled: long leg rel spread 0.55 > max 0.50
sectorcorr45_vix25|d0.20_w2_dte21_pt50_sl2 -6.09393780004226
T0143 expires today with no quotes; closing at intrinsic
sectorcorr45_vix25|d0.20_w2_dte30_hold 2.2665696171258394
exit profit_target for T0019 not filled: long leg rel spread 0.67 > max 0.50
exit profit_target for T0019 not filled: long leg rel spread 0.67 > max 0.50
exit profit_target for T0019 not filled: long leg rel spread 0.67 > max 0.50
exit profit_target for T0019 not filled: long leg rel spread 2.00 > max 0.50
exit profit_target for T0019 not filled: long leg rel spread 2.00 > max 0.50
exit profit_target for T0019 not filled: long leg rel spread 2.00 > max 0.50
exit profit_target for T0063 not filled: long leg rel spread 0.63 > max 0.50
sectorcorr45_vix25|d0.20_w2_dte30_pt50_sl2 -2.878531073446328
T0010 expires today with no quotes; closing at intrinsic
T0140 expires today with no quotes; closing at intrinsic
T0141 expires today with no quotes; closing at intrinsic
sectorcorr45_vix25|d0.20_w2_dte45_hold -6.098271296930499
sectorcorr45_vix25|d0.20_w2_dte45_pt50_sl2 -3.1889204545454546
T0145 expires today with no quotes; closing at intrinsic
sectorcorr45_vix25|d0.20_w5_dte21_hold 2.5425843497213236
exit profit_target for T0010 not filled: long leg rel spread 0.86 > max 0.50
exit profit_target for T0010 not filled: long leg rel spread 0.50 > max 0.50
exit profit_target for T0010 not filled: long leg rel spread 1.00 > max 0.50
exit profit_target for T0010 not filled: long leg rel spread 0.67 > max 0.50
exit profit_target for T0010 not filled: long leg rel spread 0.67 > max 0.50
exit profit_target for T0010 not filled: long leg rel spread 0.67 > max 0.50
exit profit_target for T0010 not filled: long leg rel spread 0.67 > max 0.50
exit profit_target for T0010 not filled: short leg rel spread 0.67 > max 0.50
exit profit_target for T0010 not filled: short leg rel spread 2.00 > max 0.50
exit profit_target for T0010 not filled: short leg rel spread 2.00 > max 0.50
exit profit_target for T0010 not filled: short leg rel spread 2.00 > max 0.50
exit profit_target for T0010 not filled: short leg rel spread 2.00 > max 0.50
exit profit_target for T0010 not filled: short leg rel spread 2.00 > max 0.50
exit profit_target for T0013 not filled: long leg rel spread 0.67 > max 0.50
exit profit_target for T0013 not filled: long leg rel spread 0.67 > max 0.50
exit profit_target for T0014 not filled: long leg rel spread 2.00 > max 0.50
exit profit_target for T0014 not filled: long leg rel spread 2.00 > max 0.50
exit profit_target for T0019 not filled: long leg rel spread 2.00 > max 0.50
exit profit_target for T0019 not filled: long leg rel spread 2.00 > max 0.50
exit profit_target for T0019 not filled: long leg rel spread 2.00 > max 0.50
exit profit_target for T0020 not filled: long leg rel spread 0.67 > max 0.50
exit profit_target for T0020 not filled: long leg rel spread 0.67 > max 0.50
exit profit_target for T0020 not filled: long leg rel spread 2.00 > max 0.50
exit profit_target for T0048 not filled: long leg rel spread 0.67 > max 0.50
exit profit_target for T0048 not filled: long leg rel spread 0.67 > max 0.50
exit profit_target for T0048 not filled: long leg rel spread 0.67 > max 0.50
exit profit_target for T0062 not filled: long leg rel spread 1.27 > max 0.50
exit profit_target for T0063 not filled: long leg rel spread 0.57 > max 0.50
exit profit_target for T0086 not filled: long leg rel spread 0.67 > max 0.50
exit profit_target for T0086 not filled: short leg rel spread 0.67 > max 0.50
exit profit_target for T0086 not filled: short leg rel spread 2.00 > max 0.50
sectorcorr45_vix25|d0.20_w5_dte21_pt50_sl2 -8.748610063361358
T0143 expires today with no quotes; closing at intrinsic
sectorcorr45_vix25|d0.20_w5_dte30_hold 12.274196735769944
exit profit_target for T0019 not filled: long leg rel spread 0.67 > max 0.50
exit profit_target for T0019 not filled: long leg rel spread 0.67 > max 0.50
exit profit_target for T0019 not filled: long leg rel spread 0.67 > max 0.50
exit profit_target for T0019 not filled: long leg rel spread 2.00 > max 0.50
exit profit_target for T0019 not filled: long leg rel spread 2.00 > max 0.50
exit profit_target for T0019 not filled: long leg rel spread 2.00 > max 0.50
exit profit_target for T0020 not filled: long leg rel spread 0.67 > max 0.50
exit profit_target for T0020 not filled: long leg rel spread 0.67 > max 0.50
exit profit_target for T0020 not filled: short leg rel spread 0.67 > max 0.50
exit profit_target for T0020 not filled: short leg rel spread 2.00 > max 0.50
exit profit_target for T0020 not filled: short leg rel spread 2.00 > max 0.50
exit profit_target for T0062 not filled: long leg rel spread 0.51 > max 0.50
exit profit_target for T0063 not filled: long leg rel spread 0.88 > max 0.50
sectorcorr45_vix25|d0.20_w5_dte30_pt50_sl2 -5.620056497175141
T0010 expires today with no quotes; closing at intrinsic
T0140 expires today with no quotes; closing at intrinsic
T0141 expires today with no quotes; closing at intrinsic
sectorcorr45_vix25|d0.20_w5_dte45_hold -3.3740542180167976
exit profit_target for T0061 not filled: long leg rel spread 0.53 > max 0.50
sectorcorr45_vix25|d0.20_w5_dte45_pt50_sl2 -3.7244318181818183
T0145 expires today with no quotes; closing at intrinsic
sectorcorr45_vix25|d0.20_w10_dte21_hold 11.747386609608327
exit profit_target for T0002 not filled: long leg rel spread 0.67 > max 0.50
exit profit_target for T0002 not filled: long leg rel spread 2.00 > max 0.50
exit profit_target for T0002 not filled: long leg rel spread 2.00 > max 0.50
exit profit_target for T0002 not filled: long leg rel spread 2.00 > max 0.50
exit profit_target for T0002 not filled: long leg rel spread 2.00 > max 0.50
exit profit_target for T0002 not filled: long leg rel spread 2.00 > max 0.50
exit profit_target for T0002 not filled: long leg rel spread 2.00 > max 0.50
exit profit_target for T0002 not filled: long leg rel spread 2.00 > max 0.50
exit profit_target for T0002 not filled: long leg rel spread 2.00 > max 0.50
exit profit_target for T0005 not filled: long leg rel spread 0.67 > max 0.50
exit profit_target for T0005 not filled: long leg rel spread 0.67 > max 0.50
exit profit_target for T0005 not filled: long leg rel spread 0.67 > max 0.50
exit profit_target for T0005 not filled: long leg rel spread 0.67 > max 0.50
exit profit_target for T0005 not filled: long leg rel spread 2.00 > max 0.50
exit profit_target for T0005 not filled: long leg rel spread 2.00 > max 0.50
exit profit_target for T0005 not filled: long leg rel spread 2.00 > max 0.50
exit profit_target for T0005 not filled: short leg rel spread 0.67 > max 0.50
exit profit_target for T0010 not filled: long leg rel spread 1.00 > max 0.50
exit profit_target for T0010 not filled: long leg rel spread 1.00 > max 0.50
exit profit_target for T0010 not filled: long leg rel spread 2.00 > max 0.50
exit profit_target for T0010 not filled: long leg rel spread 2.00 > max 0.50
exit profit_target for T0010 not filled: long leg rel spread 2.00 > max 0.50
exit profit_target for T0010 not filled: long leg rel spread 2.00 > max 0.50
exit profit_target for T0010 not filled: long leg rel spread 2.00 > max 0.50
exit profit_target for T0010 not filled: short leg rel spread 0.67 > max 0.50
exit profit_target for T0010 not filled: short leg rel spread 2.00 > max 0.50
exit profit_target for T0010 not filled: short leg rel spread 2.00 > max 0.50
exit profit_target for T0010 not filled: short leg rel spread 2.00 > max 0.50
exit profit_target for T0010 not filled: short leg rel spread 2.00 > max 0.50
exit profit_target for T0010 not filled: short leg rel spread 2.00 > max 0.50
exit profit_target for T0012 not filled: long leg rel spread 0.67 > max 0.50
exit profit_target for T0012 not filled: long leg rel spread 2.00 > max 0.50
exit profit_target for T0012 not filled: long leg rel spread 2.00 > max 0.50
exit profit_target for T0012 not filled: long leg rel spread 2.00 > max 0.50
exit profit_target for T0012 not filled: long leg rel spread 2.00 > max 0.50
exit profit_target for T0013 not filled: long leg rel spread 0.67 > max 0.50
exit profit_target for T0012 not filled: short leg rel spread 0.67 > max 0.50
exit profit_target for T0013 not filled: long leg rel spread 0.67 > max 0.50
exit profit_target for T0012 not filled: long leg rel spread 2.00 > max 0.50
exit profit_target for T0013 not filled: long leg rel spread 0.67 > max 0.50
exit profit_target for T0012 not filled: long leg rel spread 2.00 > max 0.50
exit profit_target for T0012 not filled: long leg rel spread 2.00 > max 0.50
exit profit_target for T0012 not filled: long leg rel spread 2.00 > max 0.50
exit profit_target for T0012 not filled: short leg rel spread 0.67 > max 0.50
exit stop_loss for T0013 not filled: long leg rel spread 2.00 > max 0.50
exit profit_target for T0013 not filled: long leg rel spread 2.00 > max 0.50
exit profit_target for T0014 not filled: long leg rel spread 2.00 > max 0.50
exit profit_target for T0016 not filled: long leg rel spread 0.67 > max 0.50
exit profit_target for T0014 not filled: long leg rel spread 2.00 > max 0.50
exit profit_target for T0016 not filled: long leg rel spread 2.00 > max 0.50
exit profit_target for T0016 not filled: long leg rel spread 2.00 > max 0.50
exit profit_target for T0016 not filled: long leg rel spread 2.00 > max 0.50
exit profit_target for T0016 not filled: short leg rel spread 0.50 > max 0.50
exit profit_target for T0016 not filled: long leg rel spread 2.00 > max 0.50
exit profit_target for T0016 not filled: short leg rel spread 2.00 > max 0.50
exit profit_target for T0016 not filled: short leg rel spread 2.00 > max 0.50
exit profit_target for T0016 not filled: short leg rel spread 2.00 > max 0.50
exit profit_target for T0016 not filled: short leg rel spread 2.00 > max 0.50
exit profit_target for T0016 not filled: short leg rel spread 2.00 > max 0.50
exit profit_target for T0019 not filled: long leg rel spread 2.00 > max 0.50
exit profit_target for T0021 not filled: long leg rel spread 0.67 > max 0.50
exit profit_target for T0019 not filled: long leg rel spread 2.00 > max 0.50
exit profit_target for T0021 not filled: long leg rel spread 0.67 > max 0.50
exit profit_target for T0019 not filled: long leg rel spread 2.00 > max 0.50
exit profit_target for T0020 not filled: long leg rel spread 2.00 > max 0.50
exit profit_target for T0021 not filled: long leg rel spread 2.00 > max 0.50
exit profit_target for T0020 not filled: long leg rel spread 2.00 > max 0.50
exit profit_target for T0021 not filled: long leg rel spread 2.00 > max 0.50
exit profit_target for T0021 not filled: long leg rel spread 2.00 > max 0.50
exit profit_target for T0020 not filled: long leg rel spread 2.00 > max 0.50
exit profit_target for T0021 not filled: long leg rel spread 2.00 > max 0.50
exit profit_target for T0021 not filled: long leg rel spread 2.00 > max 0.50
exit profit_target for T0021 not filled: long leg rel spread 2.00 > max 0.50
exit profit_target for T0021 not filled: long leg rel spread 2.00 > max 0.50
exit profit_target for T0023 not filled: long leg rel spread 0.67 > max 0.50
exit profit_target for T0021 not filled: short leg rel spread 0.67 > max 0.50
exit profit_target for T0023 not filled: long leg rel spread 2.00 > max 0.50
exit profit_target for T0021 not filled: short leg rel spread 2.00 > max 0.50
exit profit_target for T0023 not filled: long leg rel spread 2.00 > max 0.50
exit profit_target for T0023 not filled: short leg rel spread 1.00 > max 0.50
exit profit_target for T0023 not filled: long leg rel spread 2.00 > max 0.50
exit profit_target for T0023 not filled: short leg rel spread 0.67 > max 0.50
exit profit_target for T0023 not filled: long leg rel spread 2.00 > max 0.50
exit profit_target for T0023 not filled: short leg rel spread 0.67 > max 0.50
exit profit_target for T0023 not filled: short leg rel spread 2.00 > max 0.50
exit profit_target for T0023 not filled: short leg rel spread 2.00 > max 0.50
exit profit_target for T0023 not filled: short leg rel spread 2.00 > max 0.50
exit profit_target for T0023 not filled: short leg rel spread 2.00 > max 0.50
exit profit_target for T0023 not filled: short leg rel spread 2.00 > max 0.50
exit profit_target for T0025 not filled: long leg rel spread 0.67 > max 0.50
exit profit_target for T0025 not filled: long leg rel spread 0.67 > max 0.50
exit profit_target for T0025 not filled: long leg rel spread 2.00 > max 0.50
exit profit_target for T0025 not filled: long leg rel spread 2.00 > max 0.50
exit profit_target for T0025 not filled: long leg rel spread 2.00 > max 0.50
exit profit_target for T0025 not filled: long leg rel spread 2.00 > max 0.50
exit profit_target for T0025 not filled: long leg rel spread 2.00 > max 0.50
exit profit_target for T0025 not filled: long leg rel spread 2.00 > max 0.50
exit profit_target for T0025 not filled: long leg rel spread 2.00 > max 0.50
exit profit_target for T0025 not filled: long leg rel spread 2.00 > max 0.50
exit profit_target for T0025 not filled: long leg rel spread 2.00 > max 0.50
exit profit_target for T0025 not filled: long leg rel spread 2.00 > max 0.50
exit profit_target for T0025 not filled: short leg rel spread 2.00 > max 0.50
exit profit_target for T0027 not filled: long leg rel spread 0.67 > max 0.50
exit profit_target for T0027 not filled: long leg rel spread 0.67 > max 0.50
exit profit_target for T0026 not filled: long leg rel spread 2.00 > max 0.50
exit profit_target for T0027 not filled: long leg rel spread 0.67 > max 0.50
exit stop_loss for T0026 not filled: long leg rel spread 2.00 > max 0.50
exit profit_target for T0027 not filled: long leg rel spread 2.00 > max 0.50
exit profit_target for T0027 not filled: long leg rel spread 2.00 > max 0.50
exit profit_target for T0028 not filled: long leg rel spread 0.67 > max 0.50
exit profit_target for T0027 not filled: long leg rel spread 2.00 > max 0.50
exit profit_target for T0027 not filled: long leg rel spread 2.00 > max 0.50
exit profit_target for T0028 not filled: long leg rel spread 0.67 > max 0.50
exit profit_target for T0027 not filled: long leg rel spread 2.00 > max 0.50
exit stop_loss for T0031 not filled: long leg rel spread 0.67 > max 0.50
exit profit_target for T0034 not filled: long leg rel spread 0.67 > max 0.50
exit profit_target for T0034 not filled: long leg rel spread 2.00 > max 0.50
exit profit_target for T0034 not filled: long leg rel spread 2.00 > max 0.50
exit profit_target for T0034 not filled: long leg rel spread 2.00 > max 0.50
exit profit_target for T0034 not filled: long leg rel spread 2.00 > max 0.50
exit profit_target for T0034 not filled: long leg rel spread 2.00 > max 0.50
exit profit_target for T0034 not filled: short leg rel spread 2.00 > max 0.50
exit profit_target for T0034 not filled: long leg rel spread 2.00 > max 0.50
exit profit_target for T0034 not filled: long leg rel spread 2.00 > max 0.50
exit profit_target for T0034 not filled: long leg rel spread 2.00 > max 0.50
exit profit_target for T0034 not filled: short leg rel spread 0.67 > max 0.50
exit profit_target for T0048 not filled: long leg rel spread 0.67 > max 0.50
exit profit_target for T0048 not filled: long leg rel spread 2.00 > max 0.50
exit profit_target for T0048 not filled: long leg rel spread 2.00 > max 0.50
exit profit_target for T0048 not filled: long leg rel spread 2.00 > max 0.50
exit profit_target for T0048 not filled: long leg rel spread 2.00 > max 0.50
exit profit_target for T0055 not filled: long leg rel spread 0.67 > max 0.50
exit profit_target for T0055 not filled: long leg rel spread 2.00 > max 0.50
exit profit_target for T0055 not filled: long leg rel spread 2.00 > max 0.50
exit profit_target for T0055 not filled: long leg rel spread 2.00 > max 0.50
exit profit_target for T0062 not filled: long leg rel spread 2.00 > max 0.50
exit profit_target for T0063 not filled: long leg rel spread 1.20 > max 0.50
exit profit_target for T0086 not filled: long leg rel spread 0.67 > max 0.50
exit profit_target for T0086 not filled: long leg rel spread 0.67 > max 0.50
exit profit_target for T0086 not filled: short leg rel spread 0.67 > max 0.50
exit profit_target for T0086 not filled: short leg rel spread 2.00 > max 0.50
exit profit_target for T0121 not filled: long leg rel spread 0.67 > max 0.50
exit profit_target for T0121 not filled: long leg rel spread 0.67 > max 0.50
exit profit_target for T0121 not filled: long leg rel spread 2.00 > max 0.50
exit profit_target for T0121 not filled: short leg rel spread 0.67 > max 0.50
exit profit_target for T0121 not filled: short leg rel spread 2.00 > max 0.50
exit profit_target for T0129 not filled: long leg rel spread 0.67 > max 0.50
exit profit_target for T0129 not filled: long leg rel spread 0.67 > max 0.50
exit profit_target for T0129 not filled: long leg rel spread 2.00 > max 0.50
exit profit_target for T0129 not filled: long leg rel spread 2.00 > max 0.50
exit profit_target for T0129 not filled: short leg rel spread 0.67 > max 0.50
sectorcorr45_vix25|d0.20_w10_dte21_pt50_sl2 -4.74861006336136
T0143 expires today with no quotes; closing at intrinsic
sectorcorr45_vix25|d0.20_w10_dte30_hold 29.630128939159775
exit profit_target for T0010 not filled: long leg rel spread 0.50 > max 0.50
exit profit_target for T0010 not filled: long leg rel spread 0.86 > max 0.50
exit profit_target for T0010 not filled: long leg rel spread 1.00 > max 0.50
exit profit_target for T0010 not filled: long leg rel spread 2.00 > max 0.50
exit profit_target for T0010 not filled: long leg rel spread 0.67 > max 0.50
exit profit_target for T0010 not filled: long leg rel spread 0.67 > max 0.50
exit profit_target for T0010 not filled: long leg rel spread 2.00 > max 0.50
exit profit_target for T0010 not filled: short leg rel spread 0.50 > max 0.50
exit profit_target for T0010 not filled: long leg rel spread 2.00 > max 0.50
exit profit_target for T0010 not filled: long leg rel spread 2.00 > max 0.50
exit profit_target for T0010 not filled: short leg rel spread 1.00 > max 0.50
exit profit_target for T0010 not filled: short leg rel spread 0.67 > max 0.50
exit profit_target for T0010 not filled: short leg rel spread 1.00 > max 0.50
exit profit_target for T0010 not filled: short leg rel spread 2.00 > max 0.50
exit profit_target for T0010 not filled: short leg rel spread 2.00 > max 0.50
exit profit_target for T0010 not filled: short leg rel spread 2.00 > max 0.50
exit profit_target for T0010 not filled: short leg rel spread 0.67 > max 0.50
exit profit_target for T0010 not filled: short leg rel spread 2.00 > max 0.50
exit profit_target for T0010 not filled: short leg rel spread 2.00 > max 0.50
exit profit_target for T0010 not filled: short leg rel spread 2.00 > max 0.50
exit profit_target for T0014 not filled: long leg rel spread 2.00 > max 0.50
exit profit_target for T0014 not filled: long leg rel spread 2.00 > max 0.50
exit profit_target for T0014 not filled: long leg rel spread 2.00 > max 0.50
exit profit_target for T0017 not filled: long leg rel spread 1.00 > max 0.50
exit profit_target for T0014 not filled: long leg rel spread 2.00 > max 0.50
exit profit_target for T0017 not filled: long leg rel spread 0.67 > max 0.50
exit profit_target for T0014 not filled: short leg rel spread 2.00 > max 0.50
exit profit_target for T0017 not filled: short leg rel spread 0.67 > max 0.50
exit profit_target for T0014 not filled: short leg rel spread 2.00 > max 0.50
exit profit_target for T0017 not filled: long leg rel spread 2.00 > max 0.50
exit profit_target for T0017 not filled: long leg rel spread 0.67 > max 0.50
exit profit_target for T0017 not filled: long leg rel spread 0.67 > max 0.50
exit profit_target for T0017 not filled: long leg rel spread 0.67 > max 0.50
exit profit_target for T0017 not filled: long leg rel spread 2.00 > max 0.50
exit profit_target for T0017 not filled: long leg rel spread 2.00 > max 0.50
exit profit_target for T0017 not filled: short leg rel spread 0.67 > max 0.50
exit profit_target for T0017 not filled: short leg rel spread 2.00 > max 0.50
exit profit_target for T0017 not filled: short leg rel spread 2.00 > max 0.50
exit profit_target for T0017 not filled: short leg rel spread 2.00 > max 0.50
exit profit_target for T0017 not filled: short leg rel spread 2.00 > max 0.50
exit profit_target for T0017 not filled: short leg rel spread 2.00 > max 0.50
exit profit_target for T0017 not filled: short leg rel spread 2.00 > max 0.50
exit profit_target for T0017 not filled: short leg rel spread 2.00 > max 0.50
exit profit_target for T0017 not filled: short leg rel spread 2.00 > max 0.50
exit profit_target for T0019 not filled: long leg rel spread 2.00 > max 0.50
exit profit_target for T0021 not filled: long leg rel spread 0.67 > max 0.50
exit profit_target for T0019 not filled: long leg rel spread 2.00 > max 0.50
exit profit_target for T0019 not filled: long leg rel spread 2.00 > max 0.50
exit profit_target for T0019 not filled: long leg rel spread 2.00 > max 0.50
exit profit_target for T0019 not filled: long leg rel spread 2.00 > max 0.50
exit profit_target for T0019 not filled: long leg rel spread 2.00 > max 0.50
exit profit_target for T0019 not filled: long leg rel spread 2.00 > max 0.50
exit profit_target for T0020 not filled: long leg rel spread 2.00 > max 0.50
exit profit_target for T0020 not filled: long leg rel spread 2.00 > max 0.50
exit profit_target for T0023 not filled: long leg rel spread 0.67 > max 0.50
exit profit_target for T0020 not filled: short leg rel spread 0.67 > max 0.50
exit profit_target for T0023 not filled: long leg rel spread 0.67 > max 0.50
exit profit_target for T0020 not filled: short leg rel spread 2.00 > max 0.50
exit profit_target for T0023 not filled: long leg rel spread 0.67 > max 0.50
exit profit_target for T0020 not filled: short leg rel spread 2.00 > max 0.50
exit profit_target for T0023 not filled: long leg rel spread 2.00 > max 0.50
exit profit_target for T0023 not filled: long leg rel spread 2.00 > max 0.50
exit profit_target for T0023 not filled: long leg rel spread 2.00 > max 0.50
exit profit_target for T0023 not filled: long leg rel spread 2.00 > max 0.50
exit profit_target for T0023 not filled: long leg rel spread 2.00 > max 0.50
exit profit_target for T0023 not filled: long leg rel spread 2.00 > max 0.50
exit profit_target for T0023 not filled: short leg rel spread 0.67 > max 0.50
exit profit_target for T0023 not filled: short leg rel spread 2.00 > max 0.50
exit profit_target for T0023 not filled: short leg rel spread 2.00 > max 0.50
exit profit_target for T0023 not filled: short leg rel spread 0.67 > max 0.50
exit profit_target for T0023 not filled: short leg rel spread 2.00 > max 0.50
exit profit_target for T0023 not filled: short leg rel spread 2.00 > max 0.50
exit profit_target for T0023 not filled: short leg rel spread 2.00 > max 0.50
exit profit_target for T0023 not filled: short leg rel spread 2.00 > max 0.50
exit profit_target for T0023 not filled: short leg rel spread 2.00 > max 0.50
exit profit_target for T0023 not filled: short leg rel spread 2.00 > max 0.50
exit profit_target for T0034 not filled: long leg rel spread 0.67 > max 0.50
exit profit_target for T0034 not filled: long leg rel spread 0.67 > max 0.50
exit profit_target for T0034 not filled: long leg rel spread 0.67 > max 0.50
exit profit_target for T0034 not filled: long leg rel spread 0.67 > max 0.50
exit profit_target for T0034 not filled: long leg rel spread 2.00 > max 0.50
exit profit_target for T0034 not filled: long leg rel spread 2.00 > max 0.50
exit profit_target for T0034 not filled: long leg rel spread 0.67 > max 0.50
exit profit_target for T0034 not filled: long leg rel spread 0.67 > max 0.50
exit profit_target for T0034 not filled: long leg rel spread 0.67 > max 0.50
exit profit_target for T0034 not filled: long leg rel spread 2.00 > max 0.50
exit profit_target for T0047 not filled: long leg rel spread 0.67 > max 0.50
exit profit_target for T0062 not filled: long leg rel spread 0.74 > max 0.50
exit profit_target for T0063 not filled: long leg rel spread 2.00 > max 0.50
exit profit_target for T0119 not filled: long leg rel spread 0.67 > max 0.50
exit profit_target for T0119 not filled: long leg rel spread 0.67 > max 0.50
exit profit_target for T0119 not filled: long leg rel spread 2.00 > max 0.50
exit profit_target for T0119 not filled: short leg rel spread 0.67 > max 0.50
exit profit_target for T0119 not filled: short leg rel spread 2.00 > max 0.50
exit profit_target for T0126 not filled: long leg rel spread 0.67 > max 0.50
exit profit_target for T0127 not filled: long leg rel spread 0.67 > max 0.50
exit profit_target for T0127 not filled: long leg rel spread 0.67 > max 0.50
exit profit_target for T0127 not filled: long leg rel spread 2.00 > max 0.50
exit profit_target for T0127 not filled: long leg rel spread 2.00 > max 0.50
exit profit_target for T0127 not filled: short leg rel spread 0.67 > max 0.50
sectorcorr45_vix25|d0.20_w10_dte30_pt50_sl2 -3.2598870056497176
T0010 expires today with no quotes; closing at intrinsic
T0140 expires today with no quotes; closing at intrinsic
T0141 expires today with no quotes; closing at intrinsic
sectorcorr45_vix25|d0.20_w10_dte45_hold 15.401644698986145
exit profit_target for T0019 not filled: long leg rel spread 0.67 > max 0.50
exit profit_target for T0020 not filled: long leg rel spread 0.67 > max 0.50
exit profit_target for T0023 not filled: long leg rel spread 0.67 > max 0.50
exit profit_target for T0019 not filled: long leg rel spread 0.67 > max 0.50
exit profit_target for T0020 not filled: long leg rel spread 0.67 > max 0.50
exit profit_target for T0022 not filled: long leg rel spread 0.67 > max 0.50
exit profit_target for T0023 not filled: long leg rel spread 0.67 > max 0.50
exit profit_target for T0019 not filled: long leg rel spread 2.00 > max 0.50
exit profit_target for T0020 not filled: long leg rel spread 0.67 > max 0.50
exit profit_target for T0022 not filled: long leg rel spread 0.67 > max 0.50
exit profit_target for T0023 not filled: long leg rel spread 0.67 > max 0.50
exit profit_target for T0019 not filled: long leg rel spread 2.00 > max 0.50
exit profit_target for T0020 not filled: long leg rel spread 2.00 > max 0.50
exit profit_target for T0022 not filled: long leg rel spread 0.67 > max 0.50
exit profit_target for T0023 not filled: long leg rel spread 0.67 > max 0.50
exit profit_target for T0019 not filled: long leg rel spread 2.00 > max 0.50
exit profit_target for T0020 not filled: long leg rel spread 2.00 > max 0.50
exit profit_target for T0022 not filled: long leg rel spread 0.67 > max 0.50
exit profit_target for T0023 not filled: long leg rel spread 0.67 > max 0.50
exit profit_target for T0019 not filled: long leg rel spread 2.00 > max 0.50
exit profit_target for T0020 not filled: long leg rel spread 2.00 > max 0.50
exit profit_target for T0022 not filled: long leg rel spread 0.67 > max 0.50
exit profit_target for T0023 not filled: long leg rel spread 0.67 > max 0.50
exit profit_target for T0019 not filled: short leg rel spread 0.67 > max 0.50
exit profit_target for T0020 not filled: long leg rel spread 2.00 > max 0.50
exit profit_target for T0022 not filled: long leg rel spread 0.67 > max 0.50
exit profit_target for T0023 not filled: long leg rel spread 0.67 > max 0.50
exit profit_target for T0019 not filled: short leg rel spread 0.67 > max 0.50
exit profit_target for T0020 not filled: short leg rel spread 0.67 > max 0.50
exit profit_target for T0022 not filled: long leg rel spread 0.67 > max 0.50
exit profit_target for T0023 not filled: long leg rel spread 0.67 > max 0.50
exit profit_target for T0019 not filled: short leg rel spread 0.67 > max 0.50
exit profit_target for T0020 not filled: short leg rel spread 0.67 > max 0.50
exit profit_target for T0022 not filled: long leg rel spread 2.00 > max 0.50
exit profit_target for T0023 not filled: long leg rel spread 0.67 > max 0.50
exit profit_target for T0019 not filled: short leg rel spread 2.00 > max 0.50
exit profit_target for T0020 not filled: short leg rel spread 0.67 > max 0.50
exit profit_target for T0022 not filled: long leg rel spread 2.00 > max 0.50
exit profit_target for T0023 not filled: long leg rel spread 2.00 > max 0.50
exit profit_target for T0019 not filled: short leg rel spread 2.00 > max 0.50
exit profit_target for T0020 not filled: short leg rel spread 2.00 > max 0.50
exit profit_target for T0022 not filled: long leg rel spread 2.00 > max 0.50
exit profit_target for T0023 not filled: long leg rel spread 2.00 > max 0.50
exit profit_target for T0020 not filled: short leg rel spread 2.00 > max 0.50
exit profit_target for T0022 not filled: short leg rel spread 0.67 > max 0.50
exit profit_target for T0023 not filled: long leg rel spread 2.00 > max 0.50
exit profit_target for T0020 not filled: short leg rel spread 2.00 > max 0.50
exit profit_target for T0022 not filled: long leg rel spread 2.00 > max 0.50
exit profit_target for T0023 not filled: long leg rel spread 2.00 > max 0.50
exit profit_target for T0020 not filled: short leg rel spread 2.00 > max 0.50
exit profit_target for T0022 not filled: long leg rel spread 2.00 > max 0.50
exit profit_target for T0023 not filled: long leg rel spread 2.00 > max 0.50
exit profit_target for T0020 not filled: short leg rel spread 2.00 > max 0.50
exit profit_target for T0022 not filled: short leg rel spread 0.67 > max 0.50
exit profit_target for T0023 not filled: long leg rel spread 2.00 > max 0.50
exit profit_target for T0020 not filled: short leg rel spread 2.00 > max 0.50
exit profit_target for T0022 not filled: short leg rel spread 0.67 > max 0.50
exit profit_target for T0023 not filled: long leg rel spread 2.00 > max 0.50
exit profit_target for T0022 not filled: short leg rel spread 0.67 > max 0.50
exit profit_target for T0023 not filled: short leg rel spread 0.67 > max 0.50
exit profit_target for T0022 not filled: short leg rel spread 2.00 > max 0.50
exit profit_target for T0023 not filled: short leg rel spread 2.00 > max 0.50
exit profit_target for T0022 not filled: short leg rel spread 2.00 > max 0.50
exit profit_target for T0023 not filled: short leg rel spread 2.00 > max 0.50
exit profit_target for T0022 not filled: short leg rel spread 2.00 > max 0.50
exit profit_target for T0023 not filled: short leg rel spread 2.00 > max 0.50
exit profit_target for T0022 not filled: short leg rel spread 2.00 > max 0.50
exit profit_target for T0023 not filled: short leg rel spread 2.00 > max 0.50
exit profit_target for T0023 not filled: short leg rel spread 2.00 > max 0.50
exit profit_target for T0023 not filled: short leg rel spread 2.00 > max 0.50
exit profit_target for T0023 not filled: short leg rel spread 2.00 > max 0.50
exit profit_target for T0023 not filled: short leg rel spread 2.00 > max 0.50
sectorcorr45_vix25|d0.20_w10_dte45_pt50_sl2 -0.9517045454545481
sectorcorr45_breadth_up|d0.10_w2_dte21_hold 2.806338028169013
sectorcorr45_breadth_up|d0.10_w2_dte21_pt50_sl2 -2.51056338028169
sectorcorr45_breadth_up|d0.10_w2_dte30_hold 7.225352112676056
exit profit_target for T0005 not filled: long leg rel spread 0.67 > max 0.50
exit profit_target for T0005 not filled: long leg rel spread 0.67 > max 0.50
exit profit_target for T0005 not filled: long leg rel spread 0.67 > max 0.50
exit profit_target for T0005 not filled: long leg rel spread 2.00 > max 0.50
exit profit_target for T0005 not filled: long leg rel spread 2.00 > max 0.50
exit profit_target for T0005 not filled: long leg rel spread 2.00 > max 0.50
sectorcorr45_breadth_up|d0.10_w2_dte30_pt50_sl2 -2.859154929577465
sectorcorr45_breadth_up|d0.10_w2_dte45_hold 6.894366197183099
sectorcorr45_breadth_up|d0.10_w2_dte45_pt50_sl2 -1.2007042253521127
sectorcorr45_breadth_up|d0.10_w5_dte21_hold 6.450704225352111
exit profit_target for T0003 not filled: long leg rel spread 1.00 > max 0.50
exit profit_target for T0003 not filled: long leg rel spread 0.67 > max 0.50
exit profit_target for T0003 not filled: long leg rel spread 0.67 > max 0.50
exit profit_target for T0005 not filled: long leg rel spread 0.67 > max 0.50
exit profit_target for T0005 not filled: long leg rel spread 2.00 > max 0.50
exit profit_target for T0005 not filled: long leg rel spread 2.00 > max 0.50
exit profit_target for T0005 not filled: short leg rel spread 0.67 > max 0.50
exit profit_target for T0005 not filled: short leg rel spread 2.00 > max 0.50
exit profit_target for T0007 not filled: long leg rel spread 0.67 > max 0.50
exit profit_target for T0007 not filled: long leg rel spread 0.67 > max 0.50
exit profit_target for T0007 not filled: long leg rel spread 0.67 > max 0.50
exit profit_target for T0007 not filled: long leg rel spread 0.67 > max 0.50
exit profit_target for T0007 not filled: long leg rel spread 2.00 > max 0.50
exit profit_target for T0030 not filled: long leg rel spread 0.67 > max 0.50
exit profit_target for T0030 not filled: short leg rel spread 0.67 > max 0.50
exit profit_target for T0030 not filled: short leg rel spread 0.67 > max 0.50
exit profit_target for T0030 not filled: short leg rel spread 2.00 > max 0.50
sectorcorr45_breadth_up|d0.10_w5_dte21_pt50_sl2 -0.36267605633802824
sectorcorr45_breadth_up|d0.10_w5_dte30_hold 7.626760563380282
exit profit_target for T0005 not filled: long leg rel spread 0.67 > max 0.50
exit profit_target for T0005 not filled: long leg rel spread 0.67 > max 0.50
exit profit_target for T0005 not filled: long leg rel spread 0.67 > max 0.50
exit profit_target for T0005 not filled: long leg rel spread 2.00 > max 0.50
exit profit_target for T0005 not filled: long leg rel spread 2.00 > max 0.50
exit profit_target for T0005 not filled: long leg rel spread 2.00 > max 0.50
exit profit_target for T0007 not filled: long leg rel spread 0.67 > max 0.50
exit profit_target for T0007 not filled: long leg rel spread 2.00 > max 0.50
exit profit_target for T0007 not filled: long leg rel spread 2.00 > max 0.50
exit profit_target for T0007 not filled: long leg rel spread 2.00 > max 0.50
exit profit_target for T0007 not filled: long leg rel spread 2.00 > max 0.50
exit profit_target for T0007 not filled: long leg rel spread 2.00 > max 0.50
exit profit_target for T0007 not filled: short leg rel spread 2.00 > max 0.50
sectorcorr45_breadth_up|d0.10_w5_dte30_pt50_sl2 -2.640845070422535
sectorcorr45_breadth_up|d0.10_w5_dte45_hold 10.598591549295774
sectorcorr45_breadth_up|d0.10_w5_dte45_pt50_sl2 0.3098591549295776
sectorcorr45_breadth_up|d0.10_w10_dte21_hold 1.2992957746478873
exit profit_target for T0002 not filled: long leg rel spread 2.00 > max 0.50
exit profit_target for T0002 not filled: long leg rel spread 2.00 > max 0.50
exit profit_target for T0002 not filled: long leg rel spread 2.00 > max 0.50
exit profit_target for T0002 not filled: long leg rel spread 2.00 > max 0.50
exit profit_target for T0002 not filled: long leg rel spread 2.00 > max 0.50
exit profit_target for T0002 not filled: short leg rel spread 0.67 > max 0.50
exit profit_target for T0003 not filled: long leg rel spread 0.67 > max 0.50
exit profit_target for T0002 not filled: short leg rel spread 0.67 > max 0.50
exit profit_target for T0003 not filled: long leg rel spread 0.67 > max 0.50
exit profit_target for T0002 not filled: short leg rel spread 0.67 > max 0.50
exit profit_target for T0003 not filled: long leg rel spread 0.67 > max 0.50
exit profit_target for T0002 not filled: short leg rel spread 0.67 > max 0.50
exit profit_target for T0003 not filled: long leg rel spread 0.67 > max 0.50
exit profit_target for T0002 not filled: long leg rel spread 2.00 > max 0.50
exit profit_target for T0002 not filled: short leg rel spread 2.00 > max 0.50
exit profit_target for T0002 not filled: short leg rel spread 2.00 > max 0.50
exit stop_loss for T0003 not filled: long leg rel spread 2.00 > max 0.50
exit profit_target for T0003 not filled: short leg rel spread 0.67 > max 0.50
exit profit_target for T0004 not filled: long leg rel spread 0.67 > max 0.50
exit profit_target for T0004 not filled: long leg rel spread 2.00 > max 0.50
exit profit_target for T0004 not filled: long leg rel spread 2.00 > max 0.50
exit profit_target for T0004 not filled: short leg rel spread 0.67 > max 0.50
exit profit_target for T0004 not filled: short leg rel spread 2.00 > max 0.50
exit profit_target for T0005 not filled: long leg rel spread 0.67 > max 0.50
exit profit_target for T0005 not filled: long leg rel spread 2.00 > max 0.50
exit profit_target for T0005 not filled: long leg rel spread 2.00 > max 0.50
exit profit_target for T0005 not filled: short leg rel spread 0.67 > max 0.50
exit profit_target for T0005 not filled: short leg rel spread 2.00 > max 0.50
exit profit_target for T0006 not filled: long leg rel spread 0.67 > max 0.50
exit profit_target for T0006 not filled: long leg rel spread 0.67 > max 0.50
exit profit_target for T0006 not filled: long leg rel spread 2.00 > max 0.50
exit profit_target for T0006 not filled: long leg rel spread 2.00 > max 0.50
exit profit_target for T0006 not filled: long leg rel spread 2.00 > max 0.50
exit profit_target for T0006 not filled: long leg rel spread 2.00 > max 0.50
exit profit_target for T0006 not filled: long leg rel spread 2.00 > max 0.50
exit profit_target for T0006 not filled: long leg rel spread 2.00 > max 0.50
exit profit_target for T0006 not filled: short leg rel spread 0.67 > max 0.50
exit profit_target for T0006 not filled: long leg rel spread 2.00 > max 0.50
exit profit_target for T0006 not filled: short leg rel spread 0.67 > max 0.50
exit profit_target for T0006 not filled: short leg rel spread 0.67 > max 0.50
exit profit_target for T0006 not filled: short leg rel spread 2.00 > max 0.50
exit profit_target for T0007 not filled: long leg rel spread 2.00 > max 0.50
exit profit_target for T0007 not filled: long leg rel spread 2.00 > max 0.50
exit profit_target for T0007 not filled: long leg rel spread 2.00 > max 0.50
exit profit_target for T0007 not filled: long leg rel spread 2.00 > max 0.50
exit profit_target for T0007 not filled: long leg rel spread 2.00 > max 0.50
exit profit_target for T0008 not filled: long leg rel spread 2.00 > max 0.50
exit profit_target for T0008 not filled: long leg rel spread 2.00 > max 0.50
exit profit_target for T0008 not filled: long leg rel spread 2.00 > max 0.50
exit profit_target for T0027 not filled: long leg rel spread 0.67 > max 0.50
exit profit_target for T0027 not filled: long leg rel spread 0.67 > max 0.50
exit profit_target for T0027 not filled: short leg rel spread 0.67 > max 0.50
exit profit_target for T0027 not filled: short leg rel spread 2.00 > max 0.50
exit profit_target for T0027 not filled: short leg rel spread 2.00 > max 0.50
exit profit_target for T0027 not filled: short leg rel spread 2.00 > max 0.50
exit profit_target for T0027 not filled: short leg rel spread 2.00 > max 0.50
exit profit_target for T0030 not filled: long leg rel spread 0.67 > max 0.50
exit profit_target for T0030 not filled: short leg rel spread 0.67 > max 0.50
exit profit_target for T0030 not filled: short leg rel spread 0.67 > max 0.50
exit profit_target for T0030 not filled: short leg rel spread 2.00 > max 0.50
exit profit_target for T0040 not filled: long leg rel spread 0.67 > max 0.50
exit profit_target for T0040 not filled: long leg rel spread 0.67 > max 0.50
exit profit_target for T0040 not filled: long leg rel spread 0.67 > max 0.50
exit profit_target for T0040 not filled: short leg rel spread 0.67 > max 0.50
sectorcorr45_breadth_up|d0.10_w10_dte21_pt50_sl2 0.8133802816901412
sectorcorr45_breadth_up|d0.10_w10_dte30_hold 10.785211267605634
exit profit_target for T0004 not filled: long leg rel spread 2.00 > max 0.50
exit profit_target for T0004 not filled: long leg rel spread 2.00 > max 0.50
exit profit_target for T0004 not filled: long leg rel spread 2.00 > max 0.50
exit profit_target for T0004 not filled: long leg rel spread 2.00 > max 0.50
exit profit_target for T0004 not filled: short leg rel spread 0.67 > max 0.50
exit profit_target for T0004 not filled: short leg rel spread 2.00 > max 0.50
exit profit_target for T0004 not filled: short leg rel spread 2.00 > max 0.50
exit profit_target for T0005 not filled: long leg rel spread 2.00 > max 0.50
exit profit_target for T0005 not filled: long leg rel spread 2.00 > max 0.50
exit profit_target for T0005 not filled: long leg rel spread 2.00 > max 0.50
exit profit_target for T0005 not filled: long leg rel spread 2.00 > max 0.50
exit profit_target for T0005 not filled: long leg rel spread 2.00 > max 0.50
exit profit_target for T0005 not filled: long leg rel spread 2.00 > max 0.50
exit profit_target for T0005 not filled: long leg rel spread 2.00 > max 0.50
exit profit_target for T0006 not filled: long leg rel spread 0.67 > max 0.50
exit profit_target for T0006 not filled: long leg rel spread 0.67 > max 0.50
exit profit_target for T0006 not filled: long leg rel spread 0.67 > max 0.50
exit profit_target for T0006 not filled: long leg rel spread 0.67 > max 0.50
exit profit_target for T0006 not filled: long leg rel spread 2.00 > max 0.50
exit profit_target for T0006 not filled: long leg rel spread 2.00 > max 0.50
exit profit_target for T0006 not filled: long leg rel spread 2.00 > max 0.50
exit profit_target for T0006 not filled: long leg rel spread 2.00 > max 0.50
exit profit_target for T0006 not filled: long leg rel spread 2.00 > max 0.50
exit profit_target for T0006 not filled: long leg rel spread 0.67 > max 0.50
exit profit_target for T0006 not filled: long leg rel spread 2.00 > max 0.50
exit profit_target for T0006 not filled: long leg rel spread 2.00 > max 0.50
exit profit_target for T0006 not filled: long leg rel spread 2.00 > max 0.50
exit profit_target for T0006 not filled: long leg rel spread 2.00 > max 0.50
exit profit_target for T0006 not filled: long leg rel spread 2.00 > max 0.50
exit profit_target for T0006 not filled: short leg rel spread 2.00 > max 0.50
exit profit_target for T0006 not filled: short leg rel spread 2.00 > max 0.50
exit profit_target for T0006 not filled: short leg rel spread 2.00 > max 0.50
exit profit_target for T0006 not filled: short leg rel spread 2.00 > max 0.50
exit profit_target for T0006 not filled: short leg rel spread 2.00 > max 0.50
exit profit_target for T0007 not filled: long leg rel spread 2.00 > max 0.50
exit profit_target for T0007 not filled: long leg rel spread 2.00 > max 0.50
exit profit_target for T0007 not filled: long leg rel spread 2.00 > max 0.50
exit profit_target for T0007 not filled: long leg rel spread 2.00 > max 0.50
exit profit_target for T0007 not filled: long leg rel spread 2.00 > max 0.50
exit profit_target for T0007 not filled: long leg rel spread 2.00 > max 0.50
exit profit_target for T0007 not filled: short leg rel spread 2.00 > max 0.50
sectorcorr45_breadth_up|d0.10_w10_dte30_pt50_sl2 -3.4753521126760547
sectorcorr45_breadth_up|d0.10_w10_dte45_hold 17.554929577464748
exit profit_target for T0004 not filled: long leg rel spread 0.67 > max 0.50
exit profit_target for T0004 not filled: long leg rel spread 0.67 > max 0.50
exit profit_target for T0004 not filled: long leg rel spread 2.00 > max 0.50
exit profit_target for T0004 not filled: short leg rel spread 0.67 > max 0.50
exit profit_target for T0004 not filled: short leg rel spread 0.67 > max 0.50
exit profit_target for T0004 not filled: long leg rel spread 2.00 > max 0.50
exit profit_target for T0004 not filled: long leg rel spread 0.67 > max 0.50
exit profit_target for T0004 not filled: short leg rel spread 0.67 > max 0.50
exit profit_target for T0004 not filled: short leg rel spread 0.67 > max 0.50
exit profit_target for T0004 not filled: short leg rel spread 2.00 > max 0.50
exit profit_target for T0004 not filled: short leg rel spread 2.00 > max 0.50
exit profit_target for T0004 not filled: short leg rel spread 2.00 > max 0.50
exit profit_target for T0004 not filled: short leg rel spread 2.00 > max 0.50
exit profit_target for T0004 not filled: short leg rel spread 2.00 > max 0.50
exit profit_target for T0004 not filled: short leg rel spread 2.00 > max 0.50
exit profit_target for T0004 not filled: short leg rel spread 2.00 > max 0.50
exit profit_target for T0005 not filled: long leg rel spread 0.67 > max 0.50
exit profit_target for T0005 not filled: long leg rel spread 0.67 > max 0.50
exit profit_target for T0005 not filled: long leg rel spread 0.67 > max 0.50
exit profit_target for T0005 not filled: long leg rel spread 0.67 > max 0.50
exit profit_target for T0005 not filled: long leg rel spread 2.00 > max 0.50
exit profit_target for T0005 not filled: short leg rel spread 0.67 > max 0.50
exit profit_target for T0005 not filled: short leg rel spread 0.67 > max 0.50
exit profit_target for T0005 not filled: short leg rel spread 0.67 > max 0.50
exit profit_target for T0005 not filled: short leg rel spread 0.67 > max 0.50
exit profit_target for T0005 not filled: short leg rel spread 0.67 > max 0.50
exit profit_target for T0005 not filled: short leg rel spread 2.00 > max 0.50
exit profit_target for T0005 not filled: short leg rel spread 2.00 > max 0.50
exit profit_target for T0005 not filled: short leg rel spread 2.00 > max 0.50
exit profit_target for T0005 not filled: short leg rel spread 2.00 > max 0.50
sectorcorr45_breadth_up|d0.10_w10_dte45_pt50_sl2 5.640845070422535
sectorcorr45_breadth_up|d0.15_w2_dte21_hold 9.246478873239436
exit profit_target for T0004 not filled: long leg rel spread 0.67 > max 0.50
exit profit_target for T0004 not filled: long leg rel spread 2.00 > max 0.50
exit profit_target for T0030 not filled: long leg rel spread 0.67 > max 0.50
exit profit_target for T0030 not filled: short leg rel spread 0.67 > max 0.50
exit profit_target for T0030 not filled: short leg rel spread 2.00 > max 0.50
sectorcorr45_breadth_up|d0.15_w2_dte21_pt50_sl2 -1.619718309859155
sectorcorr45_breadth_up|d0.15_w2_dte30_hold 10.373239436619718
exit profit_target for T0005 not filled: long leg rel spread 0.67 > max 0.50
exit profit_target for T0005 not filled: long leg rel spread 0.67 > max 0.50
exit profit_target for T0005 not filled: long leg rel spread 0.67 > max 0.50
exit profit_target for T0005 not filled: long leg rel spread 2.00 > max 0.50
exit profit_target for T0005 not filled: long leg rel spread 2.00 > max 0.50
exit profit_target for T0005 not filled: long leg rel spread 2.00 > max 0.50
sectorcorr45_breadth_up|d0.15_w2_dte30_pt50_sl2 -3.4859154929577465
sectorcorr45_breadth_up|d0.15_w2_dte45_hold 7.318893114304778
sectorcorr45_breadth_up|d0.15_w2_dte45_pt50_sl2 0.5528169014084509
sectorcorr45_breadth_up|d0.15_w5_dte21_hold 17.531690140845072
exit profit_target for T0004 not filled: long leg rel spread 2.00 > max 0.50
exit profit_target for T0004 not filled: long leg rel spread 2.00 > max 0.50
exit profit_target for T0005 not filled: long leg rel spread 2.00 > max 0.50
exit profit_target for T0005 not filled: long leg rel spread 2.00 > max 0.50
exit profit_target for T0005 not filled: short leg rel spread 0.67 > max 0.50
sectorcorr45_breadth_up|d0.15_w5_dte21_pt50_sl2 4.063380281690142
sectorcorr45_breadth_up|d0.15_w5_dte30_hold 23.323943661971832
exit profit_target for T0005 not filled: long leg rel spread 0.67 > max 0.50
exit profit_target for T0005 not filled: long leg rel spread 0.67 > max 0.50
exit profit_target for T0005 not filled: long leg rel spread 0.67 > max 0.50
exit profit_target for T0005 not filled: long leg rel spread 2.00 > max 0.50
exit profit_target for T0005 not filled: long leg rel spread 2.00 > max 0.50
exit profit_target for T0005 not filled: long leg rel spread 2.00 > max 0.50
sectorcorr45_breadth_up|d0.15_w5_dte30_pt50_sl2 1.2112676056338028
sectorcorr45_breadth_up|d0.15_w5_dte45_hold 20.663963536839987
sectorcorr45_breadth_up|d0.15_w5_dte45_pt50_sl2 2.3838028169014085
sectorcorr45_breadth_up|d0.15_w10_dte21_hold 24.27464788732395
exit profit_target for T0002 not filled: long leg rel spread 0.67 > max 0.50
exit profit_target for T0002 not filled: long leg rel spread 0.67 > max 0.50
exit profit_target for T0002 not filled: long leg rel spread 2.00 > max 0.50
exit profit_target for T0002 not filled: long leg rel spread 2.00 > max 0.50
exit profit_target for T0002 not filled: long leg rel spread 2.00 > max 0.50
exit profit_target for T0002 not filled: long leg rel spread 2.00 > max 0.50
exit profit_target for T0003 not filled: long leg rel spread 0.67 > max 0.50
exit profit_target for T0002 not filled: short leg rel spread 0.67 > max 0.50
exit profit_target for T0003 not filled: long leg rel spread 0.67 > max 0.50
exit profit_target for T0002 not filled: short leg rel spread 0.67 > max 0.50
exit profit_target for T0003 not filled: long leg rel spread 0.67 > max 0.50
exit profit_target for T0002 not filled: long leg rel spread 2.00 > max 0.50
exit profit_target for T0003 not filled: long leg rel spread 0.67 > max 0.50
exit profit_target for T0002 not filled: long leg rel spread 2.00 > max 0.50
exit profit_target for T0002 not filled: short leg rel spread 2.00 > max 0.50
exit profit_target for T0002 not filled: short leg rel spread 2.00 > max 0.50
exit stop_loss for T0003 not filled: long leg rel spread 2.00 > max 0.50
exit profit_target for T0003 not filled: long leg rel spread 2.00 > max 0.50
exit profit_target for T0004 not filled: long leg rel spread 2.00 > max 0.50
exit profit_target for T0004 not filled: long leg rel spread 2.00 > max 0.50
exit profit_target for T0005 not filled: long leg rel spread 2.00 > max 0.50
exit profit_target for T0005 not filled: long leg rel spread 2.00 > max 0.50
exit profit_target for T0005 not filled: short leg rel spread 0.67 > max 0.50
exit profit_target for T0006 not filled: long leg rel spread 0.67 > max 0.50
exit profit_target for T0006 not filled: long leg rel spread 0.67 > max 0.50
exit profit_target for T0006 not filled: long leg rel spread 2.00 > max 0.50
exit profit_target for T0006 not filled: long leg rel spread 2.00 > max 0.50
exit profit_target for T0006 not filled: long leg rel spread 2.00 > max 0.50
exit profit_target for T0006 not filled: long leg rel spread 2.00 > max 0.50
exit profit_target for T0006 not filled: long leg rel spread 2.00 > max 0.50
exit profit_target for T0006 not filled: long leg rel spread 2.00 > max 0.50
exit profit_target for T0006 not filled: long leg rel spread 2.00 > max 0.50
exit profit_target for T0006 not filled: long leg rel spread 2.00 > max 0.50
exit profit_target for T0006 not filled: long leg rel spread 2.00 > max 0.50
exit profit_target for T0006 not filled: short leg rel spread 0.67 > max 0.50
exit profit_target for T0006 not filled: short leg rel spread 2.00 > max 0.50
exit profit_target for T0007 not filled: long leg rel spread 2.00 > max 0.50
exit profit_target for T0007 not filled: long leg rel spread 2.00 > max 0.50
exit profit_target for T0007 not filled: long leg rel spread 2.00 > max 0.50
exit stop_loss for T0007 not filled: long leg rel spread 2.00 > max 0.50
exit profit_target for T0030 not filled: long leg rel spread 0.67 > max 0.50
exit profit_target for T0030 not filled: long leg rel spread 2.00 > max 0.50
exit profit_target for T0030 not filled: short leg rel spread 0.67 > max 0.50
exit profit_target for T0030 not filled: short leg rel spread 2.00 > max 0.50
exit profit_target for T0040 not filled: long leg rel spread 0.67 > max 0.50
exit profit_target for T0040 not filled: long leg rel spread 0.67 > max 0.50
exit profit_target for T0040 not filled: long leg rel spread 0.67 > max 0.50
exit profit_target for T0040 not filled: short leg rel spread 0.67 > max 0.50
sectorcorr45_breadth_up|d0.15_w10_dte21_pt50_sl2 7.024647887323944
sectorcorr45_breadth_up|d0.15_w10_dte30_hold 35.13732394366197
exit profit_target for T0004 not filled: long leg rel spread 2.00 > max 0.50
exit profit_target for T0004 not filled: long leg rel spread 2.00 > max 0.50
exit profit_target for T0004 not filled: long leg rel spread 2.00 > max 0.50
exit profit_target for T0004 not filled: long leg rel spread 2.00 > max 0.50
exit profit_target for T0004 not filled: short leg rel spread 0.67 > max 0.50
exit profit_target for T0004 not filled: short leg rel spread 2.00 > max 0.50
exit profit_target for T0004 not filled: short leg rel spread 2.00 > max 0.50
exit profit_target for T0005 not filled: long leg rel spread 2.00 > max 0.50
exit profit_target for T0005 not filled: long leg rel spread 2.00 > max 0.50
exit profit_target for T0005 not filled: long leg rel spread 2.00 > max 0.50
exit profit_target for T0005 not filled: long leg rel spread 2.00 > max 0.50
exit profit_target for T0005 not filled: long leg rel spread 2.00 > max 0.50
exit profit_target for T0005 not filled: long leg rel spread 2.00 > max 0.50
exit profit_target for T0005 not filled: long leg rel spread 2.00 > max 0.50
sectorcorr45_breadth_up|d0.15_w10_dte30_pt50_sl2 5.637323943661971
sectorcorr45_breadth_up|d0.15_w10_dte45_hold 38.27663959317802
exit profit_target for T0004 not filled: long leg rel spread 0.67 > max 0.50
exit profit_target for T0004 not filled: long leg rel spread 0.67 > max 0.50
exit profit_target for T0004 not filled: long leg rel spread 2.00 > max 0.50
exit profit_target for T0004 not filled: long leg rel spread 2.00 > max 0.50
exit profit_target for T0004 not filled: long leg rel spread 2.00 > max 0.50
exit profit_target for T0004 not filled: long leg rel spread 0.67 > max 0.50
exit profit_target for T0004 not filled: long leg rel spread 2.00 > max 0.50
exit profit_target for T0004 not filled: short leg rel spread 0.67 > max 0.50
exit profit_target for T0004 not filled: short leg rel spread 0.67 > max 0.50
exit profit_target for T0004 not filled: short leg rel spread 0.67 > max 0.50
exit profit_target for T0004 not filled: short leg rel spread 2.00 > max 0.50
exit profit_target for T0004 not filled: short leg rel spread 2.00 > max 0.50
exit profit_target for T0004 not filled: short leg rel spread 2.00 > max 0.50
exit profit_target for T0004 not filled: short leg rel spread 2.00 > max 0.50
exit profit_target for T0004 not filled: short leg rel spread 2.00 > max 0.50
sectorcorr45_breadth_up|d0.15_w10_dte45_pt50_sl2 7.499999999999998
sectorcorr45_breadth_up|d0.20_w2_dte21_hold 11.340140845070358
exit profit_target for T0004 not filled: long leg rel spread 0.67 > max 0.50
sectorcorr45_breadth_up|d0.20_w2_dte21_pt50_sl2 -2.9401408450704225
sectorcorr45_breadth_up|d0.20_w2_dte30_hold 15.214788732394366
exit profit_target for T0005 not filled: long leg rel spread 0.67 > max 0.50
exit profit_target for T0005 not filled: long leg rel spread 0.67 > max 0.50
exit profit_target for T0005 not filled: long leg rel spread 0.67 > max 0.50
exit profit_target for T0005 not filled: long leg rel spread 2.00 > max 0.50
exit profit_target for T0005 not filled: long leg rel spread 2.00 > max 0.50
exit profit_target for T0005 not filled: long leg rel spread 2.00 > max 0.50
sectorcorr45_breadth_up|d0.20_w2_dte30_pt50_sl2 -1.573943661971831
sectorcorr45_breadth_up|d0.20_w2_dte45_hold 6.302816901408453
sectorcorr45_breadth_up|d0.20_w2_dte45_pt50_sl2 0.834507042253521
sectorcorr45_breadth_up|d0.20_w5_dte21_hold 29.75563380281684
exit profit_target for T0003 not filled: long leg rel spread 0.67 > max 0.50
exit profit_target for T0003 not filled: long leg rel spread 0.67 > max 0.50
exit profit_target for T0004 not filled: long leg rel spread 2.00 > max 0.50
exit profit_target for T0004 not filled: long leg rel spread 2.00 > max 0.50
exit profit_target for T0005 not filled: long leg rel spread 2.00 > max 0.50
exit profit_target for T0005 not filled: long leg rel spread 2.00 > max 0.50
exit profit_target for T0005 not filled: long leg rel spread 2.00 > max 0.50
exit profit_target for T0030 not filled: long leg rel spread 0.67 > max 0.50
exit profit_target for T0030 not filled: short leg rel spread 0.67 > max 0.50
exit profit_target for T0030 not filled: short leg rel spread 2.00 > max 0.50
sectorcorr45_breadth_up|d0.20_w5_dte21_pt50_sl2 3.408450704225352
sectorcorr45_breadth_up|d0.20_w5_dte30_hold 39.91549295774648
exit profit_target for T0005 not filled: long leg rel spread 0.67 > max 0.50
exit profit_target for T0005 not filled: long leg rel spread 0.67 > max 0.50
exit profit_target for T0005 not filled: long leg rel spread 0.67 > max 0.50
exit profit_target for T0005 not filled: long leg rel spread 2.00 > max 0.50
exit profit_target for T0005 not filled: long leg rel spread 2.00 > max 0.50
exit profit_target for T0005 not filled: long leg rel spread 2.00 > max 0.50
sectorcorr45_breadth_up|d0.20_w5_dte30_pt50_sl2 6.345070422535211
sectorcorr45_breadth_up|d0.20_w5_dte45_hold 24.73790719881182
sectorcorr45_breadth_up|d0.20_w5_dte45_pt50_sl2 7.595070422535211
sectorcorr45_breadth_up|d0.20_w10_dte21_hold 42.91760563380275
exit profit_target for T0002 not filled: long leg rel spread 0.67 > max 0.50
exit profit_target for T0002 not filled: long leg rel spread 2.00 > max 0.50
exit profit_target for T0002 not filled: long leg rel spread 2.00 > max 0.50
exit profit_target for T0002 not filled: long leg rel spread 2.00 > max 0.50
exit profit_target for T0002 not filled: long leg rel spread 2.00 > max 0.50
exit profit_target for T0003 not filled: long leg rel spread 0.67 > max 0.50
exit profit_target for T0002 not filled: short leg rel spread 0.67 > max 0.50
exit profit_target for T0003 not filled: long leg rel spread 0.67 > max 0.50
exit profit_target for T0002 not filled: long leg rel spread 2.00 > max 0.50
exit profit_target for T0003 not filled: long leg rel spread 0.67 > max 0.50
exit profit_target for T0002 not filled: long leg rel spread 2.00 > max 0.50
exit profit_target for T0002 not filled: long leg rel spread 2.00 > max 0.50
exit profit_target for T0002 not filled: long leg rel spread 2.00 > max 0.50
exit profit_target for T0002 not filled: short leg rel spread 0.67 > max 0.50
exit stop_loss for T0003 not filled: long leg rel spread 2.00 > max 0.50
exit profit_target for T0003 not filled: long leg rel spread 2.00 > max 0.50
exit profit_target for T0004 not filled: long leg rel spread 2.00 > max 0.50
exit profit_target for T0004 not filled: long leg rel spread 2.00 > max 0.50
exit profit_target for T0005 not filled: long leg rel spread 2.00 > max 0.50
exit profit_target for T0005 not filled: long leg rel spread 2.00 > max 0.50
exit profit_target for T0005 not filled: long leg rel spread 2.00 > max 0.50
exit profit_target for T0006 not filled: long leg rel spread 0.67 > max 0.50
exit profit_target for T0006 not filled: long leg rel spread 0.67 > max 0.50
exit profit_target for T0006 not filled: long leg rel spread 2.00 > max 0.50
exit profit_target for T0006 not filled: long leg rel spread 2.00 > max 0.50
exit profit_target for T0006 not filled: long leg rel spread 2.00 > max 0.50
exit profit_target for T0006 not filled: long leg rel spread 2.00 > max 0.50
exit profit_target for T0006 not filled: long leg rel spread 2.00 > max 0.50
exit profit_target for T0006 not filled: long leg rel spread 2.00 > max 0.50
exit profit_target for T0006 not filled: long leg rel spread 2.00 > max 0.50
exit profit_target for T0006 not filled: long leg rel spread 2.00 > max 0.50
exit profit_target for T0006 not filled: long leg rel spread 2.00 > max 0.50
exit profit_target for T0006 not filled: long leg rel spread 2.00 > max 0.50
exit profit_target for T0006 not filled: short leg rel spread 2.00 > max 0.50
exit profit_target for T0007 not filled: long leg rel spread 2.00 > max 0.50
exit stop_loss for T0007 not filled: long leg rel spread 2.00 > max 0.50
exit profit_target for T0030 not filled: long leg rel spread 0.67 > max 0.50
exit profit_target for T0030 not filled: long leg rel spread 0.67 > max 0.50
exit profit_target for T0030 not filled: short leg rel spread 0.67 > max 0.50
exit profit_target for T0030 not filled: short leg rel spread 2.00 > max 0.50
sectorcorr45_breadth_up|d0.20_w10_dte21_pt50_sl2 9.908450704225352
sectorcorr45_breadth_up|d0.20_w10_dte30_hold 64.88732394366197
exit profit_target for T0004 not filled: long leg rel spread 2.00 > max 0.50
exit profit_target for T0004 not filled: long leg rel spread 2.00 > max 0.50
exit profit_target for T0004 not filled: long leg rel spread 2.00 > max 0.50
exit profit_target for T0004 not filled: long leg rel spread 2.00 > max 0.50
exit profit_target for T0004 not filled: short leg rel spread 2.00 > max 0.50
exit profit_target for T0004 not filled: short leg rel spread 2.00 > max 0.50
exit profit_target for T0005 not filled: long leg rel spread 2.00 > max 0.50
exit profit_target for T0005 not filled: long leg rel spread 2.00 > max 0.50
exit profit_target for T0005 not filled: long leg rel spread 2.00 > max 0.50
exit profit_target for T0005 not filled: long leg rel spread 2.00 > max 0.50
exit profit_target for T0005 not filled: long leg rel spread 2.00 > max 0.50
exit profit_target for T0005 not filled: long leg rel spread 2.00 > max 0.50
exit profit_target for T0005 not filled: long leg rel spread 2.00 > max 0.50
sectorcorr45_breadth_up|d0.20_w10_dte30_pt50_sl2 13.778169014084508
sectorcorr45_breadth_up|d0.20_w10_dte45_hold 57.89987902979773
exit profit_target for T0005 not filled: long leg rel spread 0.67 > max 0.50
exit profit_target for T0005 not filled: long leg rel spread 0.67 > max 0.50
exit profit_target for T0005 not filled: long leg rel spread 2.00 > max 0.50
exit profit_target for T0005 not filled: long leg rel spread 2.00 > max 0.50
exit profit_target for T0005 not filled: long leg rel spread 2.00 > max 0.50
exit profit_target for T0005 not filled: long leg rel spread 2.00 > max 0.50
exit profit_target for T0005 not filled: short leg rel spread 0.67 > max 0.50
exit profit_target for T0005 not filled: short leg rel spread 0.67 > max 0.50
exit profit_target for T0005 not filled: short leg rel spread 0.67 > max 0.50
exit profit_target for T0005 not filled: short leg rel spread 2.00 > max 0.50
exit profit_target for T0005 not filled: short leg rel spread 2.00 > max 0.50
sectorcorr45_breadth_up|d0.20_w10_dte45_pt50_sl2 18.598591549295772
T0276 expires today with no quotes; closing at intrinsic
T0381 expires today with no quotes; closing at intrinsic
unfiltered|d0.10_w2_dte21_hold -6.119304556354912
exit profit_target for T0011 not filled: long leg rel spread 0.67 > max 0.50
exit profit_target for T0067 not filled: long leg rel spread 2.00 > max 0.50
exit profit_target for T0067 not filled: short leg rel spread 0.67 > max 0.50
exit profit_target for T0067 not filled: short leg rel spread 2.00 > max 0.50
exit profit_target for T0102 not filled: long leg rel spread 0.67 > max 0.50
exit profit_target for T0102 not filled: short leg rel spread 2.00 > max 0.50
exit profit_target for T0117 not filled: long leg rel spread 0.50 > max 0.50
exit profit_target for T0173 not filled: short leg rel spread 1.14 > max 0.50
exit profit_target for T0174 not filled: short leg rel spread 0.57 > max 0.50
unfiltered|d0.10_w2_dte21_pt50_sl2 -6.618705035971223
T0015 expires today with no quotes; closing at intrinsic
T0070 expires today with no quotes; closing at intrinsic
T0273 expires today with no quotes; closing at intrinsic
T0378 expires today with no quotes; closing at intrinsic
unfiltered|d0.10_w2_dte30_hold -11.262473811932576
exit profit_target for T0011 not filled: long leg rel spread 0.50 > max 0.50
exit profit_target for T0011 not filled: short leg rel spread 0.57 > max 0.50
exit profit_target for T0011 not filled: short leg rel spread 0.50 > max 0.50
exit profit_target for T0011 not filled: short leg rel spread 1.00 > max 0.50
exit profit_target for T0011 not filled: long leg rel spread 0.67 > max 0.50
exit profit_target for T0011 not filled: long leg rel spread 0.67 > max 0.50
exit profit_target for T0011 not filled: long leg rel spread 2.00 > max 0.50
exit profit_target for T0011 not filled: short leg rel spread 0.67 > max 0.50
exit profit_target for T0011 not filled: short leg rel spread 2.00 > max 0.50
exit profit_target for T0011 not filled: short leg rel spread 0.67 > max 0.50
exit profit_target for T0011 not filled: short leg rel spread 2.00 > max 0.50
exit profit_target for T0011 not filled: short leg rel spread 0.67 > max 0.50
exit profit_target for T0011 not filled: short leg rel spread 2.00 > max 0.50
exit profit_target for T0011 not filled: short leg rel spread 2.00 > max 0.50
exit profit_target for T0011 not filled: short leg rel spread 2.00 > max 0.50
exit profit_target for T0011 not filled: short leg rel spread 2.00 > max 0.50
exit profit_target for T0011 not filled: short leg rel spread 2.00 > max 0.50
exit profit_target for T0011 not filled: short leg rel spread 2.00 > max 0.50
exit profit_target for T0011 not filled: short leg rel spread 2.00 > max 0.50
exit profit_target for T0011 not filled: short leg rel spread 2.00 > max 0.50
exit profit_target for T0049 not filled: long leg rel spread 0.67 > max 0.50
exit profit_target for T0049 not filled: long leg rel spread 0.67 > max 0.50
exit profit_target for T0049 not filled: long leg rel spread 0.67 > max 0.50
exit profit_target for T0049 not filled: long leg rel spread 2.00 > max 0.50
exit profit_target for T0049 not filled: long leg rel spread 2.00 > max 0.50
exit profit_target for T0049 not filled: long leg rel spread 2.00 > max 0.50
exit profit_target for T0173 not filled: short leg rel spread 0.51 > max 0.50
exit profit_target for T0174 not filled: short leg rel spread 1.16 > max 0.50
unfiltered|d0.10_w2_dte30_pt50_sl2 -8.13701923076923
T0011 expires today with no quotes; closing at intrinsic
T0018 expires today with no quotes; closing at intrinsic
T0064 expires today with no quotes; closing at intrinsic
T0065 expires today with no quotes; closing at intrinsic
T0090 expires today with no quotes; closing at intrinsic
T0091 expires today with no quotes; closing at intrinsic
T0116 expires today with no quotes; closing at intrinsic
T0117 expires today with no quotes; closing at intrinsic
T0220 expires today with no quotes; closing at intrinsic
T0272 expires today with no quotes; closing at intrinsic
T0375 expires today with no quotes; closing at intrinsic
T0376 expires today with no quotes; closing at intrinsic
unfiltered|d0.10_w2_dte45_hold -11.948105836850678
unfiltered|d0.10_w2_dte45_pt50_sl2 -6.659638554216867
T0276 expires today with no quotes; closing at intrinsic
T0381 expires today with no quotes; closing at intrinsic
unfiltered|d0.10_w5_dte21_hold -11.156834532374104
exit profit_target for T0011 not filled: long leg rel spread 1.20 > max 0.50
exit profit_target for T0011 not filled: long leg rel spread 0.67 > max 0.50
exit profit_target for T0011 not filled: short leg rel spread 0.67 > max 0.50
exit profit_target for T0011 not filled: short leg rel spread 0.67 > max 0.50
exit profit_target for T0011 not filled: long leg rel spread 0.67 > max 0.50
exit profit_target for T0011 not filled: long leg rel spread 0.67 > max 0.50
exit profit_target for T0011 not filled: short leg rel spread 0.67 > max 0.50
exit profit_target for T0011 not filled: short leg rel spread 2.00 > max 0.50
exit profit_target for T0011 not filled: short leg rel spread 2.00 > max 0.50
exit profit_target for T0011 not filled: short leg rel spread 2.00 > max 0.50
exit profit_target for T0011 not filled: short leg rel spread 2.00 > max 0.50
exit profit_target for T0011 not filled: short leg rel spread 2.00 > max 0.50
exit profit_target for T0011 not filled: short leg rel spread 2.00 > max 0.50
exit profit_target for T0028 not filled: long leg rel spread 0.67 > max 0.50
exit profit_target for T0028 not filled: long leg rel spread 0.67 > max 0.50
exit profit_target for T0028 not filled: long leg rel spread 0.67 > max 0.50
exit profit_target for T0028 not filled: long leg rel spread 2.00 > max 0.50
exit profit_target for T0028 not filled: long leg rel spread 2.00 > max 0.50
exit profit_target for T0032 not filled: long leg rel spread 1.00 > max 0.50
exit profit_target for T0032 not filled: long leg rel spread 0.67 > max 0.50
exit profit_target for T0032 not filled: long leg rel spread 0.67 > max 0.50
exit profit_target for T0040 not filled: long leg rel spread 0.67 > max 0.50
exit profit_target for T0040 not filled: long leg rel spread 0.67 > max 0.50
exit profit_target for T0040 not filled: long leg rel spread 0.67 > max 0.50
exit profit_target for T0040 not filled: long leg rel spread 0.67 > max 0.50
exit profit_target for T0040 not filled: long leg rel spread 2.00 > max 0.50
exit profit_target for T0040 not filled: short leg rel spread 0.67 > max 0.50
exit profit_target for T0040 not filled: short leg rel spread 2.00 > max 0.50
exit profit_target for T0040 not filled: short leg rel spread 2.00 > max 0.50
exit profit_target for T0040 not filled: short leg rel spread 2.00 > max 0.50
exit profit_target for T0040 not filled: short leg rel spread 2.00 > max 0.50
exit profit_target for T0040 not filled: short leg rel spread 2.00 > max 0.50
exit profit_target for T0049 not filled: long leg rel spread 0.67 > max 0.50
exit profit_target for T0049 not filled: long leg rel spread 2.00 > max 0.50
exit profit_target for T0049 not filled: long leg rel spread 2.00 > max 0.50
exit profit_target for T0050 not filled: long leg rel spread 0.67 > max 0.50
exit profit_target for T0051 not filled: long leg rel spread 0.67 > max 0.50
exit profit_target for T0049 not filled: short leg rel spread 0.67 > max 0.50
exit profit_target for T0049 not filled: short leg rel spread 2.00 > max 0.50
exit profit_target for T0050 not filled: long leg rel spread 2.00 > max 0.50
exit profit_target for T0050 not filled: long leg rel spread 2.00 > max 0.50
exit profit_target for T0050 not filled: long leg rel spread 2.00 > max 0.50
exit profit_target for T0050 not filled: long leg rel spread 2.00 > max 0.50
exit profit_target for T0050 not filled: short leg rel spread 0.67 > max 0.50
exit profit_target for T0050 not filled: short leg rel spread 0.67 > max 0.50
exit profit_target for T0060 not filled: long leg rel spread 0.67 > max 0.50
exit profit_target for T0060 not filled: long leg rel spread 2.00 > max 0.50
exit profit_target for T0060 not filled: long leg rel spread 2.00 > max 0.50
exit profit_target for T0060 not filled: long leg rel spread 2.00 > max 0.50
exit profit_target for T0060 not filled: short leg rel spread 0.67 > max 0.50
exit profit_target for T0061 not filled: long leg rel spread 0.67 > max 0.50
exit profit_target for T0060 not filled: short leg rel spread 2.00 > max 0.50
exit profit_target for T0061 not filled: long leg rel spread 0.67 > max 0.50
exit profit_target for T0060 not filled: short leg rel spread 2.00 > max 0.50
exit profit_target for T0061 not filled: long leg rel spread 2.00 > max 0.50
exit profit_target for T0060 not filled: short leg rel spread 2.00 > max 0.50
exit profit_target for T0061 not filled: long leg rel spread 0.67 > max 0.50
exit profit_target for T0060 not filled: short leg rel spread 2.00 > max 0.50
exit profit_target for T0061 not filled: short leg rel spread 0.67 > max 0.50
exit profit_target for T0060 not filled: short leg rel spread 2.00 > max 0.50
exit profit_target for T0061 not filled: short leg rel spread 0.67 > max 0.50
exit profit_target for T0061 not filled: short leg rel spread 2.00 > max 0.50
exit profit_target for T0061 not filled: short leg rel spread 2.00 > max 0.50
exit profit_target for T0061 not filled: short leg rel spread 2.00 > max 0.50
exit profit_target for T0061 not filled: short leg rel spread 2.00 > max 0.50
exit profit_target for T0061 not filled: short leg rel spread 2.00 > max 0.50
exit profit_target for T0067 not filled: long leg rel spread 0.67 > max 0.50
exit profit_target for T0067 not filled: long leg rel spread 0.67 > max 0.50
exit profit_target for T0067 not filled: long leg rel spread 2.00 > max 0.50
exit profit_target for T0068 not filled: long leg rel spread 0.67 > max 0.50
exit profit_target for T0067 not filled: short leg rel spread 0.67 > max 0.50
exit profit_target for T0068 not filled: long leg rel spread 0.67 > max 0.50
exit profit_target for T0067 not filled: short leg rel spread 2.00 > max 0.50
exit profit_target for T0068 not filled: long leg rel spread 0.67 > max 0.50
exit profit_target for T0068 not filled: long leg rel spread 0.67 > max 0.50
exit profit_target for T0068 not filled: long leg rel spread 2.00 > max 0.50
exit profit_target for T0074 not filled: long leg rel spread 2.00 > max 0.50
exit profit_target for T0074 not filled: long leg rel spread 2.00 > max 0.50
exit profit_target for T0075 not filled: long leg rel spread 0.67 > max 0.50
exit profit_target for T0074 not filled: long leg rel spread 2.00 > max 0.50
exit stop_loss for T0075 not filled: long leg rel spread 0.67 > max 0.50
exit stop_loss for T0075 not filled: long leg rel spread 2.00 > max 0.50
exit profit_target for T0078 not filled: long leg rel spread 0.67 > max 0.50
exit profit_target for T0078 not filled: long leg rel spread 0.67 > max 0.50
exit profit_target for T0078 not filled: long leg rel spread 2.00 > max 0.50
exit profit_target for T0078 not filled: long leg rel spread 2.00 > max 0.50
exit profit_target for T0078 not filled: long leg rel spread 2.00 > max 0.50
exit profit_target for T0078 not filled: short leg rel spread 0.67 > max 0.50
exit profit_target for T0078 not filled: short leg rel spread 2.00 > max 0.50
exit profit_target for T0078 not filled: short leg rel spread 0.67 > max 0.50
exit profit_target for T0078 not filled: long leg rel spread 2.00 > max 0.50
exit profit_target for T0078 not filled: long leg rel spread 2.00 > max 0.50
exit profit_target for T0078 not filled: short leg rel spread 2.00 > max 0.50
exit profit_target for T0081 not filled: long leg rel spread 0.67 > max 0.50
exit profit_target for T0081 not filled: long leg rel spread 0.67 > max 0.50
exit profit_target for T0081 not filled: short leg rel spread 2.00 > max 0.50
exit profit_target for T0081 not filled: short leg rel spread 2.00 > max 0.50
exit profit_target for T0081 not filled: short leg rel spread 2.00 > max 0.50
exit profit_target for T0081 not filled: short leg rel spread 2.00 > max 0.50
exit profit_target for T0085 not filled: long leg rel spread 0.55 > max 0.50
exit profit_target for T0085 not filled: short leg rel spread 1.40 > max 0.50
exit profit_target for T0102 not filled: long leg rel spread 0.67 > max 0.50
exit profit_target for T0102 not filled: long leg rel spread 2.00 > max 0.50
exit profit_target for T0102 not filled: short leg rel spread 2.00 > max 0.50
exit profit_target for T0173 not filled: short leg rel spread 1.14 > max 0.50
exit profit_target for T0174 not filled: short leg rel spread 0.57 > max 0.50
exit profit_target for T0282 not filled: long leg rel spread 0.67 > max 0.50
exit profit_target for T0282 not filled: short leg rel spread 0.67 > max 0.50
exit profit_target for T0282 not filled: short leg rel spread 0.67 > max 0.50
exit profit_target for T0282 not filled: short leg rel spread 2.00 > max 0.50
exit profit_target for T0342 not filled: long leg rel spread 0.67 > max 0.50
exit profit_target for T0342 not filled: short leg rel spread 0.67 > max 0.50
exit profit_target for T0342 not filled: short leg rel spread 2.00 > max 0.50
exit profit_target for T0342 not filled: short leg rel spread 2.00 > max 0.50
exit profit_target for T0342 not filled: short leg rel spread 2.00 > max 0.50
exit profit_target for T0375 not filled: long leg rel spread 1.00 > max 0.50
exit profit_target for T0375 not filled: long leg rel spread 0.67 > max 0.50
exit profit_target for T0375 not filled: long leg rel spread 0.67 > max 0.50
exit profit_target for T0375 not filled: long leg rel spread 0.67 > max 0.50
exit profit_target for T0375 not filled: short leg rel spread 0.67 > max 0.50
unfiltered|d0.10_w5_dte21_pt50_sl2 -9.254196642685852
T0015 expires today with no quotes; closing at intrinsic
T0070 expires today with no quotes; closing at intrinsic
T0273 expires today with no quotes; closing at intrinsic
T0378 expires today with no quotes; closing at intrinsic
unfiltered|d0.10_w5_dte30_hold -19.895406504240256
exit profit_target for T0011 not filled: long leg rel spread 0.50 > max 0.50
exit profit_target for T0011 not filled: short leg rel spread 0.57 > max 0.50
exit profit_target for T0011 not filled: short leg rel spread 0.50 > max 0.50
exit profit_target for T0011 not filled: short leg rel spread 1.00 > max 0.50
exit profit_target for T0011 not filled: long leg rel spread 0.67 > max 0.50
exit profit_target for T0011 not filled: long leg rel spread 0.67 > max 0.50
exit profit_target for T0011 not filled: long leg rel spread 2.00 > max 0.50
exit profit_target for T0011 not filled: short leg rel spread 0.67 > max 0.50
exit profit_target for T0011 not filled: short leg rel spread 2.00 > max 0.50
exit profit_target for T0011 not filled: short leg rel spread 0.67 > max 0.50
exit profit_target for T0011 not filled: short leg rel spread 2.00 > max 0.50
exit profit_target for T0011 not filled: short leg rel spread 0.67 > max 0.50
exit profit_target for T0011 not filled: short leg rel spread 2.00 > max 0.50
exit profit_target for T0011 not filled: short leg rel spread 2.00 > max 0.50
exit profit_target for T0011 not filled: short leg rel spread 2.00 > max 0.50
exit profit_target for T0011 not filled: short leg rel spread 2.00 > max 0.50
exit profit_target for T0011 not filled: short leg rel spread 2.00 > max 0.50
exit profit_target for T0011 not filled: short leg rel spread 2.00 > max 0.50
exit profit_target for T0011 not filled: short leg rel spread 2.00 > max 0.50
exit profit_target for T0011 not filled: short leg rel spread 2.00 > max 0.50
exit profit_target for T0041 not filled: long leg rel spread 0.50 > max 0.50
exit profit_target for T0041 not filled: long leg rel spread 0.67 > max 0.50
exit profit_target for T0041 not filled: long leg rel spread 1.00 > max 0.50
exit profit_target for T0041 not filled: short leg rel spread 0.67 > max 0.50
exit profit_target for T0041 not filled: short leg rel spread 0.67 > max 0.50
exit profit_target for T0041 not filled: long leg rel spread 0.67 > max 0.50
exit profit_target for T0049 not filled: long leg rel spread 0.67 > max 0.50
exit profit_target for T0049 not filled: long leg rel spread 0.67 > max 0.50
exit profit_target for T0049 not filled: long leg rel spread 0.67 > max 0.50
exit profit_target for T0049 not filled: long leg rel spread 2.00 > max 0.50
exit profit_target for T0049 not filled: long leg rel spread 2.00 > max 0.50
exit profit_target for T0049 not filled: long leg rel spread 2.00 > max 0.50
exit profit_target for T0066 not filled: long leg rel spread 2.00 > max 0.50
exit profit_target for T0067 not filled: long leg rel spread 0.67 > max 0.50
exit profit_target for T0066 not filled: long leg rel spread 2.00 > max 0.50
exit profit_target for T0067 not filled: long leg rel spread 0.67 > max 0.50
exit profit_target for T0066 not filled: long leg rel spread 2.00 > max 0.50
exit profit_target for T0067 not filled: long leg rel spread 0.67 > max 0.50
exit profit_target for T0067 not filled: long leg rel spread 0.67 > max 0.50
exit profit_target for T0066 not filled: long leg rel spread 2.00 > max 0.50
exit profit_target for T0067 not filled: long leg rel spread 0.67 > max 0.50
exit profit_target for T0067 not filled: short leg rel spread 0.67 > max 0.50
exit profit_target for T0068 not filled: long leg rel spread 0.67 > max 0.50
exit profit_target for T0067 not filled: short leg rel spread 2.00 > max 0.50
exit profit_target for T0068 not filled: long leg rel spread 2.00 > max 0.50
exit profit_target for T0070 not filled: long leg rel spread 0.50 > max 0.50
exit profit_target for T0068 not filled: long leg rel spread 2.00 > max 0.50
exit profit_target for T0068 not filled: long leg rel spread 2.00 > max 0.50
exit profit_target for T0068 not filled: long leg rel spread 2.00 > max 0.50
exit profit_target for T0068 not filled: long leg rel spread 2.00 > max 0.50
exit profit_target for T0068 not filled: short leg rel spread 2.00 > max 0.50
exit profit_target for T0074 not filled: long leg rel spread 0.67 > max 0.50
exit profit_target for T0173 not filled: short leg rel spread 0.51 > max 0.50
exit profit_target for T0174 not filled: short leg rel spread 1.16 > max 0.50
exit profit_target for T0266 not filled: long leg rel spread 0.53 > max 0.50
unfiltered|d0.10_w5_dte30_pt50_sl2 -10.048076923076923
T0011 expires today with no quotes; closing at intrinsic
T0018 expires today with no quotes; closing at intrinsic
T0064 expires today with no quotes; closing at intrinsic
T0065 expires today with no quotes; closing at intrinsic
T0090 expires today with no quotes; closing at intrinsic
T0091 expires today with no quotes; closing at intrinsic
T0116 expires today with no quotes; closing at intrinsic
T0117 expires today with no quotes; closing at intrinsic
T0220 expires today with no quotes; closing at intrinsic
T0272 expires today with no quotes; closing at intrinsic
T0375 expires today with no quotes; closing at intrinsic
T0376 expires today with no quotes; closing at intrinsic
unfiltered|d0.10_w5_dte45_hold -17.592563668175952
exit profit_target for T0053 not filled: long leg rel spread 0.50 > max 0.50
exit profit_target for T0081 not filled: long leg rel spread 0.50 > max 0.50
unfiltered|d0.10_w5_dte45_pt50_sl2 -7.976506024096386
T0276 expires today with no quotes; closing at intrinsic
T0381 expires today with no quotes; closing at intrinsic
unfiltered|d0.10_w10_dte21_hold -17.234577356480315
exit profit_target for T0002 not filled: long leg rel spread 0.67 > max 0.50
exit profit_target for T0002 not filled: long leg rel spread 2.00 > max 0.50
exit profit_target for T0002 not filled: long leg rel spread 0.67 > max 0.50
exit profit_target for T0002 not filled: long leg rel spread 2.00 > max 0.50
exit profit_target for T0002 not filled: long leg rel spread 2.00 > max 0.50
exit profit_target for T0002 not filled: long leg rel spread 2.00 > max 0.50
exit profit_target for T0002 not filled: long leg rel spread 2.00 > max 0.50
exit profit_target for T0002 not filled: long leg rel spread 2.00 > max 0.50
exit profit_target for T0002 not filled: long leg rel spread 2.00 > max 0.50
exit profit_target for T0002 not filled: long leg rel spread 2.00 > max 0.50
exit profit_target for T0002 not filled: long leg rel spread 2.00 > max 0.50
exit profit_target for T0005 not filled: long leg rel spread 0.67 > max 0.50
exit profit_target for T0005 not filled: long leg rel spread 2.00 > max 0.50
exit profit_target for T0005 not filled: long leg rel spread 2.00 > max 0.50
exit profit_target for T0005 not filled: long leg rel spread 2.00 > max 0.50
exit profit_target for T0005 not filled: short leg rel spread 0.67 > max 0.50
exit profit_target for T0005 not filled: short leg rel spread 2.00 > max 0.50
exit profit_target for T0005 not filled: short leg rel spread 2.00 > max 0.50
exit profit_target for T0005 not filled: short leg rel spread 2.00 > max 0.50
exit profit_target for T0005 not filled: short leg rel spread 2.00 > max 0.50
exit profit_target for T0010 not filled: long leg rel spread 0.67 > max 0.50
exit profit_target for T0010 not filled: long leg rel spread 0.67 > max 0.50
exit profit_target for T0010 not filled: long leg rel spread 2.00 > max 0.50
exit profit_target for T0010 not filled: long leg rel spread 0.67 > max 0.50
exit profit_target for T0010 not filled: short leg rel spread 1.00 > max 0.50
exit profit_target for T0011 not filled: long leg rel spread 1.00 > max 0.50
exit profit_target for T0010 not filled: short leg rel spread 0.67 > max 0.50
exit profit_target for T0011 not filled: long leg rel spread 1.00 > max 0.50
exit profit_target for T0010 not filled: short leg rel spread 2.00 > max 0.50
exit profit_target for T0011 not filled: short leg rel spread 0.67 > max 0.50
exit profit_target for T0010 not filled: short leg rel spread 2.00 > max 0.50
exit profit_target for T0011 not filled: short leg rel spread 0.67 > max 0.50
exit profit_target for T0010 not filled: short leg rel spread 0.67 > max 0.50
exit profit_target for T0011 not filled: long leg rel spread 2.00 > max 0.50
exit stop_loss for T0012 not filled: long leg rel spread 0.50 > max 0.50
exit profit_target for T0010 not filled: short leg rel spread 2.00 > max 0.50
exit profit_target for T0011 not filled: long leg rel spread 2.00 > max 0.50
exit profit_target for T0010 not filled: short leg rel spread 2.00 > max 0.50
exit profit_target for T0011 not filled: short leg rel spread 0.67 > max 0.50
exit profit_target for T0010 not filled: short leg rel spread 2.00 > max 0.50
exit profit_target for T0011 not filled: short leg rel spread 2.00 > max 0.50
exit profit_target for T0011 not filled: short leg rel spread 2.00 > max 0.50
exit profit_target for T0011 not filled: short leg rel spread 2.00 > max 0.50
exit profit_target for T0011 not filled: short leg rel spread 2.00 > max 0.50
exit profit_target for T0013 not filled: long leg rel spread 1.00 > max 0.50
exit profit_target for T0011 not filled: short leg rel spread 2.00 > max 0.50
exit profit_target for T0011 not filled: short leg rel spread 2.00 > max 0.50
exit profit_target for T0013 not filled: long leg rel spread 1.00 > max 0.50
exit profit_target for T0013 not filled: long leg rel spread 2.00 > max 0.50
exit profit_target for T0013 not filled: long leg rel spread 2.00 > max 0.50
exit profit_target for T0013 not filled: long leg rel spread 0.67 > max 0.50
exit profit_target for T0013 not filled: long leg rel spread 0.67 > max 0.50
exit profit_target for T0013 not filled: long leg rel spread 2.00 > max 0.50
exit profit_target for T0013 not filled: long leg rel spread 2.00 > max 0.50
exit profit_target for T0013 not filled: long leg rel spread 0.67 > max 0.50
exit profit_target for T0013 not filled: long leg rel spread 0.67 > max 0.50
exit profit_target for T0013 not filled: long leg rel spread 2.00 > max 0.50
exit profit_target for T0013 not filled: short leg rel spread 2.00 > max 0.50
exit profit_target for T0016 not filled: long leg rel spread 0.67 > max 0.50
exit profit_target for T0016 not filled: long leg rel spread 2.00 > max 0.50
exit profit_target for T0016 not filled: long leg rel spread 2.00 > max 0.50
exit profit_target for T0016 not filled: short leg rel spread 0.67 > max 0.50
exit profit_target for T0016 not filled: short leg rel spread 0.67 > max 0.50
exit profit_target for T0016 not filled: long leg rel spread 1.00 > max 0.50
exit profit_target for T0016 not filled: long leg rel spread 0.67 > max 0.50
exit profit_target for T0016 not filled: long leg rel spread 2.00 > max 0.50
exit profit_target for T0021 not filled: long leg rel spread 0.50 > max 0.50
exit profit_target for T0021 not filled: long leg rel spread 0.67 > max 0.50
exit profit_target for T0021 not filled: long leg rel spread 2.00 > max 0.50
exit profit_target for T0021 not filled: long leg rel spread 2.00 > max 0.50
exit profit_target for T0021 not filled: long leg rel spread 0.67 > max 0.50
exit profit_target for T0021 not filled: long leg rel spread 1.00 > max 0.50
exit profit_target for T0021 not filled: long leg rel spread 0.67 > max 0.50
exit profit_target for T0021 not filled: long leg rel spread 2.00 > max 0.50
exit profit_target for T0021 not filled: short leg rel spread 2.00 > max 0.50
exit profit_target for T0021 not filled: short leg rel spread 2.00 > max 0.50
exit profit_target for T0028 not filled: long leg rel spread 0.67 > max 0.50
exit profit_target for T0028 not filled: long leg rel spread 2.00 > max 0.50
exit profit_target for T0028 not filled: long leg rel spread 2.00 > max 0.50
exit profit_target for T0028 not filled: long leg rel spread 2.00 > max 0.50
exit profit_target for T0030 not filled: long leg rel spread 0.67 > max 0.50
exit profit_target for T0028 not filled: long leg rel spread 2.00 > max 0.50
exit profit_target for T0030 not filled: long leg rel spread 2.00 > max 0.50
exit profit_target for T0030 not filled: long leg rel spread 2.00 > max 0.50
exit profit_target for T0031 not filled: long leg rel spread 2.00 > max 0.50
exit profit_target for T0030 not filled: long leg rel spread 2.00 > max 0.50
exit profit_target for T0031 not filled: long leg rel spread 2.00 > max 0.50
exit profit_target for T0030 not filled: long leg rel spread 2.00 > max 0.50
exit profit_target for T0031 not filled: long leg rel spread 2.00 > max 0.50
exit profit_target for T0030 not filled: short leg rel spread 0.67 > max 0.50
exit profit_target for T0031 not filled: long leg rel spread 2.00 > max 0.50
exit profit_target for T0030 not filled: short leg rel spread 2.00 > max 0.50
exit profit_target for T0031 not filled: long leg rel spread 2.00 > max 0.50
exit profit_target for T0030 not filled: short leg rel spread 2.00 > max 0.50
exit profit_target for T0031 not filled: short leg rel spread 0.67 > max 0.50
exit profit_target for T0032 not filled: long leg rel spread 0.67 > max 0.50
exit profit_target for T0030 not filled: short leg rel spread 2.00 > max 0.50
exit profit_target for T0031 not filled: short leg rel spread 0.67 > max 0.50
exit profit_target for T0032 not filled: long leg rel spread 0.67 > max 0.50
exit profit_target for T0031 not filled: short leg rel spread 0.67 > max 0.50
exit profit_target for T0032 not filled: long leg rel spread 0.67 > max 0.50
exit profit_target for T0031 not filled: short leg rel spread 0.67 > max 0.50
exit profit_target for T0032 not filled: long leg rel spread 0.67 > max 0.50
exit profit_target for T0031 not filled: long leg rel spread 2.00 > max 0.50
exit profit_target for T0031 not filled: short leg rel spread 2.00 > max 0.50
exit profit_target for T0031 not filled: short leg rel spread 2.00 > max 0.50
exit stop_loss for T0032 not filled: long leg rel spread 2.00 > max 0.50
exit profit_target for T0032 not filled: short leg rel spread 0.67 > max 0.50
exit profit_target for T0036 not filled: long leg rel spread 0.67 > max 0.50
exit profit_target for T0036 not filled: long leg rel spread 2.00 > max 0.50
exit profit_target for T0037 not filled: long leg rel spread 0.67 > max 0.50
exit profit_target for T0036 not filled: long leg rel spread 2.00 > max 0.50
exit profit_target for T0036 not filled: long leg rel spread 2.00 > max 0.50
exit profit_target for T0036 not filled: long leg rel spread 2.00 > max 0.50
exit profit_target for T0037 not filled: long leg rel spread 0.67 > max 0.50
exit profit_target for T0036 not filled: short leg rel spread 2.00 > max 0.50
exit profit_target for T0037 not filled: long leg rel spread 2.00 > max 0.50
exit profit_target for T0037 not filled: long leg rel spread 2.00 > max 0.50
exit profit_target for T0038 not filled: long leg rel spread 0.67 > max 0.50
exit profit_target for T0037 not filled: long leg rel spread 2.00 > max 0.50
exit profit_target for T0037 not filled: short leg rel spread 0.67 > max 0.50
exit profit_target for T0038 not filled: long leg rel spread 2.00 > max 0.50
exit profit_target for T0038 not filled: long leg rel spread 2.00 > max 0.50
exit profit_target for T0038 not filled: short leg rel spread 0.67 > max 0.50
exit profit_target for T0040 not filled: long leg rel spread 2.00 > max 0.50
exit profit_target for T0038 not filled: short leg rel spread 2.00 > max 0.50
exit profit_target for T0040 not filled: long leg rel spread 2.00 > max 0.50
exit profit_target for T0040 not filled: long leg rel spread 2.00 > max 0.50
exit profit_target for T0041 not filled: long leg rel spread 0.67 > max 0.50
exit profit_target for T0040 not filled: long leg rel spread 2.00 > max 0.50
exit profit_target for T0041 not filled: long leg rel spread 0.67 > max 0.50
exit profit_target for T0040 not filled: long leg rel spread 2.00 > max 0.50
exit profit_target for T0041 not filled: long leg rel spread 0.67 > max 0.50
exit profit_target for T0040 not filled: short leg rel spread 0.67 > max 0.50
exit profit_target for T0041 not filled: long leg rel spread 2.00 > max 0.50
exit profit_target for T0040 not filled: short leg rel spread 2.00 > max 0.50
exit profit_target for T0041 not filled: short leg rel spread 2.00 > max 0.50
exit profit_target for T0040 not filled: short leg rel spread 2.00 > max 0.50
exit profit_target for T0041 not filled: short leg rel spread 0.67 > max 0.50
exit profit_target for T0040 not filled: short leg rel spread 2.00 > max 0.50
exit profit_target for T0041 not filled: short leg rel spread 0.67 > max 0.50
exit profit_target for T0040 not filled: short leg rel spread 2.00 > max 0.50
exit profit_target for T0041 not filled: long leg rel spread 2.00 > max 0.50
exit profit_target for T0040 not filled: short leg rel spread 2.00 > max 0.50
exit profit_target for T0041 not filled: short leg rel spread 0.67 > max 0.50
exit profit_target for T0041 not filled: short leg rel spread 2.00 > max 0.50
exit profit_target for T0041 not filled: short leg rel spread 2.00 > max 0.50
exit profit_target for T0041 not filled: short leg rel spread 2.00 > max 0.50
exit profit_target for T0041 not filled: short leg rel spread 2.00 > max 0.50
exit profit_target for T0043 not filled: long leg rel spread 0.67 > max 0.50
exit profit_target for T0041 not filled: short leg rel spread 2.00 > max 0.50
exit profit_target for T0043 not filled: long leg rel spread 2.00 > max 0.50
exit profit_target for T0043 not filled: long leg rel spread 2.00 > max 0.50
exit profit_target for T0043 not filled: long leg rel spread 2.00 > max 0.50
exit profit_target for T0044 not filled: long leg rel spread 0.67 > max 0.50
exit profit_target for T0043 not filled: short leg rel spread 0.67 > max 0.50
exit profit_target for T0044 not filled: long leg rel spread 0.67 > max 0.50
exit profit_target for T0043 not filled: short leg rel spread 2.00 > max 0.50
exit profit_target for T0044 not filled: long leg rel spread 2.00 > max 0.50
exit profit_target for T0043 not filled: short leg rel spread 2.00 > max 0.50
exit profit_target for T0044 not filled: long leg rel spread 2.00 > max 0.50
exit profit_target for T0043 not filled: short leg rel spread 2.00 > max 0.50
exit profit_target for T0044 not filled: long leg rel spread 2.00 > max 0.50
exit profit_target for T0043 not filled: short leg rel spread 0.67 > max 0.50
exit profit_target for T0043 not filled: short leg rel spread 0.67 > max 0.50
exit profit_target for T0043 not filled: short leg rel spread 0.67 > max 0.50
exit profit_target for T0049 not filled: long leg rel spread 0.67 > max 0.50
exit profit_target for T0049 not filled: long leg rel spread 2.00 > max 0.50
exit profit_target for T0049 not filled: long leg rel spread 2.00 > max 0.50
exit profit_target for T0050 not filled: long leg rel spread 2.00 > max 0.50
exit profit_target for T0051 not filled: long leg rel spread 0.67 > max 0.50
exit profit_target for T0049 not filled: short leg rel spread 0.67 > max 0.50
exit profit_target for T0051 not filled: long leg rel spread 0.67 > max 0.50
exit profit_target for T0049 not filled: short leg rel spread 2.00 > max 0.50
exit profit_target for T0050 not filled: long leg rel spread 2.00 > max 0.50
exit profit_target for T0051 not filled: long leg rel spread 2.00 > max 0.50
exit profit_target for T0050 not filled: long leg rel spread 2.00 > max 0.50
exit profit_target for T0051 not filled: long leg rel spread 2.00 > max 0.50
exit profit_target for T0050 not filled: long leg rel spread 2.00 > max 0.50
exit profit_target for T0051 not filled: long leg rel spread 2.00 > max 0.50
exit profit_target for T0050 not filled: long leg rel spread 2.00 > max 0.50
exit profit_target for T0051 not filled: long leg rel spread 2.00 > max 0.50
exit profit_target for T0050 not filled: short leg rel spread 0.67 > max 0.50
exit profit_target for T0051 not filled: long leg rel spread 2.00 > max 0.50
exit profit_target for T0050 not filled: short leg rel spread 0.67 > max 0.50
exit profit_target for T0051 not filled: long leg rel spread 2.00 > max 0.50
exit profit_target for T0051 not filled: long leg rel spread 2.00 > max 0.50
exit profit_target for T0051 not filled: long leg rel spread 2.00 > max 0.50
exit profit_target for T0051 not filled: short leg rel spread 2.00 > max 0.50
exit profit_target for T0053 not filled: long leg rel spread 0.67 > max 0.50
exit profit_target for T0051 not filled: short leg rel spread 2.00 > max 0.50
exit profit_target for T0053 not filled: long leg rel spread 2.00 > max 0.50
exit profit_target for T0051 not filled: short leg rel spread 2.00 > max 0.50
exit profit_target for T0053 not filled: long leg rel spread 2.00 > max 0.50
exit profit_target for T0053 not filled: short leg rel spread 0.67 > max 0.50
exit profit_target for T0053 not filled: short leg rel spread 0.67 > max 0.50
exit profit_target for T0053 not filled: short leg rel spread 0.67 > max 0.50
exit profit_target for T0053 not filled: short leg rel spread 0.67 > max 0.50
exit profit_target for T0053 not filled: short leg rel spread 0.67 > max 0.50
exit profit_target for T0053 not filled: short leg rel spread 2.00 > max 0.50
exit profit_target for T0053 not filled: short leg rel spread 2.00 > max 0.50
exit profit_target for T0053 not filled: short leg rel spread 2.00 > max 0.50
exit profit_target for T0053 not filled: short leg rel spread 2.00 > max 0.50
exit profit_target for T0053 not filled: short leg rel spread 2.00 > max 0.50
exit profit_target for T0056 not filled: long leg rel spread 0.67 > max 0.50
exit profit_target for T0056 not filled: long leg rel spread 2.00 > max 0.50
exit profit_target for T0056 not filled: long leg rel spread 2.00 > max 0.50
exit profit_target for T0056 not filled: long leg rel spread 2.00 > max 0.50
exit profit_target for T0056 not filled: long leg rel spread 2.00 > max 0.50
exit profit_target for T0056 not filled: long leg rel spread 2.00 > max 0.50
exit profit_target for T0056 not filled: short leg rel spread 0.67 > max 0.50
exit profit_target for T0056 not filled: short leg rel spread 2.00 > max 0.50
exit profit_target for T0056 not filled: long leg rel spread 2.00 > max 0.50
exit profit_target for T0056 not filled: long leg rel spread 2.00 > max 0.50
exit profit_target for T0060 not filled: long leg rel spread 2.00 > max 0.50
exit profit_target for T0060 not filled: long leg rel spread 2.00 > max 0.50
exit profit_target for T0060 not filled: long leg rel spread 2.00 > max 0.50
exit profit_target for T0060 not filled: long leg rel spread 2.00 > max 0.50
exit profit_target for T0060 not filled: short leg rel spread 0.67 > max 0.50
exit profit_target for T0061 not filled: long leg rel spread 2.00 > max 0.50
exit profit_target for T0060 not filled: short leg rel spread 2.00 > max 0.50
exit profit_target for T0061 not filled: long leg rel spread 2.00 > max 0.50
exit profit_target for T0060 not filled: short leg rel spread 2.00 > max 0.50
exit profit_target for T0061 not filled: long leg rel spread 2.00 > max 0.50
exit profit_target for T0062 not filled: long leg rel spread 0.67 > max 0.50
exit profit_target for T0060 not filled: short leg rel spread 2.00 > max 0.50
exit profit_target for T0061 not filled: long leg rel spread 2.00 > max 0.50
exit profit_target for T0062 not filled: long leg rel spread 0.67 > max 0.50
exit profit_target for T0060 not filled: short leg rel spread 2.00 > max 0.50
exit profit_target for T0061 not filled: short leg rel spread 0.67 > max 0.50
exit profit_target for T0062 not filled: long leg rel spread 2.00 > max 0.50
exit profit_target for T0060 not filled: short leg rel spread 2.00 > max 0.50
exit profit_target for T0061 not filled: short leg rel spread 0.67 > max 0.50
exit profit_target for T0062 not filled: long leg rel spread 2.00 > max 0.50
exit profit_target for T0061 not filled: short leg rel spread 2.00 > max 0.50
exit profit_target for T0062 not filled: long leg rel spread 2.00 > max 0.50
exit profit_target for T0061 not filled: short leg rel spread 2.00 > max 0.50
exit profit_target for T0062 not filled: long leg rel spread 2.00 > max 0.50
exit profit_target for T0063 not filled: long leg rel spread 0.67 > max 0.50
exit profit_target for T0061 not filled: short leg rel spread 2.00 > max 0.50
exit profit_target for T0062 not filled: long leg rel spread 2.00 > max 0.50
exit profit_target for T0061 not filled: short leg rel spread 2.00 > max 0.50
exit profit_target for T0062 not filled: long leg rel spread 2.00 > max 0.50
exit profit_target for T0061 not filled: short leg rel spread 2.00 > max 0.50
exit profit_target for T0062 not filled: short leg rel spread 0.67 > max 0.50
exit profit_target for T0062 not filled: long leg rel spread 2.00 > max 0.50
exit profit_target for T0062 not filled: short leg rel spread 0.67 > max 0.50
exit profit_target for T0062 not filled: short leg rel spread 0.67 > max 0.50
exit profit_target for T0062 not filled: short leg rel spread 2.00 > max 0.50
exit profit_target for T0066 not filled: long leg rel spread 0.67 > max 0.50
exit profit_target for T0066 not filled: long leg rel spread 2.00 > max 0.50
exit profit_target for T0066 not filled: long leg rel spread 2.00 > max 0.50
exit profit_target for T0067 not filled: long leg rel spread 2.00 > max 0.50
exit profit_target for T0066 not filled: long leg rel spread 2.00 > max 0.50
exit profit_target for T0067 not filled: long leg rel spread 0.67 > max 0.50
exit profit_target for T0066 not filled: long leg rel spread 2.00 > max 0.50
exit profit_target for T0067 not filled: long leg rel spread 2.00 > max 0.50
exit profit_target for T0066 not filled: long leg rel spread 2.00 > max 0.50
exit profit_target for T0067 not filled: long leg rel spread 2.00 > max 0.50
exit profit_target for T0067 not filled: long leg rel spread 2.00 > max 0.50
exit profit_target for T0068 not filled: long leg rel spread 2.00 > max 0.50
exit profit_target for T0069 not filled: long leg rel spread 2.00 > max 0.50
exit profit_target for T0067 not filled: short leg rel spread 0.67 > max 0.50
exit profit_target for T0068 not filled: long leg rel spread 2.00 > max 0.50
exit profit_target for T0069 not filled: long leg rel spread 0.67 > max 0.50
exit profit_target for T0067 not filled: short leg rel spread 2.00 > max 0.50
exit profit_target for T0068 not filled: long leg rel spread 2.00 > max 0.50
exit profit_target for T0069 not filled: long leg rel spread 0.67 > max 0.50
exit profit_target for T0068 not filled: long leg rel spread 2.00 > max 0.50
exit profit_target for T0068 not filled: long leg rel spread 2.00 > max 0.50
exit profit_target for T0069 not filled: long leg rel spread 2.00 > max 0.50
exit profit_target for T0069 not filled: short leg rel spread 2.00 > max 0.50
exit profit_target for T0069 not filled: short leg rel spread 2.00 > max 0.50
exit profit_target for T0069 not filled: short leg rel spread 2.00 > max 0.50
exit profit_target for T0069 not filled: short leg rel spread 2.00 > max 0.50
exit profit_target for T0073 not filled: long leg rel spread 2.00 > max 0.50
exit profit_target for T0073 not filled: long leg rel spread 2.00 > max 0.50
exit profit_target for T0073 not filled: short leg rel spread 0.67 > max 0.50
exit profit_target for T0074 not filled: long leg rel spread 2.00 > max 0.50
exit profit_target for T0074 not filled: long leg rel spread 2.00 > max 0.50
exit profit_target for T0075 not filled: long leg rel spread 2.00 > max 0.50
exit profit_target for T0074 not filled: long leg rel spread 2.00 > max 0.50
exit stop_loss for T0075 not filled: long leg rel spread 2.00 > max 0.50
exit stop_loss for T0075 not filled: long leg rel spread 2.00 > max 0.50
exit profit_target for T0078 not filled: long leg rel spread 0.67 > max 0.50
exit profit_target for T0078 not filled: long leg rel spread 2.00 > max 0.50
exit profit_target for T0078 not filled: long leg rel spread 2.00 > max 0.50
exit profit_target for T0078 not filled: long leg rel spread 2.00 > max 0.50
exit profit_target for T0078 not filled: long leg rel spread 2.00 > max 0.50
exit profit_target for T0078 not filled: short leg rel spread 0.67 > max 0.50
exit profit_target for T0078 not filled: short leg rel spread 2.00 > max 0.50
exit profit_target for T0078 not filled: short leg rel spread 0.67 > max 0.50
exit profit_target for T0078 not filled: long leg rel spread 2.00 > max 0.50
exit profit_target for T0078 not filled: long leg rel spread 2.00 > max 0.50
exit profit_target for T0078 not filled: short leg rel spread 2.00 > max 0.50
exit profit_target for T0081 not filled: long leg rel spread 2.00 > max 0.50
exit profit_target for T0082 not filled: long leg rel spread 0.67 > max 0.50
exit profit_target for T0081 not filled: long leg rel spread 2.00 > max 0.50
exit profit_target for T0082 not filled: long leg rel spread 2.00 > max 0.50
exit profit_target for T0081 not filled: short leg rel spread 2.00 > max 0.50
exit profit_target for T0082 not filled: long leg rel spread 2.00 > max 0.50
exit profit_target for T0083 not filled: long leg rel spread 0.67 > max 0.50
exit profit_target for T0081 not filled: short leg rel spread 2.00 > max 0.50
exit profit_target for T0082 not filled: long leg rel spread 0.67 > max 0.50
exit profit_target for T0081 not filled: short leg rel spread 2.00 > max 0.50
exit profit_target for T0082 not filled: short leg rel spread 0.67 > max 0.50
exit profit_target for T0081 not filled: short leg rel spread 2.00 > max 0.50
exit profit_target for T0082 not filled: short leg rel spread 1.00 > max 0.50
exit profit_target for T0082 not filled: short leg rel spread 0.67 > max 0.50
exit profit_target for T0082 not filled: short leg rel spread 2.00 > max 0.50
exit profit_target for T0082 not filled: short leg rel spread 2.00 > max 0.50
exit profit_target for T0082 not filled: short leg rel spread 2.00 > max 0.50
exit profit_target for T0082 not filled: short leg rel spread 2.00 > max 0.50
exit profit_target for T0085 not filled: long leg rel spread 0.67 > max 0.50
exit profit_target for T0085 not filled: short leg rel spread 1.40 > max 0.50
exit profit_target for T0106 not filled: long leg rel spread 2.00 > max 0.50
exit profit_target for T0107 not filled: long leg rel spread 0.67 > max 0.50
exit profit_target for T0106 not filled: long leg rel spread 2.00 > max 0.50
exit profit_target for T0107 not filled: long leg rel spread 0.67 > max 0.50
exit profit_target for T0106 not filled: long leg rel spread 2.00 > max 0.50
exit profit_target for T0107 not filled: long leg rel spread 0.67 > max 0.50
exit profit_target for T0107 not filled: long leg rel spread 0.67 > max 0.50
exit profit_target for T0143 not filled: long leg rel spread 0.67 > max 0.50
exit profit_target for T0143 not filled: long leg rel spread 0.67 > max 0.50
exit profit_target for T0143 not filled: long leg rel spread 2.00 > max 0.50
exit profit_target for T0143 not filled: short leg rel spread 0.67 > max 0.50
exit profit_target for T0143 not filled: short leg rel spread 0.67 > max 0.50
exit profit_target for T0143 not filled: short leg rel spread 0.67 > max 0.50
exit profit_target for T0143 not filled: long leg rel spread 2.00 > max 0.50
exit profit_target for T0149 not filled: long leg rel spread 0.67 > max 0.50
exit profit_target for T0149 not filled: long leg rel spread 0.67 > max 0.50
exit profit_target for T0149 not filled: long leg rel spread 0.67 > max 0.50
exit profit_target for T0149 not filled: long leg rel spread 0.67 > max 0.50
exit profit_target for T0149 not filled: short leg rel spread 0.67 > max 0.50
exit profit_target for T0149 not filled: short leg rel spread 2.00 > max 0.50
exit profit_target for T0154 not filled: long leg rel spread 0.67 > max 0.50
exit profit_target for T0154 not filled: long leg rel spread 2.00 > max 0.50
exit profit_target for T0154 not filled: long leg rel spread 2.00 > max 0.50
exit profit_target for T0154 not filled: long leg rel spread 2.00 > max 0.50
exit profit_target for T0154 not filled: long leg rel spread 2.00 > max 0.50
exit profit_target for T0154 not filled: long leg rel spread 2.00 > max 0.50
exit profit_target for T0158 not filled: long leg rel spread 0.67 > max 0.50
exit profit_target for T0158 not filled: long leg rel spread 2.00 > max 0.50
exit profit_target for T0159 not filled: long leg rel spread 0.67 > max 0.50
exit profit_target for T0158 not filled: long leg rel spread 2.00 > max 0.50
exit profit_target for T0159 not filled: long leg rel spread 0.67 > max 0.50
exit profit_target for T0158 not filled: short leg rel spread 0.67 > max 0.50
exit profit_target for T0159 not filled: long leg rel spread 0.67 > max 0.50
exit profit_target for T0159 not filled: long leg rel spread 0.67 > max 0.50
exit profit_target for T0159 not filled: long leg rel spread 2.00 > max 0.50
exit profit_target for T0159 not filled: long leg rel spread 2.00 > max 0.50
exit profit_target for T0159 not filled: long leg rel spread 2.00 > max 0.50
exit profit_target for T0159 not filled: long leg rel spread 2.00 > max 0.50
exit profit_target for T0161 not filled: long leg rel spread 0.67 > max 0.50
exit profit_target for T0161 not filled: long leg rel spread 2.00 > max 0.50
exit profit_target for T0161 not filled: long leg rel spread 2.00 > max 0.50
exit profit_target for T0161 not filled: short leg rel spread 0.67 > max 0.50
exit profit_target for T0173 not filled: short leg rel spread 1.14 > max 0.50
exit profit_target for T0174 not filled: short leg rel spread 0.57 > max 0.50
exit profit_target for T0173 not filled: long leg rel spread 0.67 > max 0.50
exit profit_target for T0173 not filled: long leg rel spread 0.67 > max 0.50
exit profit_target for T0173 not filled: long leg rel spread 0.67 > max 0.50
exit profit_target for T0173 not filled: short leg rel spread 0.67 > max 0.50
exit profit_target for T0173 not filled: short leg rel spread 2.00 > max 0.50
exit profit_target for T0261 not filled: long leg rel spread 0.67 > max 0.50
exit profit_target for T0261 not filled: long leg rel spread 0.67 > max 0.50
exit profit_target for T0261 not filled: short leg rel spread 0.67 > max 0.50
exit profit_target for T0261 not filled: short leg rel spread 2.00 > max 0.50
exit profit_target for T0261 not filled: short leg rel spread 2.00 > max 0.50
exit profit_target for T0261 not filled: short leg rel spread 2.00 > max 0.50
exit profit_target for T0261 not filled: short leg rel spread 2.00 > max 0.50
exit profit_target for T0282 not filled: long leg rel spread 0.67 > max 0.50
exit profit_target for T0282 not filled: short leg rel spread 0.67 > max 0.50
exit profit_target for T0282 not filled: short leg rel spread 0.67 > max 0.50
exit profit_target for T0282 not filled: short leg rel spread 2.00 > max 0.50
exit profit_target for T0300 not filled: long leg rel spread 0.67 > max 0.50
exit profit_target for T0300 not filled: long leg rel spread 0.67 > max 0.50
exit profit_target for T0300 not filled: long leg rel spread 0.67 > max 0.50
exit profit_target for T0331 not filled: long leg rel spread 0.67 > max 0.50
exit profit_target for T0331 not filled: long leg rel spread 0.67 > max 0.50
exit profit_target for T0331 not filled: long leg rel spread 0.67 > max 0.50
exit profit_target for T0331 not filled: short leg rel spread 0.67 > max 0.50
exit profit_target for T0342 not filled: long leg rel spread 0.67 > max 0.50
exit profit_target for T0342 not filled: long leg rel spread 0.67 > max 0.50
exit profit_target for T0342 not filled: short leg rel spread 0.67 > max 0.50
exit profit_target for T0342 not filled: short leg rel spread 2.00 > max 0.50
exit profit_target for T0342 not filled: short leg rel spread 2.00 > max 0.50
exit profit_target for T0342 not filled: short leg rel spread 2.00 > max 0.50
exit profit_target for T0358 not filled: long leg rel spread 0.67 > max 0.50
exit profit_target for T0358 not filled: long leg rel spread 0.67 > max 0.50
exit profit_target for T0358 not filled: long leg rel spread 2.00 > max 0.50
exit profit_target for T0358 not filled: short leg rel spread 0.67 > max 0.50
exit profit_target for T0375 not filled: long leg rel spread 0.67 > max 0.50
exit profit_target for T0375 not filled: long leg rel spread 2.00 > max 0.50
exit profit_target for T0375 not filled: long leg rel spread 0.67 > max 0.50
exit profit_target for T0375 not filled: long leg rel spread 0.67 > max 0.50
exit profit_target for T0375 not filled: short leg rel spread 0.67 > max 0.50
unfiltered|d0.10_w10_dte21_pt50_sl2 -11.782973621103118
T0015 expires today with no quotes; closing at intrinsic
T0070 expires today with no quotes; closing at intrinsic
T0273 expires today with no quotes; closing at intrinsic
T0378 expires today with no quotes; closing at intrinsic
unfiltered|d0.10_w10_dte30_hold -24.37317092731719
exit profit_target for T0002 not filled: long leg rel spread 0.67 > max 0.50
exit profit_target for T0002 not filled: long leg rel spread 2.00 > max 0.50
exit profit_target for T0002 not filled: long leg rel spread 2.00 > max 0.50
exit profit_target for T0002 not filled: long leg rel spread 2.00 > max 0.50
exit profit_target for T0002 not filled: long leg rel spread 2.00 > max 0.50
exit profit_target for T0002 not filled: long leg rel spread 0.67 > max 0.50
exit profit_target for T0002 not filled: long leg rel spread 2.00 > max 0.50
exit profit_target for T0002 not filled: short leg rel spread 2.00 > max 0.50
exit profit_target for T0006 not filled: long leg rel spread 0.50 > max 0.50
exit profit_target for T0011 not filled: long leg rel spread 0.50 > max 0.50
exit profit_target for T0011 not filled: short leg rel spread 0.57 > max 0.50
exit profit_target for T0011 not filled: short leg rel spread 0.50 > max 0.50
exit profit_target for T0011 not filled: short leg rel spread 1.00 > max 0.50
exit profit_target for T0011 not filled: long leg rel spread 0.67 > max 0.50
exit profit_target for T0011 not filled: long leg rel spread 0.67 > max 0.50
exit profit_target for T0011 not filled: long leg rel spread 2.00 > max 0.50
exit profit_target for T0011 not filled: short leg rel spread 0.67 > max 0.50
exit profit_target for T0011 not filled: short leg rel spread 2.00 > max 0.50
exit profit_target for T0011 not filled: short leg rel spread 0.67 > max 0.50
exit profit_target for T0011 not filled: short leg rel spread 2.00 > max 0.50
exit profit_target for T0011 not filled: short leg rel spread 0.67 > max 0.50
exit profit_target for T0011 not filled: short leg rel spread 2.00 > max 0.50
exit profit_target for T0011 not filled: short leg rel spread 2.00 > max 0.50
exit profit_target for T0011 not filled: short leg rel spread 2.00 > max 0.50
exit profit_target for T0011 not filled: short leg rel spread 2.00 > max 0.50
exit profit_target for T0011 not filled: short leg rel spread 2.00 > max 0.50
exit profit_target for T0011 not filled: short leg rel spread 2.00 > max 0.50
exit profit_target for T0011 not filled: short leg rel spread 2.00 > max 0.50
exit profit_target for T0011 not filled: short leg rel spread 2.00 > max 0.50
exit profit_target for T0016 not filled: long leg rel spread 1.00 > max 0.50
exit profit_target for T0016 not filled: long leg rel spread 2.00 > max 0.50
exit profit_target for T0016 not filled: long leg rel spread 0.67 > max 0.50
exit profit_target for T0016 not filled: long leg rel spread 2.00 > max 0.50
exit profit_target for T0016 not filled: long leg rel spread 2.00 > max 0.50
exit profit_target for T0020 not filled: long leg rel spread 0.67 > max 0.50
exit profit_target for T0020 not filled: long leg rel spread 2.00 > max 0.50
exit profit_target for T0020 not filled: long leg rel spread 0.67 > max 0.50
exit profit_target for T0020 not filled: short leg rel spread 0.50 > max 0.50
exit profit_target for T0021 not filled: long leg rel spread 0.75 > max 0.50
exit profit_target for T0020 not filled: short leg rel spread 0.67 > max 0.50
exit profit_target for T0020 not filled: short leg rel spread 1.00 > max 0.50
exit profit_target for T0020 not filled: short leg rel spread 2.00 > max 0.50
exit profit_target for T0020 not filled: short leg rel spread 0.67 > max 0.50
exit profit_target for T0020 not filled: short leg rel spread 1.00 > max 0.50
exit profit_target for T0020 not filled: long leg rel spread 2.00 > max 0.50
exit profit_target for T0020 not filled: short leg rel spread 2.00 > max 0.50
exit profit_target for T0020 not filled: short leg rel spread 2.00 > max 0.50
exit profit_target for T0020 not filled: short leg rel spread 2.00 > max 0.50
exit profit_target for T0020 not filled: short leg rel spread 2.00 > max 0.50
exit profit_target for T0020 not filled: short leg rel spread 2.00 > max 0.50
exit profit_target for T0036 not filled: long leg rel spread 2.00 > max 0.50
exit profit_target for T0037 not filled: long leg rel spread 0.67 > max 0.50
exit profit_target for T0036 not filled: long leg rel spread 2.00 > max 0.50
exit profit_target for T0037 not filled: long leg rel spread 2.00 > max 0.50
exit profit_target for T0037 not filled: long leg rel spread 2.00 > max 0.50
exit profit_target for T0038 not filled: long leg rel spread 2.00 > max 0.50
exit profit_target for T0040 not filled: long leg rel spread 0.67 > max 0.50
exit profit_target for T0037 not filled: long leg rel spread 2.00 > max 0.50
exit profit_target for T0037 not filled: short leg rel spread 0.67 > max 0.50
exit profit_target for T0040 not filled: long leg rel spread 0.67 > max 0.50
exit profit_target for T0037 not filled: short leg rel spread 2.00 > max 0.50
exit profit_target for T0038 not filled: long leg rel spread 2.00 > max 0.50
exit profit_target for T0040 not filled: long leg rel spread 2.00 > max 0.50
exit profit_target for T0038 not filled: long leg rel spread 2.00 > max 0.50
exit profit_target for T0040 not filled: long leg rel spread 0.67 > max 0.50
exit profit_target for T0038 not filled: long leg rel spread 2.00 > max 0.50
exit profit_target for T0040 not filled: long leg rel spread 2.00 > max 0.50
exit profit_target for T0038 not filled: short leg rel spread 0.67 > max 0.50
exit profit_target for T0040 not filled: long leg rel spread 2.00 > max 0.50
exit profit_target for T0038 not filled: short leg rel spread 2.00 > max 0.50
exit profit_target for T0040 not filled: short leg rel spread 2.00 > max 0.50
exit profit_target for T0038 not filled: short leg rel spread 2.00 > max 0.50
exit profit_target for T0040 not filled: short leg rel spread 2.00 > max 0.50
exit profit_target for T0040 not filled: short leg rel spread 0.67 > max 0.50
exit profit_target for T0040 not filled: short leg rel spread 0.67 > max 0.50
exit profit_target for T0040 not filled: short leg rel spread 0.67 > max 0.50
exit profit_target for T0040 not filled: short leg rel spread 2.00 > max 0.50
exit profit_target for T0040 not filled: short leg rel spread 2.00 > max 0.50
exit profit_target for T0040 not filled: short leg rel spread 2.00 > max 0.50
exit profit_target for T0040 not filled: short leg rel spread 2.00 > max 0.50
exit profit_target for T0040 not filled: short leg rel spread 2.00 > max 0.50
exit profit_target for T0040 not filled: short leg rel spread 2.00 > max 0.50
exit profit_target for T0049 not filled: long leg rel spread 2.00 > max 0.50
exit profit_target for T0051 not filled: long leg rel spread 0.67 > max 0.50
exit profit_target for T0049 not filled: long leg rel spread 2.00 > max 0.50
exit profit_target for T0050 not filled: long leg rel spread 2.00 > max 0.50
exit profit_target for T0049 not filled: long leg rel spread 2.00 > max 0.50
exit profit_target for T0050 not filled: long leg rel spread 2.00 > max 0.50
exit profit_target for T0049 not filled: long leg rel spread 2.00 > max 0.50
exit profit_target for T0050 not filled: long leg rel spread 2.00 > max 0.50
exit profit_target for T0049 not filled: long leg rel spread 2.00 > max 0.50
exit profit_target for T0050 not filled: long leg rel spread 2.00 > max 0.50
exit profit_target for T0049 not filled: long leg rel spread 2.00 > max 0.50
exit profit_target for T0050 not filled: long leg rel spread 2.00 > max 0.50
exit profit_target for T0049 not filled: long leg rel spread 2.00 > max 0.50
exit profit_target for T0050 not filled: long leg rel spread 2.00 > max 0.50
exit profit_target for T0050 not filled: long leg rel spread 2.00 > max 0.50
exit profit_target for T0050 not filled: short leg rel spread 0.67 > max 0.50
exit profit_target for T0053 not filled: long leg rel spread 0.67 > max 0.50
exit profit_target for T0050 not filled: short leg rel spread 2.00 > max 0.50
exit profit_target for T0053 not filled: long leg rel spread 2.00 > max 0.50
exit profit_target for T0050 not filled: short leg rel spread 2.00 > max 0.50
exit profit_target for T0053 not filled: long leg rel spread 2.00 > max 0.50
exit profit_target for T0050 not filled: short leg rel spread 2.00 > max 0.50
exit profit_target for T0053 not filled: long leg rel spread 2.00 > max 0.50
exit profit_target for T0053 not filled: long leg rel spread 2.00 > max 0.50
exit profit_target for T0053 not filled: long leg rel spread 2.00 > max 0.50
exit profit_target for T0053 not filled: long leg rel spread 2.00 > max 0.50
exit profit_target for T0053 not filled: short leg rel spread 0.67 > max 0.50
exit profit_target for T0053 not filled: short leg rel spread 0.67 > max 0.50
exit profit_target for T0053 not filled: short leg rel spread 2.00 > max 0.50
exit profit_target for T0053 not filled: short leg rel spread 2.00 > max 0.50
exit profit_target for T0053 not filled: short leg rel spread 2.00 > max 0.50
exit profit_target for T0053 not filled: short leg rel spread 2.00 > max 0.50
exit profit_target for T0053 not filled: short leg rel spread 2.00 > max 0.50
exit profit_target for T0053 not filled: short leg rel spread 2.00 > max 0.50
exit profit_target for T0053 not filled: short leg rel spread 2.00 > max 0.50
exit profit_target for T0053 not filled: short leg rel spread 2.00 > max 0.50
exit profit_target for T0056 not filled: long leg rel spread 0.67 > max 0.50
exit profit_target for T0053 not filled: short leg rel spread 2.00 > max 0.50
exit profit_target for T0056 not filled: long leg rel spread 0.67 > max 0.50
exit profit_target for T0053 not filled: short leg rel spread 2.00 > max 0.50
exit profit_target for T0056 not filled: long leg rel spread 0.67 > max 0.50
exit profit_target for T0056 not filled: long leg rel spread 0.67 > max 0.50
exit profit_target for T0060 not filled: long leg rel spread 0.67 > max 0.50
exit profit_target for T0060 not filled: long leg rel spread 2.00 > max 0.50
exit profit_target for T0060 not filled: long leg rel spread 2.00 > max 0.50
exit profit_target for T0060 not filled: long leg rel spread 2.00 > max 0.50
exit profit_target for T0060 not filled: long leg rel spread 2.00 > max 0.50
exit profit_target for T0061 not filled: long leg rel spread 0.67 > max 0.50
exit profit_target for T0060 not filled: long leg rel spread 2.00 > max 0.50
exit profit_target for T0061 not filled: long leg rel spread 0.67 > max 0.50
exit profit_target for T0060 not filled: short leg rel spread 0.67 > max 0.50
exit profit_target for T0061 not filled: long leg rel spread 2.00 > max 0.50
exit profit_target for T0062 not filled: long leg rel spread 0.67 > max 0.50
exit profit_target for T0060 not filled: short leg rel spread 0.67 > max 0.50
exit profit_target for T0061 not filled: long leg rel spread 0.67 > max 0.50
exit profit_target for T0062 not filled: long leg rel spread 0.67 > max 0.50
exit profit_target for T0060 not filled: short leg rel spread 2.00 > max 0.50
exit profit_target for T0061 not filled: long leg rel spread 2.00 > max 0.50
exit profit_target for T0062 not filled: long leg rel spread 0.67 > max 0.50
exit profit_target for T0060 not filled: short leg rel spread 2.00 > max 0.50
exit profit_target for T0061 not filled: long leg rel spread 2.00 > max 0.50
exit profit_target for T0062 not filled: long leg rel spread 0.67 > max 0.50
exit profit_target for T0060 not filled: short leg rel spread 2.00 > max 0.50
exit profit_target for T0061 not filled: long leg rel spread 2.00 > max 0.50
exit profit_target for T0062 not filled: long leg rel spread 2.00 > max 0.50
exit profit_target for T0060 not filled: short leg rel spread 2.00 > max 0.50
exit profit_target for T0061 not filled: short leg rel spread 0.67 > max 0.50
exit profit_target for T0062 not filled: long leg rel spread 2.00 > max 0.50
exit profit_target for T0060 not filled: short leg rel spread 2.00 > max 0.50
exit profit_target for T0061 not filled: short leg rel spread 0.67 > max 0.50
exit profit_target for T0062 not filled: long leg rel spread 2.00 > max 0.50
exit profit_target for T0060 not filled: short leg rel spread 2.00 > max 0.50
exit profit_target for T0061 not filled: short leg rel spread 0.67 > max 0.50
exit profit_target for T0062 not filled: long leg rel spread 2.00 > max 0.50
exit profit_target for T0060 not filled: short leg rel spread 2.00 > max 0.50
exit profit_target for T0061 not filled: long leg rel spread 2.00 > max 0.50
exit profit_target for T0060 not filled: short leg rel spread 2.00 > max 0.50
exit profit_target for T0061 not filled: short leg rel spread 0.67 > max 0.50
exit profit_target for T0062 not filled: long leg rel spread 2.00 > max 0.50
exit profit_target for T0060 not filled: short leg rel spread 2.00 > max 0.50
exit profit_target for T0061 not filled: long leg rel spread 2.00 > max 0.50
exit profit_target for T0062 not filled: long leg rel spread 0.67 > max 0.50
exit profit_target for T0061 not filled: short leg rel spread 2.00 > max 0.50
exit profit_target for T0062 not filled: long leg rel spread 2.00 > max 0.50
exit profit_target for T0061 not filled: short leg rel spread 2.00 > max 0.50
exit profit_target for T0062 not filled: long leg rel spread 2.00 > max 0.50
exit profit_target for T0061 not filled: short leg rel spread 2.00 > max 0.50
exit profit_target for T0062 not filled: long leg rel spread 2.00 > max 0.50
exit profit_target for T0061 not filled: short leg rel spread 2.00 > max 0.50
exit profit_target for T0062 not filled: long leg rel spread 2.00 > max 0.50
exit profit_target for T0061 not filled: short leg rel spread 2.00 > max 0.50
exit profit_target for T0062 not filled: long leg rel spread 2.00 > max 0.50
exit profit_target for T0062 not filled: short leg rel spread 2.00 > max 0.50
exit profit_target for T0062 not filled: short leg rel spread 2.00 > max 0.50
exit profit_target for T0062 not filled: short leg rel spread 2.00 > max 0.50
exit profit_target for T0062 not filled: short leg rel spread 2.00 > max 0.50
exit profit_target for T0062 not filled: short leg rel spread 2.00 > max 0.50
exit profit_target for T0066 not filled: long leg rel spread 2.00 > max 0.50
exit profit_target for T0067 not filled: long leg rel spread 2.00 > max 0.50
exit profit_target for T0066 not filled: long leg rel spread 2.00 > max 0.50
exit profit_target for T0067 not filled: long leg rel spread 2.00 > max 0.50
exit profit_target for T0066 not filled: long leg rel spread 2.00 > max 0.50
exit profit_target for T0067 not filled: long leg rel spread 2.00 > max 0.50
exit profit_target for T0066 not filled: long leg rel spread 2.00 > max 0.50
exit profit_target for T0067 not filled: long leg rel spread 2.00 > max 0.50
exit profit_target for T0066 not filled: long leg rel spread 2.00 > max 0.50
exit profit_target for T0067 not filled: long leg rel spread 2.00 > max 0.50
exit profit_target for T0067 not filled: short leg rel spread 0.67 > max 0.50
exit profit_target for T0068 not filled: long leg rel spread 2.00 > max 0.50
exit profit_target for T0067 not filled: short leg rel spread 2.00 > max 0.50
exit profit_target for T0068 not filled: long leg rel spread 2.00 > max 0.50
exit profit_target for T0068 not filled: long leg rel spread 2.00 > max 0.50
exit profit_target for T0068 not filled: long leg rel spread 2.00 > max 0.50
exit profit_target for T0068 not filled: long leg rel spread 2.00 > max 0.50
exit profit_target for T0068 not filled: long leg rel spread 2.00 > max 0.50
exit profit_target for T0068 not filled: short leg rel spread 2.00 > max 0.50
exit profit_target for T0074 not filled: long leg rel spread 2.00 > max 0.50
exit profit_target for T0075 not filled: long leg rel spread 2.00 > max 0.50
exit stop_loss for T0074 not filled: long leg rel spread 2.00 > max 0.50
exit stop_loss for T0075 not filled: long leg rel spread 2.00 > max 0.50
exit stop_loss for T0074 not filled: long leg rel spread 2.00 > max 0.50
exit stop_loss for T0075 not filled: long leg rel spread 2.00 > max 0.50
exit stop_loss for T0074 not filled: long leg rel spread 2.00 > max 0.50
exit stop_loss for T0075 not filled: long leg rel spread 2.00 > max 0.50
exit stop_loss for T0075 not filled: long leg rel spread 2.00 > max 0.50
exit stop_loss for T0075 not filled: long leg rel spread 2.00 > max 0.50
exit profit_target for T0078 not filled: long leg rel spread 0.67 > max 0.50
exit profit_target for T0075 not filled: long leg rel spread 2.00 > max 0.50
exit profit_target for T0078 not filled: long leg rel spread 2.00 > max 0.50
exit profit_target for T0075 not filled: short leg rel spread 0.67 > max 0.50
exit profit_target for T0078 not filled: long leg rel spread 2.00 > max 0.50
exit profit_target for T0078 not filled: long leg rel spread 2.00 > max 0.50
exit profit_target for T0078 not filled: long leg rel spread 2.00 > max 0.50
exit profit_target for T0078 not filled: long leg rel spread 2.00 > max 0.50
exit profit_target for T0078 not filled: long leg rel spread 2.00 > max 0.50
exit profit_target for T0078 not filled: long leg rel spread 2.00 > max 0.50
exit profit_target for T0078 not filled: long leg rel spread 0.67 > max 0.50
exit profit_target for T0078 not filled: long leg rel spread 2.00 > max 0.50
exit profit_target for T0078 not filled: long leg rel spread 2.00 > max 0.50
exit profit_target for T0078 not filled: long leg rel spread 2.00 > max 0.50
exit profit_target for T0078 not filled: long leg rel spread 2.00 > max 0.50
exit profit_target for T0078 not filled: short leg rel spread 0.67 > max 0.50
exit profit_target for T0081 not filled: long leg rel spread 0.67 > max 0.50
exit profit_target for T0082 not filled: long leg rel spread 0.67 > max 0.50
exit profit_target for T0081 not filled: long leg rel spread 2.00 > max 0.50
exit profit_target for T0082 not filled: long leg rel spread 2.00 > max 0.50
exit profit_target for T0081 not filled: short leg rel spread 0.67 > max 0.50
exit profit_target for T0082 not filled: long leg rel spread 2.00 > max 0.50
exit profit_target for T0083 not filled: long leg rel spread 0.86 > max 0.50
exit profit_target for T0081 not filled: long leg rel spread 0.67 > max 0.50
exit profit_target for T0082 not filled: long leg rel spread 0.67 > max 0.50
exit profit_target for T0083 not filled: long leg rel spread 0.50 > max 0.50
exit profit_target for T0081 not filled: long leg rel spread 0.67 > max 0.50
exit profit_target for T0082 not filled: short leg rel spread 0.67 > max 0.50
exit profit_target for T0083 not filled: long leg rel spread 0.67 > max 0.50
exit profit_target for T0081 not filled: long leg rel spread 2.00 > max 0.50
exit profit_target for T0082 not filled: short leg rel spread 1.20 > max 0.50
exit profit_target for T0083 not filled: short leg rel spread 0.57 > max 0.50
exit profit_target for T0081 not filled: long leg rel spread 2.00 > max 0.50
exit profit_target for T0082 not filled: long leg rel spread 2.00 > max 0.50
exit profit_target for T0083 not filled: long leg rel spread 0.86 > max 0.50
exit profit_target for T0081 not filled: short leg rel spread 0.67 > max 0.50
exit profit_target for T0082 not filled: short leg rel spread 1.00 > max 0.50
exit profit_target for T0083 not filled: long leg rel spread 0.67 > max 0.50
exit profit_target for T0081 not filled: short leg rel spread 0.67 > max 0.50
exit profit_target for T0082 not filled: short leg rel spread 1.00 > max 0.50
exit profit_target for T0083 not filled: long leg rel spread 0.50 > max 0.50
exit profit_target for T0081 not filled: short leg rel spread 2.00 > max 0.50
exit profit_target for T0082 not filled: short leg rel spread 0.67 > max 0.50
exit profit_target for T0081 not filled: short leg rel spread 2.00 > max 0.50
exit profit_target for T0082 not filled: short leg rel spread 2.00 > max 0.50
exit profit_target for T0081 not filled: short leg rel spread 2.00 > max 0.50
exit profit_target for T0082 not filled: short leg rel spread 0.67 > max 0.50
exit profit_target for T0081 not filled: short leg rel spread 2.00 > max 0.50
exit profit_target for T0082 not filled: short leg rel spread 2.00 > max 0.50
exit profit_target for T0082 not filled: short leg rel spread 2.00 > max 0.50
exit profit_target for T0082 not filled: short leg rel spread 2.00 > max 0.50
exit profit_target for T0085 not filled: long leg rel spread 0.50 > max 0.50
exit profit_target for T0082 not filled: short leg rel spread 2.00 > max 0.50
exit profit_target for T0085 not filled: short leg rel spread 2.00 > max 0.50
exit profit_target for T0082 not filled: short leg rel spread 2.00 > max 0.50
exit profit_target for T0082 not filled: short leg rel spread 2.00 > max 0.50
exit profit_target for T0143 not filled: long leg rel spread 0.67 > max 0.50
exit profit_target for T0173 not filled: short leg rel spread 0.51 > max 0.50
exit profit_target for T0174 not filled: short leg rel spread 1.16 > max 0.50
unfiltered|d0.10_w10_dte30_pt50_sl2 -13.094951923076923
T0011 expires today with no quotes; closing at intrinsic
T0018 expires today with no quotes; closing at intrinsic
T0064 expires today with no quotes; closing at intrinsic
T0065 expires today with no quotes; closing at intrinsic
T0090 expires today with no quotes; closing at intrinsic
T0091 expires today with no quotes; closing at intrinsic
T0116 expires today with no quotes; closing at intrinsic
T0117 expires today with no quotes; closing at intrinsic
T0220 expires today with no quotes; closing at intrinsic
T0272 expires today with no quotes; closing at intrinsic
T0375 expires today with no quotes; closing at intrinsic
T0376 expires today with no quotes; closing at intrinsic
unfiltered|d0.10_w10_dte45_hold -18.439913065766316
exit profit_target for T0009 not filled: long leg rel spread 1.00 > max 0.50
exit profit_target for T0009 not filled: long leg rel spread 1.00 > max 0.50
exit profit_target for T0009 not filled: long leg rel spread 0.67 > max 0.50
exit profit_target for T0009 not filled: long leg rel spread 0.67 > max 0.50
exit profit_target for T0009 not filled: short leg rel spread 0.67 > max 0.50
exit profit_target for T0011 not filled: long leg rel spread 0.55 > max 0.50
exit profit_target for T0009 not filled: short leg rel spread 0.67 > max 0.50
exit profit_target for T0011 not filled: long leg rel spread 0.67 > max 0.50
exit profit_target for T0009 not filled: short leg rel spread 1.00 > max 0.50
exit profit_target for T0011 not filled: long leg rel spread 1.20 > max 0.50
exit profit_target for T0009 not filled: short leg rel spread 2.00 > max 0.50
exit profit_target for T0011 not filled: long leg rel spread 0.67 > max 0.50
exit profit_target for T0009 not filled: short leg rel spread 0.67 > max 0.50
exit profit_target for T0011 not filled: long leg rel spread 0.67 > max 0.50
exit profit_target for T0009 not filled: short leg rel spread 0.67 > max 0.50
exit profit_target for T0011 not filled: long leg rel spread 1.00 > max 0.50
exit profit_target for T0009 not filled: short leg rel spread 0.67 > max 0.50
exit profit_target for T0011 not filled: long leg rel spread 2.00 > max 0.50
exit profit_target for T0009 not filled: short leg rel spread 2.00 > max 0.50
exit profit_target for T0011 not filled: long leg rel spread 2.00 > max 0.50
exit profit_target for T0009 not filled: short leg rel spread 2.00 > max 0.50
exit profit_target for T0011 not filled: long leg rel spread 0.67 > max 0.50
exit profit_target for T0009 not filled: short leg rel spread 2.00 > max 0.50
exit profit_target for T0011 not filled: long leg rel spread 1.00 > max 0.50
exit profit_target for T0009 not filled: short leg rel spread 2.00 > max 0.50
exit profit_target for T0011 not filled: short leg rel spread 0.50 > max 0.50
exit profit_target for T0009 not filled: short leg rel spread 2.00 > max 0.50
exit profit_target for T0009 not filled: short leg rel spread 2.00 > max 0.50
exit profit_target for T0009 not filled: short leg rel spread 2.00 > max 0.50
exit profit_target for T0009 not filled: short leg rel spread 2.00 > max 0.50
exit profit_target for T0009 not filled: short leg rel spread 2.00 > max 0.50
exit profit_target for T0009 not filled: short leg rel spread 2.00 > max 0.50
exit profit_target for T0019 not filled: long leg rel spread 0.50 > max 0.50
exit profit_target for T0036 not filled: long leg rel spread 2.00 > max 0.50
exit profit_target for T0036 not filled: long leg rel spread 2.00 > max 0.50
exit profit_target for T0036 not filled: long leg rel spread 2.00 > max 0.50
exit profit_target for T0038 not filled: long leg rel spread 0.67 > max 0.50
exit profit_target for T0036 not filled: long leg rel spread 2.00 > max 0.50
exit profit_target for T0038 not filled: long leg rel spread 0.67 > max 0.50
exit profit_target for T0036 not filled: short leg rel spread 0.67 > max 0.50
exit profit_target for T0038 not filled: long leg rel spread 2.00 > max 0.50
exit profit_target for T0036 not filled: short leg rel spread 2.00 > max 0.50
exit profit_target for T0038 not filled: short leg rel spread 0.67 > max 0.50
exit profit_target for T0036 not filled: short leg rel spread 2.00 > max 0.50
exit profit_target for T0038 not filled: short leg rel spread 0.67 > max 0.50
exit profit_target for T0036 not filled: short leg rel spread 2.00 > max 0.50
exit profit_target for T0038 not filled: long leg rel spread 2.00 > max 0.50
exit profit_target for T0036 not filled: short leg rel spread 2.00 > max 0.50
exit profit_target for T0038 not filled: long leg rel spread 0.67 > max 0.50
exit profit_target for T0038 not filled: short leg rel spread 0.67 > max 0.50
exit profit_target for T0038 not filled: short leg rel spread 0.67 > max 0.50
exit profit_target for T0038 not filled: short leg rel spread 2.00 > max 0.50
exit profit_target for T0038 not filled: short leg rel spread 2.00 > max 0.50
exit profit_target for T0038 not filled: short leg rel spread 2.00 > max 0.50
exit profit_target for T0038 not filled: short leg rel spread 2.00 > max 0.50
exit profit_target for T0038 not filled: short leg rel spread 2.00 > max 0.50
exit profit_target for T0038 not filled: short leg rel spread 2.00 > max 0.50
exit profit_target for T0038 not filled: short leg rel spread 2.00 > max 0.50
exit profit_target for T0049 not filled: long leg rel spread 0.67 > max 0.50
exit profit_target for T0049 not filled: long leg rel spread 0.67 > max 0.50
exit profit_target for T0049 not filled: long leg rel spread 0.67 > max 0.50
exit profit_target for T0049 not filled: long leg rel spread 0.67 > max 0.50
exit profit_target for T0053 not filled: long leg rel spread 1.00 > max 0.50
exit profit_target for T0049 not filled: long leg rel spread 2.00 > max 0.50
exit profit_target for T0053 not filled: long leg rel spread 0.67 > max 0.50
exit profit_target for T0049 not filled: short leg rel spread 0.67 > max 0.50
exit profit_target for T0053 not filled: short leg rel spread 0.50 > max 0.50
exit profit_target for T0049 not filled: short leg rel spread 0.67 > max 0.50
exit profit_target for T0053 not filled: long leg rel spread 0.67 > max 0.50
exit profit_target for T0049 not filled: short leg rel spread 0.67 > max 0.50
exit profit_target for T0053 not filled: long leg rel spread 2.00 > max 0.50
exit profit_target for T0049 not filled: short leg rel spread 0.67 > max 0.50
exit profit_target for T0053 not filled: long leg rel spread 2.00 > max 0.50
exit profit_target for T0049 not filled: short leg rel spread 0.67 > max 0.50
exit profit_target for T0053 not filled: long leg rel spread 2.00 > max 0.50
exit profit_target for T0049 not filled: short leg rel spread 2.00 > max 0.50
exit profit_target for T0053 not filled: long leg rel spread 0.67 > max 0.50
exit profit_target for T0049 not filled: short leg rel spread 2.00 > max 0.50
exit profit_target for T0053 not filled: long leg rel spread 2.00 > max 0.50
exit profit_target for T0049 not filled: short leg rel spread 2.00 > max 0.50
exit profit_target for T0053 not filled: short leg rel spread 0.67 > max 0.50
exit profit_target for T0049 not filled: short leg rel spread 2.00 > max 0.50
exit profit_target for T0053 not filled: short leg rel spread 0.67 > max 0.50
exit profit_target for T0053 not filled: short leg rel spread 0.67 > max 0.50
exit profit_target for T0053 not filled: long leg rel spread 2.00 > max 0.50
exit profit_target for T0053 not filled: short leg rel spread 0.67 > max 0.50
exit profit_target for T0053 not filled: short leg rel spread 0.67 > max 0.50
exit profit_target for T0053 not filled: short leg rel spread 0.67 > max 0.50
exit profit_target for T0053 not filled: short leg rel spread 0.67 > max 0.50
exit profit_target for T0055 not filled: long leg rel spread 0.67 > max 0.50
exit profit_target for T0053 not filled: short leg rel spread 2.00 > max 0.50
exit profit_target for T0053 not filled: short leg rel spread 2.00 > max 0.50
exit profit_target for T0053 not filled: short leg rel spread 2.00 > max 0.50
exit profit_target for T0053 not filled: short leg rel spread 2.00 > max 0.50
exit profit_target for T0053 not filled: short leg rel spread 2.00 > max 0.50
exit profit_target for T0053 not filled: short leg rel spread 2.00 > max 0.50
exit profit_target for T0053 not filled: short leg rel spread 2.00 > max 0.50
exit profit_target for T0053 not filled: short leg rel spread 2.00 > max 0.50
exit profit_target for T0059 not filled: long leg rel spread 0.67 > max 0.50
exit profit_target for T0059 not filled: long leg rel spread 0.67 > max 0.50
exit profit_target for T0059 not filled: long leg rel spread 0.67 > max 0.50
exit profit_target for T0059 not filled: long leg rel spread 0.67 > max 0.50
exit profit_target for T0059 not filled: long leg rel spread 0.67 > max 0.50
exit profit_target for T0059 not filled: long leg rel spread 2.00 > max 0.50
exit profit_target for T0059 not filled: long leg rel spread 0.67 > max 0.50
exit profit_target for T0059 not filled: long leg rel spread 2.00 > max 0.50
exit profit_target for T0059 not filled: long leg rel spread 2.00 > max 0.50
exit profit_target for T0059 not filled: long leg rel spread 2.00 > max 0.50
exit profit_target for T0059 not filled: short leg rel spread 0.67 > max 0.50
exit profit_target for T0059 not filled: short leg rel spread 0.67 > max 0.50
exit profit_target for T0059 not filled: short leg rel spread 0.67 > max 0.50
exit profit_target for T0059 not filled: long leg rel spread 2.00 > max 0.50
exit profit_target for T0059 not filled: short leg rel spread 0.67 > max 0.50
exit profit_target for T0059 not filled: short leg rel spread 0.67 > max 0.50
exit profit_target for T0059 not filled: short leg rel spread 2.00 > max 0.50
exit profit_target for T0059 not filled: short leg rel spread 2.00 > max 0.50
exit profit_target for T0059 not filled: short leg rel spread 2.00 > max 0.50
exit profit_target for T0059 not filled: short leg rel spread 2.00 > max 0.50
exit profit_target for T0059 not filled: short leg rel spread 2.00 > max 0.50
exit profit_target for T0059 not filled: short leg rel spread 2.00 > max 0.50
exit profit_target for T0059 not filled: short leg rel spread 2.00 > max 0.50
exit profit_target for T0074 not filled: long leg rel spread 0.67 > max 0.50
exit stop_loss for T0074 not filled: long leg rel spread 0.67 > max 0.50
exit stop_loss for T0074 not filled: long leg rel spread 0.67 > max 0.50
exit stop_loss for T0074 not filled: long leg rel spread 2.00 > max 0.50
exit stop_loss for T0074 not filled: long leg rel spread 2.00 > max 0.50
exit stop_loss for T0074 not filled: long leg rel spread 2.00 > max 0.50
exit profit_target for T0074 not filled: long leg rel spread 2.00 > max 0.50
exit profit_target for T0074 not filled: long leg rel spread 2.00 > max 0.50
exit profit_target for T0074 not filled: short leg rel spread 0.67 > max 0.50
exit profit_target for T0074 not filled: short leg rel spread 2.00 > max 0.50
exit profit_target for T0174 not filled: long leg rel spread 1.09 > max 0.50
unfiltered|d0.10_w10_dte45_pt50_sl2 -8.796385542168675
T0276 expires today with no quotes; closing at intrinsic
T0381 expires today with no quotes; closing at intrinsic
unfiltered|d0.15_w2_dte21_hold -10.713449853439714
exit profit_target for T0038 not filled: long leg rel spread 0.67 > max 0.50
exit profit_target for T0038 not filled: long leg rel spread 2.00 > max 0.50
exit profit_target for T0074 not filled: long leg rel spread 0.67 > max 0.50
exit profit_target for T0074 not filled: long leg rel spread 0.67 > max 0.50
exit profit_target for T0173 not filled: short leg rel spread 0.73 > max 0.50
exit profit_target for T0174 not filled: short leg rel spread 0.55 > max 0.50
exit profit_target for T0282 not filled: long leg rel spread 0.67 > max 0.50
exit profit_target for T0282 not filled: short leg rel spread 0.67 > max 0.50
exit profit_target for T0282 not filled: short leg rel spread 2.00 > max 0.50
unfiltered|d0.15_w2_dte21_pt50_sl2 -8.369904076738608
T0015 expires today with no quotes; closing at intrinsic
T0070 expires today with no quotes; closing at intrinsic
T0274 expires today with no quotes; closing at intrinsic
T0379 expires today with no quotes; closing at intrinsic
unfiltered|d0.15_w2_dte30_hold -16.98435305518432
exit profit_target for T0037 not filled: long leg rel spread 0.67 > max 0.50
exit profit_target for T0037 not filled: long leg rel spread 2.00 > max 0.50
exit profit_target for T0037 not filled: short leg rel spread 2.00 > max 0.50
exit profit_target for T0049 not filled: long leg rel spread 0.67 > max 0.50
exit profit_target for T0049 not filled: long leg rel spread 0.67 > max 0.50
exit profit_target for T0049 not filled: long leg rel spread 0.67 > max 0.50
exit profit_target for T0049 not filled: long leg rel spread 2.00 > max 0.50
exit profit_target for T0049 not filled: long leg rel spread 2.00 > max 0.50
exit profit_target for T0049 not filled: long leg rel spread 2.00 > max 0.50
exit profit_target for T0174 not filled: short leg rel spread 0.63 > max 0.50
unfiltered|d0.15_w2_dte30_pt50_sl2 -8.559952038369305
T0011 expires today with no quotes; closing at intrinsic
T0018 expires today with no quotes; closing at intrinsic
T0064 expires today with no quotes; closing at intrinsic
T0065 expires today with no quotes; closing at intrinsic
T0089 expires today with no quotes; closing at intrinsic
T0090 expires today with no quotes; closing at intrinsic
T0115 expires today with no quotes; closing at intrinsic
T0116 expires today with no quotes; closing at intrinsic
T0219 expires today with no quotes; closing at intrinsic
T0271 expires today with no quotes; closing at intrinsic
T0374 expires today with no quotes; closing at intrinsic
T0375 expires today with no quotes; closing at intrinsic
unfiltered|d0.15_w2_dte45_hold -23.717044261047384
unfiltered|d0.15_w2_dte45_pt50_sl2 -9.929951690821255
T0276 expires today with no quotes; closing at intrinsic
T0381 expires today with no quotes; closing at intrinsic
unfiltered|d0.15_w5_dte21_hold -20.844805306705585
exit profit_target for T0011 not filled: long leg rel spread 0.67 > max 0.50
exit profit_target for T0011 not filled: long leg rel spread 0.50 > max 0.50
exit profit_target for T0011 not filled: short leg rel spread 0.50 > max 0.50
exit profit_target for T0011 not filled: long leg rel spread 2.00 > max 0.50
exit profit_target for T0011 not filled: long leg rel spread 0.67 > max 0.50
exit profit_target for T0011 not filled: long leg rel spread 0.67 > max 0.50
exit profit_target for T0011 not filled: long leg rel spread 0.67 > max 0.50
exit profit_target for T0011 not filled: short leg rel spread 2.00 > max 0.50
exit profit_target for T0011 not filled: short leg rel spread 2.00 > max 0.50
exit profit_target for T0011 not filled: short leg rel spread 2.00 > max 0.50
exit profit_target for T0011 not filled: short leg rel spread 2.00 > max 0.50
exit profit_target for T0011 not filled: short leg rel spread 2.00 > max 0.50
exit profit_target for T0011 not filled: short leg rel spread 2.00 > max 0.50
exit profit_target for T0030 not filled: long leg rel spread 0.67 > max 0.50
exit profit_target for T0036 not filled: long leg rel spread 0.67 > max 0.50
exit profit_target for T0036 not filled: long leg rel spread 2.00 > max 0.50
exit profit_target for T0036 not filled: long leg rel spread 2.00 > max 0.50
exit profit_target for T0038 not filled: long leg rel spread 2.00 > max 0.50
exit profit_target for T0038 not filled: long leg rel spread 2.00 > max 0.50
exit profit_target for T0049 not filled: long leg rel spread 2.00 > max 0.50
exit profit_target for T0049 not filled: long leg rel spread 2.00 > max 0.50
exit profit_target for T0049 not filled: short leg rel spread 0.67 > max 0.50
exit profit_target for T0067 not filled: long leg rel spread 2.00 > max 0.50
exit profit_target for T0067 not filled: long leg rel spread 2.00 > max 0.50
exit profit_target for T0067 not filled: long leg rel spread 2.00 > max 0.50
exit profit_target for T0074 not filled: long leg rel spread 2.00 > max 0.50
exit profit_target for T0074 not filled: long leg rel spread 2.00 > max 0.50
exit profit_target for T0074 not filled: long leg rel spread 2.00 > max 0.50
exit profit_target for T0078 not filled: long leg rel spread 1.00 > max 0.50
exit profit_target for T0078 not filled: long leg rel spread 0.67 > max 0.50
exit profit_target for T0078 not filled: long leg rel spread 0.67 > max 0.50
exit profit_target for T0078 not filled: long leg rel spread 0.67 > max 0.50
exit profit_target for T0078 not filled: long leg rel spread 2.00 > max 0.50
exit profit_target for T0078 not filled: short leg rel spread 0.67 > max 0.50
exit profit_target for T0078 not filled: short leg rel spread 2.00 > max 0.50
exit profit_target for T0078 not filled: long leg rel spread 2.00 > max 0.50
exit profit_target for T0078 not filled: long leg rel spread 2.00 > max 0.50
exit profit_target for T0078 not filled: long leg rel spread 2.00 > max 0.50
exit profit_target for T0078 not filled: short leg rel spread 2.00 > max 0.50
exit profit_target for T0173 not filled: short leg rel spread 0.73 > max 0.50
exit profit_target for T0174 not filled: short leg rel spread 0.55 > max 0.50
unfiltered|d0.15_w5_dte21_pt50_sl2 -12.922661870503598
T0015 expires today with no quotes; closing at intrinsic
T0070 expires today with no quotes; closing at intrinsic
T0274 expires today with no quotes; closing at intrinsic
T0379 expires today with no quotes; closing at intrinsic
unfiltered|d0.15_w5_dte30_hold -26.67365546708828
exit profit_target for T0049 not filled: long leg rel spread 0.67 > max 0.50
exit profit_target for T0049 not filled: long leg rel spread 0.67 > max 0.50
exit profit_target for T0049 not filled: long leg rel spread 0.67 > max 0.50
exit profit_target for T0049 not filled: long leg rel spread 2.00 > max 0.50
exit profit_target for T0049 not filled: long leg rel spread 2.00 > max 0.50
exit profit_target for T0049 not filled: long leg rel spread 2.00 > max 0.50
exit profit_target for T0159 not filled: long leg rel spread 2.00 > max 0.50
exit profit_target for T0173 not filled: long leg rel spread 0.58 > max 0.50
exit profit_target for T0174 not filled: short leg rel spread 0.63 > max 0.50
unfiltered|d0.15_w5_dte30_pt50_sl2 -11.883093525179856
T0011 expires today with no quotes; closing at intrinsic
T0018 expires today with no quotes; closing at intrinsic
T0064 expires today with no quotes; closing at intrinsic
T0065 expires today with no quotes; closing at intrinsic
T0089 expires today with no quotes; closing at intrinsic
T0090 expires today with no quotes; closing at intrinsic
T0115 expires today with no quotes; closing at intrinsic
T0116 expires today with no quotes; closing at intrinsic
T0219 expires today with no quotes; closing at intrinsic
T0271 expires today with no quotes; closing at intrinsic
T0374 expires today with no quotes; closing at intrinsic
T0375 expires today with no quotes; closing at intrinsic
unfiltered|d0.15_w5_dte45_hold -32.10776619703611
unfiltered|d0.15_w5_dte45_pt50_sl2 -13.784420289855072
T0276 expires today with no quotes; closing at intrinsic
T0381 expires today with no quotes; closing at intrinsic
unfiltered|d0.15_w10_dte21_hold -26.727179407424988
exit profit_target for T0002 not filled: long leg rel spread 0.67 > max 0.50
exit profit_target for T0002 not filled: long leg rel spread 2.00 > max 0.50
exit profit_target for T0002 not filled: long leg rel spread 0.67 > max 0.50
exit profit_target for T0002 not filled: long leg rel spread 2.00 > max 0.50
exit profit_target for T0002 not filled: long leg rel spread 2.00 > max 0.50
exit profit_target for T0002 not filled: long leg rel spread 2.00 > max 0.50
exit profit_target for T0002 not filled: long leg rel spread 2.00 > max 0.50
exit profit_target for T0002 not filled: long leg rel spread 2.00 > max 0.50
exit profit_target for T0002 not filled: long leg rel spread 2.00 > max 0.50
exit profit_target for T0002 not filled: long leg rel spread 2.00 > max 0.50
exit profit_target for T0002 not filled: long leg rel spread 2.00 > max 0.50
exit profit_target for T0005 not filled: long leg rel spread 0.67 > max 0.50
exit profit_target for T0005 not filled: long leg rel spread 0.67 > max 0.50
exit profit_target for T0005 not filled: long leg rel spread 0.67 > max 0.50
exit profit_target for T0005 not filled: long leg rel spread 0.67 > max 0.50
exit profit_target for T0005 not filled: long leg rel spread 2.00 > max 0.50
exit profit_target for T0005 not filled: long leg rel spread 2.00 > max 0.50
exit profit_target for T0005 not filled: long leg rel spread 2.00 > max 0.50
exit profit_target for T0005 not filled: short leg rel spread 0.67 > max 0.50
exit profit_target for T0011 not filled: long leg rel spread 1.00 > max 0.50
exit profit_target for T0011 not filled: long leg rel spread 1.00 > max 0.50
exit profit_target for T0011 not filled: short leg rel spread 0.50 > max 0.50
exit profit_target for T0011 not filled: long leg rel spread 2.00 > max 0.50
exit profit_target for T0011 not filled: long leg rel spread 2.00 > max 0.50
exit profit_target for T0011 not filled: long leg rel spread 2.00 > max 0.50
exit profit_target for T0011 not filled: long leg rel spread 2.00 > max 0.50
exit profit_target for T0011 not filled: short leg rel spread 2.00 > max 0.50
exit profit_target for T0011 not filled: short leg rel spread 2.00 > max 0.50
exit profit_target for T0011 not filled: short leg rel spread 2.00 > max 0.50
exit profit_target for T0011 not filled: short leg rel spread 2.00 > max 0.50
exit profit_target for T0013 not filled: long leg rel spread 0.67 > max 0.50
exit profit_target for T0011 not filled: short leg rel spread 2.00 > max 0.50
exit profit_target for T0011 not filled: short leg rel spread 2.00 > max 0.50
exit profit_target for T0013 not filled: long leg rel spread 0.67 > max 0.50
exit profit_target for T0013 not filled: long leg rel spread 2.00 > max 0.50
exit profit_target for T0013 not filled: long leg rel spread 0.67 > max 0.50
exit profit_target for T0013 not filled: long leg rel spread 1.00 > max 0.50
exit profit_target for T0016 not filled: long leg rel spread 0.67 > max 0.50
exit profit_target for T0016 not filled: long leg rel spread 2.00 > max 0.50
exit profit_target for T0016 not filled: long leg rel spread 0.67 > max 0.50
exit profit_target for T0016 not filled: short leg rel spread 0.67 > max 0.50
exit profit_target for T0016 not filled: short leg rel spread 0.67 > max 0.50
exit profit_target for T0028 not filled: long leg rel spread 0.67 > max 0.50
exit profit_target for T0028 not filled: long leg rel spread 2.00 > max 0.50
exit profit_target for T0028 not filled: long leg rel spread 2.00 > max 0.50
exit stop_loss for T0028 not filled: long leg rel spread 2.00 > max 0.50
exit profit_target for T0030 not filled: long leg rel spread 0.67 > max 0.50
exit profit_target for T0030 not filled: long leg rel spread 2.00 > max 0.50
exit profit_target for T0030 not filled: long leg rel spread 2.00 > max 0.50
exit profit_target for T0031 not filled: long leg rel spread 0.67 > max 0.50
exit profit_target for T0030 not filled: long leg rel spread 2.00 > max 0.50
exit profit_target for T0031 not filled: long leg rel spread 0.67 > max 0.50
exit profit_target for T0030 not filled: long leg rel spread 2.00 > max 0.50
exit profit_target for T0031 not filled: long leg rel spread 2.00 > max 0.50
exit profit_target for T0030 not filled: long leg rel spread 2.00 > max 0.50
exit profit_target for T0031 not filled: long leg rel spread 2.00 > max 0.50
exit profit_target for T0030 not filled: short leg rel spread 2.00 > max 0.50
exit profit_target for T0031 not filled: long leg rel spread 2.00 > max 0.50
exit profit_target for T0030 not filled: short leg rel spread 2.00 > max 0.50
exit profit_target for T0031 not filled: long leg rel spread 2.00 > max 0.50
exit profit_target for T0032 not filled: long leg rel spread 0.67 > max 0.50
exit profit_target for T0030 not filled: short leg rel spread 2.00 > max 0.50
exit profit_target for T0031 not filled: short leg rel spread 0.67 > max 0.50
exit profit_target for T0032 not filled: long leg rel spread 0.67 > max 0.50
exit profit_target for T0031 not filled: short leg rel spread 0.67 > max 0.50
exit profit_target for T0032 not filled: long leg rel spread 0.67 > max 0.50
exit profit_target for T0031 not filled: long leg rel spread 2.00 > max 0.50
exit profit_target for T0032 not filled: long leg rel spread 0.67 > max 0.50
exit profit_target for T0031 not filled: long leg rel spread 2.00 > max 0.50
exit profit_target for T0031 not filled: short leg rel spread 2.00 > max 0.50
exit profit_target for T0031 not filled: short leg rel spread 2.00 > max 0.50
exit stop_loss for T0032 not filled: long leg rel spread 2.00 > max 0.50
exit profit_target for T0032 not filled: long leg rel spread 2.00 > max 0.50
exit profit_target for T0036 not filled: long leg rel spread 2.00 > max 0.50
exit profit_target for T0037 not filled: long leg rel spread 0.67 > max 0.50
exit profit_target for T0036 not filled: long leg rel spread 2.00 > max 0.50
exit profit_target for T0037 not filled: long leg rel spread 0.67 > max 0.50
exit profit_target for T0036 not filled: long leg rel spread 2.00 > max 0.50
exit profit_target for T0037 not filled: long leg rel spread 2.00 > max 0.50
exit profit_target for T0037 not filled: long leg rel spread 2.00 > max 0.50
exit profit_target for T0037 not filled: long leg rel spread 2.00 > max 0.50
exit profit_target for T0037 not filled: long leg rel spread 2.00 > max 0.50
exit profit_target for T0038 not filled: long leg rel spread 2.00 > max 0.50
exit profit_target for T0040 not filled: long leg rel spread 2.00 > max 0.50
exit profit_target for T0038 not filled: long leg rel spread 2.00 > max 0.50
exit profit_target for T0040 not filled: long leg rel spread 2.00 > max 0.50
exit profit_target for T0040 not filled: long leg rel spread 2.00 > max 0.50
exit profit_target for T0041 not filled: long leg rel spread 0.67 > max 0.50
exit profit_target for T0040 not filled: long leg rel spread 2.00 > max 0.50
exit profit_target for T0041 not filled: long leg rel spread 0.67 > max 0.50
exit profit_target for T0040 not filled: long leg rel spread 2.00 > max 0.50
exit profit_target for T0041 not filled: long leg rel spread 0.67 > max 0.50
exit profit_target for T0040 not filled: short leg rel spread 0.67 > max 0.50
exit profit_target for T0041 not filled: long leg rel spread 2.00 > max 0.50
exit profit_target for T0040 not filled: short leg rel spread 2.00 > max 0.50
exit profit_target for T0041 not filled: short leg rel spread 0.67 > max 0.50
exit profit_target for T0040 not filled: short leg rel spread 2.00 > max 0.50
exit profit_target for T0041 not filled: short leg rel spread 0.67 > max 0.50
exit profit_target for T0040 not filled: short leg rel spread 2.00 > max 0.50
exit profit_target for T0041 not filled: short leg rel spread 0.67 > max 0.50
exit profit_target for T0040 not filled: short leg rel spread 2.00 > max 0.50
exit profit_target for T0041 not filled: long leg rel spread 2.00 > max 0.50
exit profit_target for T0040 not filled: short leg rel spread 2.00 > max 0.50
exit profit_target for T0041 not filled: short leg rel spread 0.67 > max 0.50
exit profit_target for T0041 not filled: short leg rel spread 2.00 > max 0.50
exit profit_target for T0041 not filled: short leg rel spread 2.00 > max 0.50
exit profit_target for T0041 not filled: short leg rel spread 2.00 > max 0.50
exit profit_target for T0041 not filled: short leg rel spread 2.00 > max 0.50
exit profit_target for T0043 not filled: long leg rel spread 0.67 > max 0.50
exit profit_target for T0041 not filled: short leg rel spread 2.00 > max 0.50
exit profit_target for T0043 not filled: long leg rel spread 2.00 > max 0.50
exit profit_target for T0043 not filled: long leg rel spread 2.00 > max 0.50
exit profit_target for T0043 not filled: long leg rel spread 2.00 > max 0.50
exit profit_target for T0044 not filled: long leg rel spread 0.67 > max 0.50
exit profit_target for T0043 not filled: long leg rel spread 2.00 > max 0.50
exit profit_target for T0044 not filled: long leg rel spread 0.67 > max 0.50
exit profit_target for T0043 not filled: short leg rel spread 2.00 > max 0.50
exit profit_target for T0044 not filled: long leg rel spread 2.00 > max 0.50
exit profit_target for T0043 not filled: short leg rel spread 2.00 > max 0.50
exit profit_target for T0044 not filled: long leg rel spread 2.00 > max 0.50
exit profit_target for T0043 not filled: short leg rel spread 2.00 > max 0.50
exit profit_target for T0044 not filled: long leg rel spread 0.67 > max 0.50
exit profit_target for T0043 not filled: short leg rel spread 0.67 > max 0.50
exit profit_target for T0043 not filled: short leg rel spread 0.67 > max 0.50
exit profit_target for T0043 not filled: long leg rel spread 2.00 > max 0.50
exit profit_target for T0049 not filled: long leg rel spread 2.00 > max 0.50
exit profit_target for T0050 not filled: long leg rel spread 2.00 > max 0.50
exit profit_target for T0051 not filled: long leg rel spread 0.67 > max 0.50
exit profit_target for T0049 not filled: long leg rel spread 2.00 > max 0.50
exit profit_target for T0051 not filled: long leg rel spread 0.67 > max 0.50
exit profit_target for T0049 not filled: short leg rel spread 0.67 > max 0.50
exit profit_target for T0050 not filled: long leg rel spread 2.00 > max 0.50
exit profit_target for T0051 not filled: long leg rel spread 2.00 > max 0.50
exit profit_target for T0050 not filled: long leg rel spread 2.00 > max 0.50
exit profit_target for T0051 not filled: long leg rel spread 2.00 > max 0.50
exit profit_target for T0050 not filled: long leg rel spread 2.00 > max 0.50
exit profit_target for T0051 not filled: long leg rel spread 2.00 > max 0.50
exit profit_target for T0050 not filled: long leg rel spread 2.00 > max 0.50
exit profit_target for T0050 not filled: long leg rel spread 2.00 > max 0.50
exit profit_target for T0051 not filled: long leg rel spread 2.00 > max 0.50
exit profit_target for T0050 not filled: long leg rel spread 2.00 > max 0.50
exit profit_target for T0051 not filled: long leg rel spread 2.00 > max 0.50
exit profit_target for T0051 not filled: long leg rel spread 2.00 > max 0.50
exit profit_target for T0051 not filled: short leg rel spread 0.67 > max 0.50
exit profit_target for T0053 not filled: long leg rel spread 0.67 > max 0.50
exit profit_target for T0051 not filled: short leg rel spread 2.00 > max 0.50
exit profit_target for T0053 not filled: long leg rel spread 2.00 > max 0.50
exit profit_target for T0051 not filled: short leg rel spread 2.00 > max 0.50
exit profit_target for T0053 not filled: long leg rel spread 2.00 > max 0.50
exit profit_target for T0053 not filled: short leg rel spread 0.67 > max 0.50
exit profit_target for T0053 not filled: short leg rel spread 0.67 > max 0.50
exit profit_target for T0053 not filled: short leg rel spread 0.67 > max 0.50
exit profit_target for T0053 not filled: short leg rel spread 0.67 > max 0.50
exit profit_target for T0053 not filled: short leg rel spread 0.67 > max 0.50
exit profit_target for T0053 not filled: short leg rel spread 2.00 > max 0.50
exit profit_target for T0053 not filled: short leg rel spread 2.00 > max 0.50
exit profit_target for T0053 not filled: short leg rel spread 2.00 > max 0.50
exit profit_target for T0053 not filled: short leg rel spread 2.00 > max 0.50
exit profit_target for T0053 not filled: short leg rel spread 2.00 > max 0.50
exit profit_target for T0056 not filled: long leg rel spread 0.67 > max 0.50
exit profit_target for T0056 not filled: long leg rel spread 2.00 > max 0.50
exit profit_target for T0056 not filled: long leg rel spread 2.00 > max 0.50
exit profit_target for T0056 not filled: long leg rel spread 2.00 > max 0.50
exit profit_target for T0056 not filled: long leg rel spread 2.00 > max 0.50
exit profit_target for T0056 not filled: long leg rel spread 2.00 > max 0.50
exit profit_target for T0056 not filled: short leg rel spread 0.67 > max 0.50
exit profit_target for T0056 not filled: short leg rel spread 0.67 > max 0.50
exit profit_target for T0056 not filled: long leg rel spread 2.00 > max 0.50
exit profit_target for T0060 not filled: long leg rel spread 2.00 > max 0.50
exit profit_target for T0060 not filled: long leg rel spread 2.00 > max 0.50
exit profit_target for T0060 not filled: long leg rel spread 2.00 > max 0.50
exit profit_target for T0060 not filled: long leg rel spread 2.00 > max 0.50
exit profit_target for T0060 not filled: long leg rel spread 2.00 > max 0.50
exit profit_target for T0061 not filled: long leg rel spread 2.00 > max 0.50
exit profit_target for T0060 not filled: short leg rel spread 0.67 > max 0.50
exit profit_target for T0061 not filled: long leg rel spread 2.00 > max 0.50
exit profit_target for T0060 not filled: short leg rel spread 2.00 > max 0.50
exit profit_target for T0061 not filled: long leg rel spread 2.00 > max 0.50
exit profit_target for T0062 not filled: long leg rel spread 0.67 > max 0.50
exit profit_target for T0060 not filled: short leg rel spread 2.00 > max 0.50
exit profit_target for T0061 not filled: long leg rel spread 2.00 > max 0.50
exit profit_target for T0062 not filled: long leg rel spread 0.67 > max 0.50
exit profit_target for T0060 not filled: short leg rel spread 2.00 > max 0.50
exit profit_target for T0061 not filled: short leg rel spread 0.67 > max 0.50
exit profit_target for T0062 not filled: long leg rel spread 2.00 > max 0.50
exit profit_target for T0060 not filled: short leg rel spread 2.00 > max 0.50
exit profit_target for T0061 not filled: short leg rel spread 0.67 > max 0.50
exit profit_target for T0062 not filled: long leg rel spread 2.00 > max 0.50
exit profit_target for T0061 not filled: short leg rel spread 0.67 > max 0.50
exit profit_target for T0062 not filled: long leg rel spread 2.00 > max 0.50
exit profit_target for T0061 not filled: short leg rel spread 2.00 > max 0.50
exit profit_target for T0062 not filled: long leg rel spread 2.00 > max 0.50
exit profit_target for T0063 not filled: long leg rel spread 0.67 > max 0.50
exit profit_target for T0061 not filled: short leg rel spread 2.00 > max 0.50
exit profit_target for T0062 not filled: long leg rel spread 2.00 > max 0.50
exit profit_target for T0061 not filled: short leg rel spread 2.00 > max 0.50
exit profit_target for T0062 not filled: long leg rel spread 2.00 > max 0.50
exit profit_target for T0061 not filled: short leg rel spread 0.67 > max 0.50
exit profit_target for T0062 not filled: long leg rel spread 2.00 > max 0.50
exit profit_target for T0062 not filled: long leg rel spread 2.00 > max 0.50
exit profit_target for T0062 not filled: long leg rel spread 2.00 > max 0.50
exit profit_target for T0062 not filled: short leg rel spread 0.67 > max 0.50
exit profit_target for T0062 not filled: short leg rel spread 2.00 > max 0.50
exit profit_target for T0066 not filled: long leg rel spread 0.67 > max 0.50
exit profit_target for T0067 not filled: long leg rel spread 2.00 > max 0.50
exit profit_target for T0068 not filled: long leg rel spread 2.00 > max 0.50
exit profit_target for T0069 not filled: long leg rel spread 0.67 > max 0.50
exit profit_target for T0067 not filled: long leg rel spread 2.00 > max 0.50
exit profit_target for T0068 not filled: long leg rel spread 2.00 > max 0.50
exit profit_target for T0069 not filled: long leg rel spread 0.67 > max 0.50
exit profit_target for T0067 not filled: long leg rel spread 2.00 > max 0.50
exit profit_target for T0068 not filled: long leg rel spread 2.00 > max 0.50
exit profit_target for T0069 not filled: long leg rel spread 0.67 > max 0.50
exit stop_loss for T0068 not filled: long leg rel spread 2.00 > max 0.50
exit profit_target for T0069 not filled: long leg rel spread 2.00 > max 0.50
exit profit_target for T0069 not filled: long leg rel spread 2.00 > max 0.50
exit profit_target for T0070 not filled: long leg rel spread 0.67 > max 0.50
exit profit_target for T0069 not filled: long leg rel spread 2.00 > max 0.50
exit profit_target for T0070 not filled: long leg rel spread 2.00 > max 0.50
exit profit_target for T0069 not filled: short leg rel spread 0.67 > max 0.50
exit profit_target for T0070 not filled: long leg rel spread 2.00 > max 0.50
exit profit_target for T0069 not filled: long leg rel spread 2.00 > max 0.50
exit profit_target for T0070 not filled: long leg rel spread 2.00 > max 0.50
exit profit_target for T0070 not filled: long leg rel spread 2.00 > max 0.50
exit profit_target for T0070 not filled: long leg rel spread 2.00 > max 0.50
exit stop_loss for T0073 not filled: long leg rel spread 0.67 > max 0.50
exit profit_target for T0073 not filled: long leg rel spread 2.00 > max 0.50
exit profit_target for T0074 not filled: long leg rel spread 2.00 > max 0.50
exit profit_target for T0074 not filled: long leg rel spread 2.00 > max 0.50
exit profit_target for T0074 not filled: long leg rel spread 2.00 > max 0.50
exit stop_loss for T0075 not filled: long leg rel spread 2.00 > max 0.50
exit stop_loss for T0075 not filled: long leg rel spread 2.00 > max 0.50
exit profit_target for T0078 not filled: long leg rel spread 0.67 > max 0.50
exit profit_target for T0078 not filled: long leg rel spread 2.00 > max 0.50
exit profit_target for T0078 not filled: long leg rel spread 2.00 > max 0.50
exit profit_target for T0078 not filled: long leg rel spread 2.00 > max 0.50
exit profit_target for T0078 not filled: long leg rel spread 2.00 > max 0.50
exit profit_target for T0078 not filled: short leg rel spread 0.67 > max 0.50
exit profit_target for T0079 not filled: long leg rel spread 0.67 > max 0.50
exit profit_target for T0078 not filled: short leg rel spread 2.00 > max 0.50
exit profit_target for T0078 not filled: long leg rel spread 2.00 > max 0.50
exit profit_target for T0078 not filled: long leg rel spread 2.00 > max 0.50
exit profit_target for T0078 not filled: long leg rel spread 2.00 > max 0.50
exit profit_target for T0078 not filled: short leg rel spread 2.00 > max 0.50
exit profit_target for T0081 not filled: long leg rel spread 2.00 > max 0.50
exit profit_target for T0082 not filled: long leg rel spread 0.67 > max 0.50
exit profit_target for T0081 not filled: long leg rel spread 2.00 > max 0.50
exit profit_target for T0082 not filled: long leg rel spread 2.00 > max 0.50
exit profit_target for T0081 not filled: short leg rel spread 0.67 > max 0.50
exit profit_target for T0082 not filled: short leg rel spread 1.00 > max 0.50
exit profit_target for T0083 not filled: long leg rel spread 0.67 > max 0.50
exit profit_target for T0081 not filled: short leg rel spread 2.00 > max 0.50
exit profit_target for T0082 not filled: long leg rel spread 0.67 > max 0.50
exit profit_target for T0081 not filled: short leg rel spread 2.00 > max 0.50
exit profit_target for T0082 not filled: short leg rel spread 0.67 > max 0.50
exit profit_target for T0081 not filled: short leg rel spread 2.00 > max 0.50
exit profit_target for T0082 not filled: short leg rel spread 1.00 > max 0.50
exit profit_target for T0082 not filled: short leg rel spread 0.67 > max 0.50
exit profit_target for T0082 not filled: short leg rel spread 2.00 > max 0.50
exit profit_target for T0082 not filled: short leg rel spread 2.00 > max 0.50
exit profit_target for T0082 not filled: short leg rel spread 2.00 > max 0.50
exit profit_target for T0082 not filled: short leg rel spread 2.00 > max 0.50
exit profit_target for T0085 not filled: long leg rel spread 0.55 > max 0.50
exit profit_target for T0085 not filled: long leg rel spread 0.67 > max 0.50
exit profit_target for T0102 not filled: long leg rel spread 2.00 > max 0.50
exit profit_target for T0102 not filled: short leg rel spread 0.67 > max 0.50
exit profit_target for T0144 not filled: long leg rel spread 0.67 > max 0.50
exit profit_target for T0154 not filled: long leg rel spread 0.67 > max 0.50
exit profit_target for T0154 not filled: long leg rel spread 0.67 > max 0.50
exit profit_target for T0154 not filled: long leg rel spread 2.00 > max 0.50
exit profit_target for T0154 not filled: long leg rel spread 2.00 > max 0.50
exit profit_target for T0154 not filled: long leg rel spread 2.00 > max 0.50
exit profit_target for T0154 not filled: long leg rel spread 2.00 > max 0.50
exit profit_target for T0158 not filled: long leg rel spread 2.00 > max 0.50
exit profit_target for T0158 not filled: long leg rel spread 2.00 > max 0.50
exit profit_target for T0158 not filled: long leg rel spread 2.00 > max 0.50
exit profit_target for T0161 not filled: long leg rel spread 0.67 > max 0.50
exit profit_target for T0161 not filled: long leg rel spread 2.00 > max 0.50
exit profit_target for T0161 not filled: long leg rel spread 2.00 > max 0.50
exit profit_target for T0161 not filled: short leg rel spread 0.67 > max 0.50
exit profit_target for T0173 not filled: short leg rel spread 0.73 > max 0.50
exit profit_target for T0174 not filled: short leg rel spread 0.55 > max 0.50
exit profit_target for T0173 not filled: long leg rel spread 0.67 > max 0.50
exit profit_target for T0246 not filled: long leg rel spread 0.67 > max 0.50
exit profit_target for T0246 not filled: long leg rel spread 0.67 > max 0.50
exit profit_target for T0246 not filled: long leg rel spread 2.00 > max 0.50
exit profit_target for T0246 not filled: long leg rel spread 2.00 > max 0.50
exit profit_target for T0246 not filled: short leg rel spread 0.67 > max 0.50
exit profit_target for T0246 not filled: short leg rel spread 0.67 > max 0.50
exit profit_target for T0269 not filled: long leg rel spread 0.67 > max 0.50
exit profit_target for T0269 not filled: long leg rel spread 0.67 > max 0.50
exit profit_target for T0269 not filled: long leg rel spread 0.67 > max 0.50
exit profit_target for T0269 not filled: long leg rel spread 2.00 > max 0.50
exit profit_target for T0269 not filled: short leg rel spread 0.67 > max 0.50
exit profit_target for T0269 not filled: short leg rel spread 0.67 > max 0.50
exit profit_target for T0269 not filled: short leg rel spread 2.00 > max 0.50
exit profit_target for T0269 not filled: short leg rel spread 2.00 > max 0.50
exit profit_target for T0269 not filled: short leg rel spread 2.00 > max 0.50
exit profit_target for T0269 not filled: short leg rel spread 2.00 > max 0.50
exit profit_target for T0269 not filled: short leg rel spread 2.00 > max 0.50
exit profit_target for T0282 not filled: long leg rel spread 0.67 > max 0.50
exit profit_target for T0282 not filled: long leg rel spread 2.00 > max 0.50
exit profit_target for T0282 not filled: short leg rel spread 0.67 > max 0.50
exit profit_target for T0282 not filled: short leg rel spread 2.00 > max 0.50
exit profit_target for T0331 not filled: long leg rel spread 0.67 > max 0.50
exit profit_target for T0331 not filled: long leg rel spread 0.67 > max 0.50
exit profit_target for T0331 not filled: long leg rel spread 0.67 > max 0.50
exit profit_target for T0331 not filled: short leg rel spread 0.67 > max 0.50
exit profit_target for T0342 not filled: long leg rel spread 0.67 > max 0.50
exit profit_target for T0342 not filled: long leg rel spread 2.00 > max 0.50
exit profit_target for T0342 not filled: short leg rel spread 0.67 > max 0.50
exit profit_target for T0342 not filled: short leg rel spread 0.67 > max 0.50
exit profit_target for T0342 not filled: short leg rel spread 2.00 > max 0.50
exit profit_target for T0357 not filled: long leg rel spread 0.67 > max 0.50
exit profit_target for T0357 not filled: long leg rel spread 0.67 > max 0.50
exit profit_target for T0357 not filled: long leg rel spread 2.00 > max 0.50
exit profit_target for T0357 not filled: short leg rel spread 0.67 > max 0.50
exit profit_target for T0364 not filled: long leg rel spread 0.67 > max 0.50
exit profit_target for T0364 not filled: long leg rel spread 2.00 > max 0.50
unfiltered|d0.15_w10_dte21_pt50_sl2 -14.991606714628297
T0015 expires today with no quotes; closing at intrinsic
T0070 expires today with no quotes; closing at intrinsic
T0274 expires today with no quotes; closing at intrinsic
T0379 expires today with no quotes; closing at intrinsic
unfiltered|d0.15_w10_dte30_hold -40.49272021528971
exit profit_target for T0006 not filled: long leg rel spread 0.50 > max 0.50
exit profit_target for T0011 not filled: long leg rel spread 0.50 > max 0.50
exit profit_target for T0011 not filled: long leg rel spread 0.86 > max 0.50
exit profit_target for T0011 not filled: long leg rel spread 1.00 > max 0.50
exit profit_target for T0011 not filled: long leg rel spread 2.00 > max 0.50
exit profit_target for T0011 not filled: long leg rel spread 0.67 > max 0.50
exit profit_target for T0011 not filled: long leg rel spread 0.67 > max 0.50
exit profit_target for T0011 not filled: long leg rel spread 2.00 > max 0.50
exit profit_target for T0011 not filled: short leg rel spread 0.50 > max 0.50
exit profit_target for T0011 not filled: long leg rel spread 2.00 > max 0.50
exit profit_target for T0011 not filled: long leg rel spread 2.00 > max 0.50
exit profit_target for T0011 not filled: short leg rel spread 1.00 > max 0.50
exit profit_target for T0011 not filled: short leg rel spread 0.67 > max 0.50
exit profit_target for T0011 not filled: short leg rel spread 1.00 > max 0.50
exit profit_target for T0011 not filled: short leg rel spread 2.00 > max 0.50
exit profit_target for T0011 not filled: short leg rel spread 2.00 > max 0.50
exit profit_target for T0011 not filled: short leg rel spread 2.00 > max 0.50
exit profit_target for T0011 not filled: short leg rel spread 0.67 > max 0.50
exit profit_target for T0011 not filled: short leg rel spread 2.00 > max 0.50
exit profit_target for T0011 not filled: short leg rel spread 2.00 > max 0.50
exit profit_target for T0011 not filled: short leg rel spread 2.00 > max 0.50
exit profit_target for T0016 not filled: long leg rel spread 0.50 > max 0.50
exit profit_target for T0016 not filled: long leg rel spread 0.67 > max 0.50
exit profit_target for T0016 not filled: long leg rel spread 0.67 > max 0.50
exit profit_target for T0016 not filled: long leg rel spread 0.67 > max 0.50
exit profit_target for T0016 not filled: long leg rel spread 0.67 > max 0.50
exit profit_target for T0020 not filled: long leg rel spread 0.67 > max 0.50
exit profit_target for T0020 not filled: long leg rel spread 2.00 > max 0.50
exit profit_target for T0020 not filled: long leg rel spread 0.67 > max 0.50
exit profit_target for T0020 not filled: short leg rel spread 0.50 > max 0.50
exit profit_target for T0021 not filled: long leg rel spread 0.75 > max 0.50
exit profit_target for T0020 not filled: short leg rel spread 0.67 > max 0.50
exit profit_target for T0020 not filled: short leg rel spread 1.00 > max 0.50
exit profit_target for T0020 not filled: short leg rel spread 2.00 > max 0.50
exit profit_target for T0020 not filled: short leg rel spread 0.67 > max 0.50
exit profit_target for T0020 not filled: short leg rel spread 1.00 > max 0.50
exit profit_target for T0020 not filled: long leg rel spread 2.00 > max 0.50
exit profit_target for T0020 not filled: short leg rel spread 2.00 > max 0.50
exit profit_target for T0020 not filled: short leg rel spread 2.00 > max 0.50
exit profit_target for T0020 not filled: short leg rel spread 2.00 > max 0.50
exit profit_target for T0020 not filled: short leg rel spread 2.00 > max 0.50
exit profit_target for T0020 not filled: short leg rel spread 2.00 > max 0.50
exit profit_target for T0028 not filled: long leg rel spread 0.67 > max 0.50
exit profit_target for T0036 not filled: long leg rel spread 2.00 > max 0.50
exit profit_target for T0037 not filled: long leg rel spread 0.67 > max 0.50
exit profit_target for T0036 not filled: long leg rel spread 2.00 > max 0.50
exit profit_target for T0037 not filled: long leg rel spread 2.00 > max 0.50
exit profit_target for T0038 not filled: long leg rel spread 2.00 > max 0.50
exit profit_target for T0037 not filled: long leg rel spread 2.00 > max 0.50
exit profit_target for T0037 not filled: long leg rel spread 2.00 > max 0.50
exit profit_target for T0037 not filled: short leg rel spread 2.00 > max 0.50
exit profit_target for T0038 not filled: long leg rel spread 2.00 > max 0.50
exit profit_target for T0038 not filled: long leg rel spread 2.00 > max 0.50
exit profit_target for T0038 not filled: long leg rel spread 2.00 > max 0.50
exit profit_target for T0038 not filled: short leg rel spread 0.67 > max 0.50
exit profit_target for T0038 not filled: short leg rel spread 2.00 > max 0.50
exit profit_target for T0038 not filled: short leg rel spread 2.00 > max 0.50
exit profit_target for T0049 not filled: long leg rel spread 2.00 > max 0.50
exit profit_target for T0051 not filled: long leg rel spread 0.67 > max 0.50
exit profit_target for T0049 not filled: long leg rel spread 2.00 > max 0.50
exit profit_target for T0049 not filled: long leg rel spread 2.00 > max 0.50
exit profit_target for T0050 not filled: long leg rel spread 0.67 > max 0.50
exit profit_target for T0049 not filled: long leg rel spread 2.00 > max 0.50
exit profit_target for T0049 not filled: long leg rel spread 2.00 > max 0.50
exit profit_target for T0049 not filled: long leg rel spread 2.00 > max 0.50
exit profit_target for T0049 not filled: long leg rel spread 2.00 > max 0.50
exit profit_target for T0050 not filled: long leg rel spread 2.00 > max 0.50
exit profit_target for T0050 not filled: short leg rel spread 0.67 > max 0.50
exit profit_target for T0053 not filled: long leg rel spread 0.67 > max 0.50
exit profit_target for T0050 not filled: short leg rel spread 2.00 > max 0.50
exit profit_target for T0053 not filled: long leg rel spread 0.67 > max 0.50
exit profit_target for T0050 not filled: short leg rel spread 2.00 > max 0.50
exit profit_target for T0053 not filled: long leg rel spread 0.67 > max 0.50
exit profit_target for T0050 not filled: short leg rel spread 2.00 > max 0.50
exit profit_target for T0053 not filled: long leg rel spread 2.00 > max 0.50
exit profit_target for T0053 not filled: long leg rel spread 2.00 > max 0.50
exit profit_target for T0053 not filled: long leg rel spread 2.00 > max 0.50
exit profit_target for T0053 not filled: long leg rel spread 2.00 > max 0.50
exit profit_target for T0053 not filled: long leg rel spread 2.00 > max 0.50
exit profit_target for T0053 not filled: long leg rel spread 2.00 > max 0.50
exit profit_target for T0053 not filled: short leg rel spread 2.00 > max 0.50
exit profit_target for T0053 not filled: short leg rel spread 2.00 > max 0.50
exit profit_target for T0053 not filled: short leg rel spread 2.00 > max 0.50
exit profit_target for T0053 not filled: short leg rel spread 2.00 > max 0.50
exit profit_target for T0053 not filled: short leg rel spread 2.00 > max 0.50
exit profit_target for T0053 not filled: short leg rel spread 2.00 > max 0.50
exit profit_target for T0053 not filled: short leg rel spread 2.00 > max 0.50
exit profit_target for T0053 not filled: short leg rel spread 2.00 > max 0.50
exit profit_target for T0053 not filled: short leg rel spread 2.00 > max 0.50
exit profit_target for T0053 not filled: short leg rel spread 2.00 > max 0.50
exit profit_target for T0059 not filled: long leg rel spread 0.67 > max 0.50
exit profit_target for T0060 not filled: long leg rel spread 0.67 > max 0.50
exit profit_target for T0059 not filled: long leg rel spread 2.00 > max 0.50
exit profit_target for T0060 not filled: long leg rel spread 0.67 > max 0.50
exit profit_target for T0059 not filled: long leg rel spread 2.00 > max 0.50
exit profit_target for T0060 not filled: long leg rel spread 2.00 > max 0.50
exit profit_target for T0059 not filled: long leg rel spread 2.00 > max 0.50
exit profit_target for T0060 not filled: long leg rel spread 0.67 > max 0.50
exit profit_target for T0059 not filled: long leg rel spread 2.00 > max 0.50
exit profit_target for T0060 not filled: long leg rel spread 2.00 > max 0.50
exit profit_target for T0061 not filled: long leg rel spread 0.67 > max 0.50
exit profit_target for T0059 not filled: long leg rel spread 2.00 > max 0.50
exit profit_target for T0060 not filled: long leg rel spread 2.00 > max 0.50
exit profit_target for T0061 not filled: long leg rel spread 0.67 > max 0.50
exit profit_target for T0059 not filled: short leg rel spread 0.67 > max 0.50
exit profit_target for T0060 not filled: long leg rel spread 2.00 > max 0.50
exit profit_target for T0061 not filled: long leg rel spread 2.00 > max 0.50
exit profit_target for T0059 not filled: short leg rel spread 2.00 > max 0.50
exit profit_target for T0060 not filled: long leg rel spread 2.00 > max 0.50
exit profit_target for T0061 not filled: long leg rel spread 0.67 > max 0.50
exit profit_target for T0059 not filled: short leg rel spread 2.00 > max 0.50
exit profit_target for T0060 not filled: short leg rel spread 0.67 > max 0.50
exit profit_target for T0061 not filled: long leg rel spread 2.00 > max 0.50
exit profit_target for T0059 not filled: short leg rel spread 2.00 > max 0.50
exit profit_target for T0060 not filled: short leg rel spread 0.67 > max 0.50
exit profit_target for T0061 not filled: long leg rel spread 2.00 > max 0.50
exit profit_target for T0059 not filled: short leg rel spread 2.00 > max 0.50
exit profit_target for T0060 not filled: short leg rel spread 0.67 > max 0.50
exit profit_target for T0061 not filled: long leg rel spread 2.00 > max 0.50
exit profit_target for T0059 not filled: short leg rel spread 2.00 > max 0.50
exit profit_target for T0060 not filled: short leg rel spread 2.00 > max 0.50
exit profit_target for T0061 not filled: long leg rel spread 2.00 > max 0.50
exit profit_target for T0060 not filled: short leg rel spread 2.00 > max 0.50
exit profit_target for T0061 not filled: long leg rel spread 2.00 > max 0.50
exit profit_target for T0060 not filled: short leg rel spread 2.00 > max 0.50
exit profit_target for T0061 not filled: long leg rel spread 2.00 > max 0.50
exit profit_target for T0060 not filled: short leg rel spread 0.67 > max 0.50
exit profit_target for T0061 not filled: long leg rel spread 2.00 > max 0.50
exit profit_target for T0060 not filled: short leg rel spread 2.00 > max 0.50
exit profit_target for T0061 not filled: short leg rel spread 0.67 > max 0.50
exit profit_target for T0060 not filled: short leg rel spread 2.00 > max 0.50
exit profit_target for T0061 not filled: long leg rel spread 2.00 > max 0.50
exit profit_target for T0061 not filled: short leg rel spread 0.67 > max 0.50
exit profit_target for T0061 not filled: short leg rel spread 0.67 > max 0.50
exit profit_target for T0061 not filled: short leg rel spread 2.00 > max 0.50
exit profit_target for T0061 not filled: short leg rel spread 2.00 > max 0.50
exit profit_target for T0061 not filled: short leg rel spread 2.00 > max 0.50
exit stop_loss for T0066 not filled: long leg rel spread 0.67 > max 0.50
exit stop_loss for T0066 not filled: long leg rel spread 0.67 > max 0.50
exit profit_target for T0067 not filled: long leg rel spread 2.00 > max 0.50
exit profit_target for T0067 not filled: long leg rel spread 0.67 > max 0.50
exit profit_target for T0066 not filled: long leg rel spread 2.00 > max 0.50
exit profit_target for T0067 not filled: long leg rel spread 2.00 > max 0.50
exit profit_target for T0067 not filled: long leg rel spread 2.00 > max 0.50
exit profit_target for T0067 not filled: short leg rel spread 2.00 > max 0.50
exit stop_loss for T0074 not filled: long leg rel spread 0.67 > max 0.50
exit stop_loss for T0074 not filled: long leg rel spread 2.00 > max 0.50
exit stop_loss for T0074 not filled: long leg rel spread 2.00 > max 0.50
exit profit_target for T0078 not filled: long leg rel spread 0.67 > max 0.50
exit profit_target for T0078 not filled: long leg rel spread 2.00 > max 0.50
exit profit_target for T0078 not filled: long leg rel spread 0.67 > max 0.50
exit profit_target for T0078 not filled: long leg rel spread 0.67 > max 0.50
exit profit_target for T0078 not filled: long leg rel spread 2.00 > max 0.50
exit profit_target for T0078 not filled: long leg rel spread 2.00 > max 0.50
exit profit_target for T0078 not filled: long leg rel spread 2.00 > max 0.50
exit profit_target for T0078 not filled: long leg rel spread 0.67 > max 0.50
exit profit_target for T0078 not filled: long leg rel spread 0.67 > max 0.50
exit profit_target for T0078 not filled: long leg rel spread 0.67 > max 0.50
exit profit_target for T0078 not filled: long leg rel spread 0.67 > max 0.50
exit profit_target for T0078 not filled: long leg rel spread 2.00 > max 0.50
exit profit_target for T0078 not filled: long leg rel spread 2.00 > max 0.50
exit profit_target for T0083 not filled: long leg rel spread 0.67 > max 0.50
exit profit_target for T0142 not filled: long leg market invalid (crossed/locked/one-sided)
exit profit_target for T0142 not filled: long leg rel spread 0.67 > max 0.50
exit profit_target for T0142 not filled: long leg rel spread 2.00 > max 0.50
exit profit_target for T0142 not filled: long leg rel spread 2.00 > max 0.50
exit profit_target for T0142 not filled: short leg rel spread 2.00 > max 0.50
exit profit_target for T0159 not filled: long leg rel spread 2.00 > max 0.50
exit profit_target for T0173 not filled: long leg rel spread 1.29 > max 0.50
exit profit_target for T0174 not filled: short leg rel spread 0.63 > max 0.50
exit profit_target for T0267 not filled: long leg rel spread 0.57 > max 0.50
exit profit_target for T0363 not filled: long leg rel spread 0.67 > max 0.50
exit profit_target for T0363 not filled: long leg rel spread 0.67 > max 0.50
exit profit_target for T0363 not filled: long leg rel spread 2.00 > max 0.50
exit profit_target for T0363 not filled: long leg rel spread 2.00 > max 0.50
exit profit_target for T0363 not filled: short leg rel spread 0.67 > max 0.50
unfiltered|d0.15_w10_dte30_pt50_sl2 -15.673860911270983
T0011 expires today with no quotes; closing at intrinsic
T0018 expires today with no quotes; closing at intrinsic
T0064 expires today with no quotes; closing at intrinsic
T0065 expires today with no quotes; closing at intrinsic
T0089 expires today with no quotes; closing at intrinsic
T0090 expires today with no quotes; closing at intrinsic
T0115 expires today with no quotes; closing at intrinsic
T0116 expires today with no quotes; closing at intrinsic
T0219 expires today with no quotes; closing at intrinsic
T0271 expires today with no quotes; closing at intrinsic
T0374 expires today with no quotes; closing at intrinsic
T0375 expires today with no quotes; closing at intrinsic
unfiltered|d0.15_w10_dte45_hold -45.57237972360613
exit profit_target for T0036 not filled: long leg rel spread 0.67 > max 0.50
exit profit_target for T0037 not filled: long leg rel spread 0.67 > max 0.50
exit profit_target for T0036 not filled: long leg rel spread 2.00 > max 0.50
exit profit_target for T0037 not filled: long leg rel spread 0.67 > max 0.50
exit profit_target for T0036 not filled: long leg rel spread 2.00 > max 0.50
exit profit_target for T0037 not filled: long leg rel spread 2.00 > max 0.50
exit profit_target for T0038 not filled: long leg rel spread 0.67 > max 0.50
exit profit_target for T0036 not filled: long leg rel spread 2.00 > max 0.50
exit profit_target for T0037 not filled: long leg rel spread 2.00 > max 0.50
exit profit_target for T0038 not filled: long leg rel spread 0.67 > max 0.50
exit profit_target for T0036 not filled: short leg rel spread 0.67 > max 0.50
exit profit_target for T0037 not filled: short leg rel spread 0.67 > max 0.50
exit profit_target for T0038 not filled: long leg rel spread 2.00 > max 0.50
exit profit_target for T0036 not filled: short leg rel spread 2.00 > max 0.50
exit profit_target for T0037 not filled: short leg rel spread 0.67 > max 0.50
exit profit_target for T0038 not filled: long leg rel spread 2.00 > max 0.50
exit profit_target for T0036 not filled: short leg rel spread 2.00 > max 0.50
exit profit_target for T0037 not filled: short leg rel spread 0.67 > max 0.50
exit profit_target for T0038 not filled: long leg rel spread 2.00 > max 0.50
exit profit_target for T0036 not filled: short leg rel spread 2.00 > max 0.50
exit profit_target for T0037 not filled: long leg rel spread 2.00 > max 0.50
exit profit_target for T0038 not filled: long leg rel spread 0.67 > max 0.50
exit profit_target for T0037 not filled: short leg rel spread 0.67 > max 0.50
exit profit_target for T0038 not filled: long leg rel spread 2.00 > max 0.50
exit profit_target for T0037 not filled: short leg rel spread 2.00 > max 0.50
exit profit_target for T0038 not filled: short leg rel spread 0.67 > max 0.50
exit profit_target for T0037 not filled: short leg rel spread 2.00 > max 0.50
exit profit_target for T0038 not filled: short leg rel spread 0.67 > max 0.50
exit profit_target for T0037 not filled: short leg rel spread 2.00 > max 0.50
exit profit_target for T0038 not filled: short leg rel spread 0.67 > max 0.50
exit profit_target for T0037 not filled: short leg rel spread 2.00 > max 0.50
exit profit_target for T0038 not filled: short leg rel spread 2.00 > max 0.50
exit profit_target for T0038 not filled: short leg rel spread 2.00 > max 0.50
exit profit_target for T0038 not filled: short leg rel spread 2.00 > max 0.50
exit profit_target for T0038 not filled: short leg rel spread 2.00 > max 0.50
exit profit_target for T0038 not filled: short leg rel spread 2.00 > max 0.50
exit profit_target for T0055 not filled: long leg rel spread 0.50 > max 0.50
exit profit_target for T0078 not filled: long leg rel spread 0.67 > max 0.50
exit profit_target for T0081 not filled: long leg rel spread 0.67 > max 0.50
exit profit_target for T0082 not filled: long leg rel spread 0.67 > max 0.50
exit profit_target for T0081 not filled: long leg rel spread 1.00 > max 0.50
exit profit_target for T0081 not filled: long leg rel spread 1.00 > max 0.50
exit profit_target for T0081 not filled: long leg rel spread 0.67 > max 0.50
exit profit_target for T0081 not filled: short leg rel spread 1.00 > max 0.50
exit profit_target for T0125 not filled: long leg rel spread 0.67 > max 0.50
exit profit_target for T0125 not filled: long leg rel spread 2.00 > max 0.50
exit profit_target for T0173 not filled: long leg rel spread 0.50 > max 0.50
unfiltered|d0.15_w10_dte45_pt50_sl2 -15.28864734299517
T0276 expires today with no quotes; closing at intrinsic
T0381 expires today with no quotes; closing at intrinsic
unfiltered|d0.20_w2_dte21_hold -16.907858490665443
exit profit_target for T0038 not filled: long leg rel spread 0.67 > max 0.50
exit profit_target for T0173 not filled: long leg rel spread 0.73 > max 0.50
exit profit_target for T0174 not filled: long leg rel spread 0.55 > max 0.50
unfiltered|d0.20_w2_dte21_pt50_sl2 -9.0596570518165
T0015 expires today with no quotes; closing at intrinsic
T0274 expires today with no quotes; closing at intrinsic
T0379 expires today with no quotes; closing at intrinsic
unfiltered|d0.20_w2_dte30_hold -25.244525606160014
exit profit_target for T0049 not filled: long leg rel spread 0.67 > max 0.50
exit profit_target for T0049 not filled: long leg rel spread 0.67 > max 0.50
exit profit_target for T0049 not filled: long leg rel spread 0.67 > max 0.50
exit profit_target for T0049 not filled: long leg rel spread 2.00 > max 0.50
exit profit_target for T0049 not filled: long leg rel spread 2.00 > max 0.50
exit profit_target for T0049 not filled: long leg rel spread 2.00 > max 0.50
exit profit_target for T0174 not filled: long leg rel spread 0.63 > max 0.50
unfiltered|d0.20_w2_dte30_pt50_sl2 -9.676858513189448
T0011 expires today with no quotes; closing at intrinsic
T0018 expires today with no quotes; closing at intrinsic
T0064 expires today with no quotes; closing at intrinsic
T0065 expires today with no quotes; closing at intrinsic
T0090 expires today with no quotes; closing at intrinsic
T0091 expires today with no quotes; closing at intrinsic
T0116 expires today with no quotes; closing at intrinsic
T0117 expires today with no quotes; closing at intrinsic
T0220 expires today with no quotes; closing at intrinsic
T0272 expires today with no quotes; closing at intrinsic
T0375 expires today with no quotes; closing at intrinsic
T0376 expires today with no quotes; closing at intrinsic
unfiltered|d0.20_w2_dte45_hold -24.875238707208652
unfiltered|d0.20_w2_dte45_pt50_sl2 -10.668072289156626
T0276 expires today with no quotes; closing at intrinsic
T0381 expires today with no quotes; closing at intrinsic
unfiltered|d0.20_w5_dte21_hold -29.541097827604787
exit profit_target for T0011 not filled: long leg rel spread 0.86 > max 0.50
exit profit_target for T0011 not filled: long leg rel spread 0.50 > max 0.50
exit profit_target for T0011 not filled: long leg rel spread 1.00 > max 0.50
exit profit_target for T0011 not filled: long leg rel spread 0.67 > max 0.50
exit profit_target for T0011 not filled: long leg rel spread 0.67 > max 0.50
exit profit_target for T0011 not filled: long leg rel spread 0.67 > max 0.50
exit profit_target for T0011 not filled: long leg rel spread 0.67 > max 0.50
exit profit_target for T0011 not filled: short leg rel spread 0.67 > max 0.50
exit profit_target for T0011 not filled: short leg rel spread 2.00 > max 0.50
exit profit_target for T0011 not filled: short leg rel spread 2.00 > max 0.50
exit profit_target for T0011 not filled: short leg rel spread 2.00 > max 0.50
exit profit_target for T0011 not filled: short leg rel spread 2.00 > max 0.50
exit profit_target for T0011 not filled: short leg rel spread 2.00 > max 0.50
exit profit_target for T0032 not filled: long leg rel spread 0.67 > max 0.50
exit profit_target for T0032 not filled: long leg rel spread 0.67 > max 0.50
exit profit_target for T0037 not filled: long leg rel spread 0.67 > max 0.50
exit profit_target for T0037 not filled: long leg rel spread 2.00 > max 0.50
exit profit_target for T0038 not filled: long leg rel spread 2.00 > max 0.50
exit profit_target for T0038 not filled: long leg rel spread 2.00 > max 0.50
exit profit_target for T0049 not filled: long leg rel spread 2.00 > max 0.50
exit profit_target for T0049 not filled: long leg rel spread 2.00 > max 0.50
exit profit_target for T0049 not filled: long leg rel spread 2.00 > max 0.50
exit profit_target for T0050 not filled: long leg rel spread 0.67 > max 0.50
exit profit_target for T0050 not filled: long leg rel spread 0.67 > max 0.50
exit profit_target for T0050 not filled: long leg rel spread 2.00 > max 0.50
exit stop_loss for T0066 not filled: long leg rel spread 0.67 > max 0.50
exit profit_target for T0067 not filled: long leg rel spread 2.00 > max 0.50
exit profit_target for T0067 not filled: long leg rel spread 2.00 > max 0.50
exit profit_target for T0067 not filled: long leg rel spread 2.00 > max 0.50
exit profit_target for T0074 not filled: long leg rel spread 2.00 > max 0.50
exit profit_target for T0143 not filled: long leg rel spread 0.67 > max 0.50
exit profit_target for T0143 not filled: long leg rel spread 0.67 > max 0.50
exit profit_target for T0143 not filled: long leg rel spread 0.67 > max 0.50
exit profit_target for T0173 not filled: long leg rel spread 1.27 > max 0.50
exit profit_target for T0174 not filled: long leg rel spread 0.57 > max 0.50
exit profit_target for T0282 not filled: long leg rel spread 0.67 > max 0.50
exit profit_target for T0282 not filled: short leg rel spread 0.67 > max 0.50
exit profit_target for T0282 not filled: short leg rel spread 2.00 > max 0.50
unfiltered|d0.20_w5_dte21_pt50_sl2 -13.773390842242112
T0015 expires today with no quotes; closing at intrinsic
T0274 expires today with no quotes; closing at intrinsic
T0379 expires today with no quotes; closing at intrinsic
unfiltered|d0.20_w5_dte30_hold -37.45937927921553
exit stop_loss for T0036 not filled: long leg rel spread 2.00 > max 0.50
exit profit_target for T0037 not filled: long leg rel spread 2.00 > max 0.50
exit profit_target for T0037 not filled: short leg rel spread 0.67 > max 0.50
exit profit_target for T0049 not filled: long leg rel spread 0.67 > max 0.50
exit profit_target for T0049 not filled: long leg rel spread 0.67 > max 0.50
exit profit_target for T0049 not filled: long leg rel spread 0.67 > max 0.50
exit profit_target for T0049 not filled: long leg rel spread 2.00 > max 0.50
exit profit_target for T0049 not filled: long leg rel spread 2.00 > max 0.50
exit profit_target for T0049 not filled: long leg rel spread 2.00 > max 0.50
exit profit_target for T0050 not filled: long leg rel spread 0.67 > max 0.50
exit profit_target for T0050 not filled: long leg rel spread 0.67 > max 0.50
exit profit_target for T0050 not filled: short leg rel spread 0.67 > max 0.50
exit profit_target for T0050 not filled: short leg rel spread 2.00 > max 0.50
exit profit_target for T0050 not filled: short leg rel spread 2.00 > max 0.50
exit profit_target for T0173 not filled: long leg rel spread 0.51 > max 0.50
exit profit_target for T0174 not filled: long leg rel spread 0.88 > max 0.50
unfiltered|d0.20_w5_dte30_pt50_sl2 -13.558153477218225
T0011 expires today with no quotes; closing at intrinsic
T0018 expires today with no quotes; closing at intrinsic
T0064 expires today with no quotes; closing at intrinsic
T0065 expires today with no quotes; closing at intrinsic
T0090 expires today with no quotes; closing at intrinsic
T0091 expires today with no quotes; closing at intrinsic
T0116 expires today with no quotes; closing at intrinsic
T0117 expires today with no quotes; closing at intrinsic
T0220 expires today with no quotes; closing at intrinsic
T0272 expires today with no quotes; closing at intrinsic
T0375 expires today with no quotes; closing at intrinsic
T0376 expires today with no quotes; closing at intrinsic
unfiltered|d0.20_w5_dte45_hold -47.393663726475026
exit profit_target for T0172 not filled: long leg rel spread 0.53 > max 0.50
unfiltered|d0.20_w5_dte45_pt50_sl2 -16.57831325301205
T0276 expires today with no quotes; closing at intrinsic
T0381 expires today with no quotes; closing at intrinsic
unfiltered|d0.20_w10_dte21_hold -39.87455106501485
exit profit_target for T0002 not filled: long leg rel spread 0.67 > max 0.50
exit profit_target for T0002 not filled: long leg rel spread 2.00 > max 0.50
exit profit_target for T0002 not filled: long leg rel spread 2.00 > max 0.50
exit profit_target for T0002 not filled: long leg rel spread 2.00 > max 0.50
exit profit_target for T0002 not filled: long leg rel spread 2.00 > max 0.50
exit profit_target for T0002 not filled: long leg rel spread 2.00 > max 0.50
exit profit_target for T0002 not filled: long leg rel spread 2.00 > max 0.50
exit profit_target for T0002 not filled: long leg rel spread 2.00 > max 0.50
exit profit_target for T0002 not filled: long leg rel spread 2.00 > max 0.50
exit profit_target for T0005 not filled: long leg rel spread 0.67 > max 0.50
exit profit_target for T0005 not filled: long leg rel spread 0.67 > max 0.50
exit profit_target for T0005 not filled: long leg rel spread 0.67 > max 0.50
exit profit_target for T0005 not filled: long leg rel spread 0.67 > max 0.50
exit profit_target for T0005 not filled: long leg rel spread 2.00 > max 0.50
exit profit_target for T0005 not filled: long leg rel spread 2.00 > max 0.50
exit profit_target for T0005 not filled: long leg rel spread 2.00 > max 0.50
exit profit_target for T0005 not filled: short leg rel spread 0.67 > max 0.50
exit profit_target for T0011 not filled: long leg rel spread 1.00 > max 0.50
exit profit_target for T0011 not filled: long leg rel spread 1.00 > max 0.50
exit profit_target for T0011 not filled: long leg rel spread 2.00 > max 0.50
exit profit_target for T0011 not filled: long leg rel spread 2.00 > max 0.50
exit profit_target for T0011 not filled: long leg rel spread 2.00 > max 0.50
exit profit_target for T0011 not filled: long leg rel spread 2.00 > max 0.50
exit profit_target for T0011 not filled: long leg rel spread 2.00 > max 0.50
exit profit_target for T0011 not filled: short leg rel spread 0.67 > max 0.50
exit profit_target for T0011 not filled: short leg rel spread 2.00 > max 0.50
exit profit_target for T0011 not filled: short leg rel spread 2.00 > max 0.50
exit profit_target for T0011 not filled: short leg rel spread 2.00 > max 0.50
exit profit_target for T0013 not filled: long leg rel spread 0.67 > max 0.50
exit profit_target for T0011 not filled: short leg rel spread 2.00 > max 0.50
exit profit_target for T0011 not filled: short leg rel spread 2.00 > max 0.50
exit profit_target for T0013 not filled: long leg rel spread 0.67 > max 0.50
exit profit_target for T0013 not filled: long leg rel spread 2.00 > max 0.50
exit profit_target for T0013 not filled: long leg rel spread 0.67 > max 0.50
exit profit_target for T0028 not filled: long leg rel spread 0.67 > max 0.50
exit profit_target for T0028 not filled: long leg rel spread 2.00 > max 0.50
exit profit_target for T0028 not filled: long leg rel spread 2.00 > max 0.50
exit stop_loss for T0028 not filled: long leg rel spread 2.00 > max 0.50
exit stop_loss for T0028 not filled: long leg rel spread 2.00 > max 0.50
exit profit_target for T0030 not filled: long leg rel spread 2.00 > max 0.50
exit profit_target for T0031 not filled: long leg rel spread 0.67 > max 0.50
exit profit_target for T0030 not filled: long leg rel spread 2.00 > max 0.50
exit profit_target for T0030 not filled: long leg rel spread 2.00 > max 0.50
exit profit_target for T0031 not filled: long leg rel spread 2.00 > max 0.50
exit profit_target for T0030 not filled: long leg rel spread 2.00 > max 0.50
exit profit_target for T0031 not filled: long leg rel spread 2.00 > max 0.50
exit profit_target for T0030 not filled: long leg rel spread 2.00 > max 0.50
exit profit_target for T0031 not filled: long leg rel spread 2.00 > max 0.50
exit profit_target for T0030 not filled: short leg rel spread 2.00 > max 0.50
exit profit_target for T0031 not filled: long leg rel spread 2.00 > max 0.50
exit profit_target for T0032 not filled: long leg rel spread 0.67 > max 0.50
exit profit_target for T0030 not filled: short leg rel spread 2.00 > max 0.50
exit profit_target for T0031 not filled: short leg rel spread 0.67 > max 0.50
exit profit_target for T0032 not filled: long leg rel spread 0.67 > max 0.50
exit profit_target for T0031 not filled: long leg rel spread 2.00 > max 0.50
exit profit_target for T0032 not filled: long leg rel spread 0.67 > max 0.50
exit profit_target for T0031 not filled: long leg rel spread 2.00 > max 0.50
exit profit_target for T0031 not filled: long leg rel spread 2.00 > max 0.50
exit profit_target for T0031 not filled: long leg rel spread 2.00 > max 0.50
exit profit_target for T0031 not filled: short leg rel spread 0.67 > max 0.50
exit stop_loss for T0032 not filled: long leg rel spread 2.00 > max 0.50
exit profit_target for T0032 not filled: long leg rel spread 2.00 > max 0.50
exit profit_target for T0036 not filled: long leg rel spread 2.00 > max 0.50
exit profit_target for T0037 not filled: long leg rel spread 0.67 > max 0.50
exit profit_target for T0036 not filled: long leg rel spread 2.00 > max 0.50
exit profit_target for T0037 not filled: long leg rel spread 2.00 > max 0.50
exit profit_target for T0037 not filled: long leg rel spread 2.00 > max 0.50
exit profit_target for T0038 not filled: long leg rel spread 2.00 > max 0.50
exit profit_target for T0040 not filled: long leg rel spread 0.67 > max 0.50
exit profit_target for T0038 not filled: long leg rel spread 2.00 > max 0.50
exit profit_target for T0040 not filled: long leg rel spread 2.00 > max 0.50
exit profit_target for T0040 not filled: long leg rel spread 2.00 > max 0.50
exit profit_target for T0040 not filled: long leg rel spread 2.00 > max 0.50
exit profit_target for T0040 not filled: short leg rel spread 0.50 > max 0.50
exit profit_target for T0040 not filled: long leg rel spread 2.00 > max 0.50
exit profit_target for T0040 not filled: short leg rel spread 2.00 > max 0.50
exit profit_target for T0040 not filled: short leg rel spread 2.00 > max 0.50
exit profit_target for T0040 not filled: short leg rel spread 2.00 > max 0.50
exit profit_target for T0040 not filled: short leg rel spread 2.00 > max 0.50
exit profit_target for T0040 not filled: short leg rel spread 2.00 > max 0.50
exit profit_target for T0043 not filled: long leg rel spread 0.67 > max 0.50
exit profit_target for T0043 not filled: long leg rel spread 0.67 > max 0.50
exit profit_target for T0043 not filled: long leg rel spread 2.00 > max 0.50
exit profit_target for T0043 not filled: long leg rel spread 2.00 > max 0.50
exit profit_target for T0043 not filled: long leg rel spread 2.00 > max 0.50
exit profit_target for T0043 not filled: short leg rel spread 0.67 > max 0.50
exit profit_target for T0043 not filled: short leg rel spread 2.00 > max 0.50
exit profit_target for T0043 not filled: short leg rel spread 0.67 > max 0.50
exit profit_target for T0043 not filled: long leg rel spread 2.00 > max 0.50
exit profit_target for T0043 not filled: long leg rel spread 2.00 > max 0.50
exit profit_target for T0043 not filled: long leg rel spread 2.00 > max 0.50
exit profit_target for T0049 not filled: long leg rel spread 2.00 > max 0.50
exit profit_target for T0051 not filled: long leg rel spread 0.67 > max 0.50
exit profit_target for T0049 not filled: long leg rel spread 2.00 > max 0.50
exit profit_target for T0051 not filled: long leg rel spread 0.67 > max 0.50
exit profit_target for T0049 not filled: long leg rel spread 2.00 > max 0.50
exit profit_target for T0050 not filled: long leg rel spread 2.00 > max 0.50
exit profit_target for T0051 not filled: long leg rel spread 2.00 > max 0.50
exit profit_target for T0050 not filled: long leg rel spread 2.00 > max 0.50
exit profit_target for T0051 not filled: long leg rel spread 2.00 > max 0.50
exit profit_target for T0051 not filled: long leg rel spread 2.00 > max 0.50
exit profit_target for T0050 not filled: long leg rel spread 2.00 > max 0.50
exit profit_target for T0051 not filled: long leg rel spread 2.00 > max 0.50
exit profit_target for T0051 not filled: long leg rel spread 2.00 > max 0.50
exit profit_target for T0051 not filled: long leg rel spread 2.00 > max 0.50
exit profit_target for T0051 not filled: long leg rel spread 2.00 > max 0.50
exit profit_target for T0053 not filled: long leg rel spread 0.67 > max 0.50
exit profit_target for T0051 not filled: short leg rel spread 0.67 > max 0.50
exit profit_target for T0053 not filled: long leg rel spread 2.00 > max 0.50
exit profit_target for T0051 not filled: short leg rel spread 2.00 > max 0.50
exit profit_target for T0053 not filled: long leg rel spread 2.00 > max 0.50
exit profit_target for T0053 not filled: short leg rel spread 1.00 > max 0.50
exit profit_target for T0053 not filled: long leg rel spread 2.00 > max 0.50
exit profit_target for T0053 not filled: short leg rel spread 0.67 > max 0.50
exit profit_target for T0053 not filled: long leg rel spread 2.00 > max 0.50
exit profit_target for T0053 not filled: short leg rel spread 0.67 > max 0.50
exit profit_target for T0053 not filled: short leg rel spread 2.00 > max 0.50
exit profit_target for T0053 not filled: short leg rel spread 2.00 > max 0.50
exit profit_target for T0053 not filled: short leg rel spread 2.00 > max 0.50
exit profit_target for T0053 not filled: short leg rel spread 2.00 > max 0.50
exit profit_target for T0053 not filled: short leg rel spread 2.00 > max 0.50
exit profit_target for T0056 not filled: long leg rel spread 0.67 > max 0.50
exit profit_target for T0056 not filled: long leg rel spread 2.00 > max 0.50
exit profit_target for T0056 not filled: long leg rel spread 2.00 > max 0.50
exit profit_target for T0056 not filled: long leg rel spread 2.00 > max 0.50
exit profit_target for T0056 not filled: long leg rel spread 0.67 > max 0.50
exit profit_target for T0056 not filled: long leg rel spread 2.00 > max 0.50
exit profit_target for T0056 not filled: long leg rel spread 2.00 > max 0.50
exit profit_target for T0056 not filled: long leg rel spread 2.00 > max 0.50
exit profit_target for T0056 not filled: long leg rel spread 2.00 > max 0.50
exit profit_target for T0060 not filled: long leg rel spread 2.00 > max 0.50
exit profit_target for T0060 not filled: long leg rel spread 2.00 > max 0.50
exit profit_target for T0060 not filled: long leg rel spread 2.00 > max 0.50
exit profit_target for T0060 not filled: long leg rel spread 2.00 > max 0.50
exit profit_target for T0060 not filled: long leg rel spread 2.00 > max 0.50
exit profit_target for T0061 not filled: long leg rel spread 2.00 > max 0.50
exit profit_target for T0060 not filled: long leg rel spread 2.00 > max 0.50
exit profit_target for T0061 not filled: long leg rel spread 2.00 > max 0.50
exit profit_target for T0060 not filled: short leg rel spread 2.00 > max 0.50
exit profit_target for T0061 not filled: long leg rel spread 2.00 > max 0.50
exit profit_target for T0062 not filled: long leg rel spread 0.67 > max 0.50
exit profit_target for T0060 not filled: short leg rel spread 2.00 > max 0.50
exit profit_target for T0061 not filled: long leg rel spread 2.00 > max 0.50
exit profit_target for T0062 not filled: long leg rel spread 0.67 > max 0.50
exit profit_target for T0060 not filled: short leg rel spread 2.00 > max 0.50
exit profit_target for T0061 not filled: long leg rel spread 2.00 > max 0.50
exit profit_target for T0062 not filled: long leg rel spread 2.00 > max 0.50
exit profit_target for T0060 not filled: short leg rel spread 2.00 > max 0.50
exit profit_target for T0061 not filled: long leg rel spread 2.00 > max 0.50
exit profit_target for T0062 not filled: long leg rel spread 2.00 > max 0.50
exit profit_target for T0061 not filled: short leg rel spread 0.67 > max 0.50
exit profit_target for T0062 not filled: long leg rel spread 2.00 > max 0.50
exit profit_target for T0061 not filled: short leg rel spread 2.00 > max 0.50
exit profit_target for T0062 not filled: long leg rel spread 2.00 > max 0.50
exit profit_target for T0063 not filled: long leg rel spread 0.67 > max 0.50
exit profit_target for T0061 not filled: short leg rel spread 2.00 > max 0.50
exit profit_target for T0062 not filled: long leg rel spread 2.00 > max 0.50
exit profit_target for T0061 not filled: short leg rel spread 2.00 > max 0.50
exit profit_target for T0062 not filled: long leg rel spread 2.00 > max 0.50
exit profit_target for T0061 not filled: short leg rel spread 0.67 > max 0.50
exit profit_target for T0062 not filled: long leg rel spread 2.00 > max 0.50
exit profit_target for T0062 not filled: long leg rel spread 2.00 > max 0.50
exit profit_target for T0062 not filled: long leg rel spread 2.00 > max 0.50
exit profit_target for T0062 not filled: long leg rel spread 2.00 > max 0.50
exit profit_target for T0062 not filled: short leg rel spread 2.00 > max 0.50
exit stop_loss for T0064 not filled: long leg rel spread 0.67 > max 0.50
exit stop_loss for T0064 not filled: long leg rel spread 0.67 > max 0.50
exit stop_loss for T0064 not filled: long leg rel spread 2.00 > max 0.50
exit stop_loss for T0064 not filled: long leg rel spread 2.00 > max 0.50
exit stop_loss for T0066 not filled: long leg rel spread 2.00 > max 0.50
exit profit_target for T0067 not filled: long leg rel spread 2.00 > max 0.50
exit profit_target for T0069 not filled: long leg rel spread 0.67 > max 0.50
exit profit_target for T0067 not filled: long leg rel spread 2.00 > max 0.50
exit profit_target for T0069 not filled: long leg rel spread 0.67 > max 0.50
exit profit_target for T0067 not filled: long leg rel spread 2.00 > max 0.50
exit profit_target for T0068 not filled: long leg rel spread 2.00 > max 0.50
exit profit_target for T0069 not filled: long leg rel spread 0.67 > max 0.50
exit stop_loss for T0068 not filled: long leg rel spread 2.00 > max 0.50
exit profit_target for T0069 not filled: long leg rel spread 2.00 > max 0.50
exit profit_target for T0069 not filled: long leg rel spread 2.00 > max 0.50
exit profit_target for T0070 not filled: long leg rel spread 0.67 > max 0.50
exit profit_target for T0069 not filled: long leg rel spread 2.00 > max 0.50
exit profit_target for T0069 not filled: long leg rel spread 2.00 > max 0.50
exit profit_target for T0070 not filled: long leg rel spread 0.67 > max 0.50
exit profit_target for T0069 not filled: long leg rel spread 2.00 > max 0.50
exit stop_loss for T0073 not filled: long leg rel spread 0.67 > max 0.50
exit profit_target for T0074 not filled: long leg rel spread 2.00 > max 0.50
exit stop_loss for T0075 not filled: long leg rel spread 2.00 > max 0.50
exit stop_loss for T0075 not filled: long leg rel spread 2.00 > max 0.50
exit profit_target for T0078 not filled: long leg rel spread 0.67 > max 0.50
exit profit_target for T0078 not filled: long leg rel spread 2.00 > max 0.50
exit profit_target for T0078 not filled: long leg rel spread 2.00 > max 0.50
exit profit_target for T0078 not filled: long leg rel spread 2.00 > max 0.50
exit profit_target for T0078 not filled: long leg rel spread 2.00 > max 0.50
exit profit_target for T0078 not filled: long leg rel spread 2.00 > max 0.50
exit profit_target for T0078 not filled: short leg rel spread 2.00 > max 0.50
exit profit_target for T0078 not filled: long leg rel spread 2.00 > max 0.50
exit profit_target for T0078 not filled: long leg rel spread 2.00 > max 0.50
exit profit_target for T0078 not filled: long leg rel spread 2.00 > max 0.50
exit profit_target for T0078 not filled: short leg rel spread 0.67 > max 0.50
exit profit_target for T0081 not filled: long leg rel spread 0.67 > max 0.50
exit profit_target for T0082 not filled: long leg rel spread 0.67 > max 0.50
exit profit_target for T0081 not filled: long leg rel spread 2.00 > max 0.50
exit profit_target for T0082 not filled: long leg rel spread 2.00 > max 0.50
exit profit_target for T0081 not filled: long leg rel spread 2.00 > max 0.50
exit profit_target for T0082 not filled: long leg rel spread 2.00 > max 0.50
exit profit_target for T0081 not filled: short leg rel spread 2.00 > max 0.50
exit profit_target for T0082 not filled: long leg rel spread 0.67 > max 0.50
exit profit_target for T0081 not filled: short leg rel spread 0.67 > max 0.50
exit profit_target for T0082 not filled: short leg rel spread 0.67 > max 0.50
exit profit_target for T0081 not filled: short leg rel spread 2.00 > max 0.50
exit profit_target for T0082 not filled: short leg rel spread 1.00 > max 0.50
exit profit_target for T0082 not filled: short leg rel spread 0.67 > max 0.50
exit profit_target for T0082 not filled: short leg rel spread 0.67 > max 0.50
exit profit_target for T0082 not filled: short leg rel spread 2.00 > max 0.50
exit profit_target for T0082 not filled: short leg rel spread 2.00 > max 0.50
exit profit_target for T0082 not filled: short leg rel spread 2.00 > max 0.50
exit profit_target for T0102 not filled: long leg rel spread 2.00 > max 0.50
exit profit_target for T0102 not filled: short leg rel spread 0.67 > max 0.50
exit profit_target for T0117 not filled: long leg rel spread 0.50 > max 0.50
exit profit_target for T0117 not filled: long leg rel spread 0.67 > max 0.50
exit profit_target for T0117 not filled: long leg rel spread 0.50 > max 0.50
exit profit_target for T0143 not filled: long leg rel spread 0.67 > max 0.50
exit profit_target for T0143 not filled: long leg rel spread 2.00 > max 0.50
exit profit_target for T0143 not filled: long leg rel spread 2.00 > max 0.50
exit profit_target for T0143 not filled: long leg rel spread 2.00 > max 0.50
exit profit_target for T0143 not filled: long leg rel spread 2.00 > max 0.50
exit profit_target for T0158 not filled: long leg rel spread 0.67 > max 0.50
exit profit_target for T0158 not filled: long leg rel spread 2.00 > max 0.50
exit profit_target for T0158 not filled: long leg rel spread 2.00 > max 0.50
exit profit_target for T0161 not filled: long leg rel spread 0.67 > max 0.50
exit profit_target for T0161 not filled: long leg rel spread 2.00 > max 0.50
exit profit_target for T0161 not filled: long leg rel spread 2.00 > max 0.50
exit profit_target for T0161 not filled: long leg rel spread 2.00 > max 0.50
exit profit_target for T0173 not filled: long leg rel spread 2.00 > max 0.50
exit profit_target for T0174 not filled: long leg rel spread 1.20 > max 0.50
exit profit_target for T0271 not filled: long leg rel spread 0.67 > max 0.50
exit profit_target for T0271 not filled: long leg rel spread 2.00 > max 0.50
exit profit_target for T0282 not filled: long leg rel spread 0.67 > max 0.50
exit profit_target for T0282 not filled: long leg rel spread 0.67 > max 0.50
exit profit_target for T0282 not filled: short leg rel spread 0.67 > max 0.50
exit profit_target for T0282 not filled: short leg rel spread 2.00 > max 0.50
exit profit_target for T0342 not filled: long leg rel spread 0.67 > max 0.50
exit profit_target for T0342 not filled: long leg rel spread 0.67 > max 0.50
exit profit_target for T0342 not filled: long leg rel spread 2.00 > max 0.50
exit profit_target for T0342 not filled: short leg rel spread 0.67 > max 0.50
exit profit_target for T0342 not filled: short leg rel spread 2.00 > max 0.50
exit profit_target for T0365 not filled: long leg rel spread 0.67 > max 0.50
exit profit_target for T0365 not filled: long leg rel spread 0.67 > max 0.50
exit profit_target for T0365 not filled: long leg rel spread 2.00 > max 0.50
exit profit_target for T0365 not filled: long leg rel spread 2.00 > max 0.50
exit profit_target for T0365 not filled: short leg rel spread 0.67 > max 0.50
unfiltered|d0.20_w10_dte21_pt50_sl2 -19.230824894999902
T0015 expires today with no quotes; closing at intrinsic
T0274 expires today with no quotes; closing at intrinsic
T0379 expires today with no quotes; closing at intrinsic
unfiltered|d0.20_w10_dte30_hold -51.96074320643926
exit profit_target for T0006 not filled: long leg rel spread 0.50 > max 0.50
exit profit_target for T0006 not filled: long leg rel spread 0.50 > max 0.50
exit profit_target for T0006 not filled: long leg rel spread 0.50 > max 0.50
exit profit_target for T0006 not filled: long leg rel spread 0.67 > max 0.50
exit profit_target for T0011 not filled: long leg rel spread 0.50 > max 0.50
exit profit_target for T0011 not filled: long leg rel spread 0.86 > max 0.50
exit profit_target for T0011 not filled: long leg rel spread 1.00 > max 0.50
exit profit_target for T0011 not filled: long leg rel spread 2.00 > max 0.50
exit profit_target for T0011 not filled: long leg rel spread 0.67 > max 0.50
exit profit_target for T0011 not filled: long leg rel spread 0.67 > max 0.50
exit profit_target for T0011 not filled: long leg rel spread 2.00 > max 0.50
exit profit_target for T0011 not filled: short leg rel spread 0.50 > max 0.50
exit profit_target for T0011 not filled: long leg rel spread 2.00 > max 0.50
exit profit_target for T0011 not filled: long leg rel spread 2.00 > max 0.50
exit profit_target for T0011 not filled: short leg rel spread 1.00 > max 0.50
exit profit_target for T0012 not filled: long leg rel spread 0.50 > max 0.50
exit profit_target for T0011 not filled: short leg rel spread 0.67 > max 0.50
exit profit_target for T0011 not filled: short leg rel spread 1.00 > max 0.50
exit profit_target for T0011 not filled: short leg rel spread 2.00 > max 0.50
exit profit_target for T0011 not filled: short leg rel spread 2.00 > max 0.50
exit profit_target for T0011 not filled: short leg rel spread 2.00 > max 0.50
exit profit_target for T0011 not filled: short leg rel spread 0.67 > max 0.50
exit profit_target for T0011 not filled: short leg rel spread 2.00 > max 0.50
exit profit_target for T0011 not filled: short leg rel spread 2.00 > max 0.50
exit profit_target for T0011 not filled: short leg rel spread 2.00 > max 0.50
exit profit_target for T0028 not filled: long leg rel spread 0.67 > max 0.50
exit stop_loss for T0036 not filled: long leg rel spread 2.00 > max 0.50
exit profit_target for T0037 not filled: long leg rel spread 2.00 > max 0.50
exit profit_target for T0037 not filled: long leg rel spread 2.00 > max 0.50
exit profit_target for T0037 not filled: short leg rel spread 0.67 > max 0.50
exit profit_target for T0038 not filled: long leg rel spread 2.00 > max 0.50
exit profit_target for T0038 not filled: long leg rel spread 2.00 > max 0.50
exit profit_target for T0038 not filled: long leg rel spread 2.00 > max 0.50
exit profit_target for T0041 not filled: long leg rel spread 1.00 > max 0.50
exit profit_target for T0038 not filled: long leg rel spread 2.00 > max 0.50
exit profit_target for T0041 not filled: long leg rel spread 0.67 > max 0.50
exit profit_target for T0038 not filled: short leg rel spread 2.00 > max 0.50
exit profit_target for T0041 not filled: short leg rel spread 0.67 > max 0.50
exit profit_target for T0038 not filled: short leg rel spread 2.00 > max 0.50
exit profit_target for T0041 not filled: long leg rel spread 2.00 > max 0.50
exit profit_target for T0041 not filled: long leg rel spread 0.67 > max 0.50
exit profit_target for T0041 not filled: long leg rel spread 0.67 > max 0.50
exit profit_target for T0041 not filled: long leg rel spread 0.67 > max 0.50
exit profit_target for T0041 not filled: long leg rel spread 2.00 > max 0.50
exit profit_target for T0041 not filled: long leg rel spread 2.00 > max 0.50
exit profit_target for T0041 not filled: short leg rel spread 0.67 > max 0.50
exit profit_target for T0041 not filled: short leg rel spread 2.00 > max 0.50
exit profit_target for T0041 not filled: short leg rel spread 2.00 > max 0.50
exit profit_target for T0041 not filled: short leg rel spread 2.00 > max 0.50
exit profit_target for T0041 not filled: short leg rel spread 2.00 > max 0.50
exit profit_target for T0041 not filled: short leg rel spread 2.00 > max 0.50
exit profit_target for T0041 not filled: short leg rel spread 2.00 > max 0.50
exit profit_target for T0041 not filled: short leg rel spread 2.00 > max 0.50
exit profit_target for T0041 not filled: short leg rel spread 2.00 > max 0.50
exit profit_target for T0049 not filled: long leg rel spread 2.00 > max 0.50
exit profit_target for T0051 not filled: long leg rel spread 0.67 > max 0.50
exit profit_target for T0049 not filled: long leg rel spread 2.00 > max 0.50
exit profit_target for T0049 not filled: long leg rel spread 2.00 > max 0.50
exit profit_target for T0049 not filled: long leg rel spread 2.00 > max 0.50
exit profit_target for T0049 not filled: long leg rel spread 2.00 > max 0.50
exit profit_target for T0049 not filled: long leg rel spread 2.00 > max 0.50
exit profit_target for T0049 not filled: long leg rel spread 2.00 > max 0.50
exit profit_target for T0050 not filled: long leg rel spread 2.00 > max 0.50
exit profit_target for T0050 not filled: long leg rel spread 2.00 > max 0.50
exit profit_target for T0053 not filled: long leg rel spread 0.67 > max 0.50
exit profit_target for T0050 not filled: short leg rel spread 0.67 > max 0.50
exit profit_target for T0053 not filled: long leg rel spread 0.67 > max 0.50
exit profit_target for T0050 not filled: short leg rel spread 2.00 > max 0.50
exit profit_target for T0053 not filled: long leg rel spread 0.67 > max 0.50
exit profit_target for T0050 not filled: short leg rel spread 2.00 > max 0.50
exit profit_target for T0053 not filled: long leg rel spread 2.00 > max 0.50
exit profit_target for T0053 not filled: long leg rel spread 2.00 > max 0.50
exit profit_target for T0053 not filled: long leg rel spread 2.00 > max 0.50
exit profit_target for T0053 not filled: long leg rel spread 2.00 > max 0.50
exit profit_target for T0053 not filled: long leg rel spread 2.00 > max 0.50
exit profit_target for T0053 not filled: long leg rel spread 2.00 > max 0.50
exit profit_target for T0053 not filled: short leg rel spread 0.67 > max 0.50
exit profit_target for T0053 not filled: short leg rel spread 2.00 > max 0.50
exit profit_target for T0053 not filled: short leg rel spread 2.00 > max 0.50
exit profit_target for T0053 not filled: short leg rel spread 0.67 > max 0.50
exit profit_target for T0053 not filled: short leg rel spread 2.00 > max 0.50
exit profit_target for T0053 not filled: short leg rel spread 2.00 > max 0.50
exit profit_target for T0053 not filled: short leg rel spread 2.00 > max 0.50
exit profit_target for T0053 not filled: short leg rel spread 2.00 > max 0.50
exit profit_target for T0053 not filled: short leg rel spread 2.00 > max 0.50
exit profit_target for T0053 not filled: short leg rel spread 2.00 > max 0.50
exit profit_target for T0059 not filled: long leg rel spread 2.00 > max 0.50
exit profit_target for T0059 not filled: long leg rel spread 2.00 > max 0.50
exit profit_target for T0059 not filled: long leg rel spread 2.00 > max 0.50
exit profit_target for T0059 not filled: long leg rel spread 2.00 > max 0.50
exit profit_target for T0059 not filled: long leg rel spread 2.00 > max 0.50
exit profit_target for T0059 not filled: long leg rel spread 2.00 > max 0.50
exit profit_target for T0059 not filled: short leg rel spread 0.67 > max 0.50
exit profit_target for T0059 not filled: short leg rel spread 2.00 > max 0.50
exit profit_target for T0059 not filled: short leg rel spread 2.00 > max 0.50
exit profit_target for T0059 not filled: short leg rel spread 2.00 > max 0.50
exit profit_target for T0059 not filled: short leg rel spread 2.00 > max 0.50
exit stop_loss for T0067 not filled: long leg rel spread 0.67 > max 0.50
exit profit_target for T0067 not filled: long leg rel spread 2.00 > max 0.50
exit profit_target for T0067 not filled: short leg rel spread 0.67 > max 0.50
exit stop_loss for T0074 not filled: long leg rel spread 0.67 > max 0.50
exit stop_loss for T0074 not filled: long leg rel spread 2.00 > max 0.50
exit stop_loss for T0074 not filled: long leg rel spread 2.00 > max 0.50
exit profit_target for T0078 not filled: long leg rel spread 0.67 > max 0.50
exit profit_target for T0078 not filled: long leg rel spread 0.67 > max 0.50
exit profit_target for T0078 not filled: long leg rel spread 0.67 > max 0.50
exit profit_target for T0078 not filled: long leg rel spread 0.67 > max 0.50
exit profit_target for T0078 not filled: long leg rel spread 2.00 > max 0.50
exit profit_target for T0078 not filled: long leg rel spread 2.00 > max 0.50
exit profit_target for T0078 not filled: long leg rel spread 0.67 > max 0.50
exit profit_target for T0078 not filled: long leg rel spread 0.67 > max 0.50
exit profit_target for T0078 not filled: long leg rel spread 0.67 > max 0.50
exit profit_target for T0078 not filled: long leg rel spread 2.00 > max 0.50
exit profit_target for T0142 not filled: long leg rel spread 0.67 > max 0.50
exit profit_target for T0159 not filled: long leg rel spread 2.00 > max 0.50
exit profit_target for T0173 not filled: long leg rel spread 0.74 > max 0.50
exit profit_target for T0174 not filled: long leg rel spread 2.00 > max 0.50
exit profit_target for T0267 not filled: long leg rel spread 0.53 > max 0.50
exit profit_target for T0340 not filled: long leg rel spread 0.67 > max 0.50
exit profit_target for T0340 not filled: long leg rel spread 0.67 > max 0.50
exit profit_target for T0340 not filled: long leg rel spread 2.00 > max 0.50
exit profit_target for T0340 not filled: short leg rel spread 0.67 > max 0.50
exit profit_target for T0340 not filled: short leg rel spread 2.00 > max 0.50
exit profit_target for T0362 not filled: long leg rel spread 0.67 > max 0.50
exit profit_target for T0363 not filled: long leg rel spread 0.67 > max 0.50
exit profit_target for T0363 not filled: long leg rel spread 0.67 > max 0.50
exit profit_target for T0363 not filled: long leg rel spread 2.00 > max 0.50
exit profit_target for T0363 not filled: long leg rel spread 2.00 > max 0.50
exit profit_target for T0363 not filled: short leg rel spread 0.67 > max 0.50
unfiltered|d0.20_w10_dte30_pt50_sl2 -14.426258992805755
T0011 expires today with no quotes; closing at intrinsic
T0018 expires today with no quotes; closing at intrinsic
T0064 expires today with no quotes; closing at intrinsic
T0065 expires today with no quotes; closing at intrinsic
T0090 expires today with no quotes; closing at intrinsic
T0091 expires today with no quotes; closing at intrinsic
T0116 expires today with no quotes; closing at intrinsic
T0117 expires today with no quotes; closing at intrinsic
T0220 expires today with no quotes; closing at intrinsic
T0272 expires today with no quotes; closing at intrinsic
T0375 expires today with no quotes; closing at intrinsic
T0376 expires today with no quotes; closing at intrinsic
unfiltered|d0.20_w10_dte45_hold -68.5352513927385
exit profit_target for T0037 not filled: long leg rel spread 0.67 > max 0.50
exit profit_target for T0037 not filled: long leg rel spread 2.00 > max 0.50
exit profit_target for T0037 not filled: long leg rel spread 2.00 > max 0.50
exit profit_target for T0037 not filled: long leg rel spread 2.00 > max 0.50
exit profit_target for T0037 not filled: long leg rel spread 2.00 > max 0.50
exit profit_target for T0037 not filled: long leg rel spread 2.00 > max 0.50
exit profit_target for T0037 not filled: short leg rel spread 0.67 > max 0.50
exit profit_target for T0037 not filled: short leg rel spread 2.00 > max 0.50
exit profit_target for T0037 not filled: short leg rel spread 2.00 > max 0.50
exit profit_target for T0037 not filled: short leg rel spread 2.00 > max 0.50
exit profit_target for T0037 not filled: short leg rel spread 2.00 > max 0.50
exit profit_target for T0048 not filled: long leg rel spread 0.67 > max 0.50
exit profit_target for T0048 not filled: long leg rel spread 2.00 > max 0.50
exit profit_target for T0048 not filled: long leg rel spread 2.00 > max 0.50
exit profit_target for T0048 not filled: long leg rel spread 2.00 > max 0.50
exit profit_target for T0048 not filled: long leg rel spread 2.00 > max 0.50
exit profit_target for T0048 not filled: long leg rel spread 2.00 > max 0.50
exit profit_target for T0048 not filled: long leg rel spread 2.00 > max 0.50
exit profit_target for T0048 not filled: short leg rel spread 0.67 > max 0.50
exit profit_target for T0049 not filled: long leg rel spread 0.67 > max 0.50
exit profit_target for T0050 not filled: long leg rel spread 0.67 > max 0.50
exit profit_target for T0053 not filled: long leg rel spread 0.67 > max 0.50
exit profit_target for T0049 not filled: long leg rel spread 0.67 > max 0.50
exit profit_target for T0050 not filled: long leg rel spread 0.67 > max 0.50
exit profit_target for T0052 not filled: long leg rel spread 0.67 > max 0.50
exit profit_target for T0053 not filled: long leg rel spread 0.67 > max 0.50
exit profit_target for T0049 not filled: long leg rel spread 2.00 > max 0.50
exit profit_target for T0050 not filled: long leg rel spread 0.67 > max 0.50
exit profit_target for T0052 not filled: long leg rel spread 0.67 > max 0.50
exit profit_target for T0053 not filled: long leg rel spread 0.67 > max 0.50
exit profit_target for T0049 not filled: long leg rel spread 2.00 > max 0.50
exit profit_target for T0050 not filled: long leg rel spread 2.00 > max 0.50
exit profit_target for T0052 not filled: long leg rel spread 0.67 > max 0.50
exit profit_target for T0053 not filled: long leg rel spread 0.67 > max 0.50
exit profit_target for T0049 not filled: long leg rel spread 2.00 > max 0.50
exit profit_target for T0050 not filled: long leg rel spread 2.00 > max 0.50
exit profit_target for T0052 not filled: long leg rel spread 0.67 > max 0.50
exit profit_target for T0053 not filled: long leg rel spread 0.67 > max 0.50
exit profit_target for T0049 not filled: long leg rel spread 2.00 > max 0.50
exit profit_target for T0050 not filled: long leg rel spread 2.00 > max 0.50
exit profit_target for T0052 not filled: long leg rel spread 0.67 > max 0.50
exit profit_target for T0053 not filled: long leg rel spread 0.67 > max 0.50
exit profit_target for T0049 not filled: short leg rel spread 0.67 > max 0.50
exit profit_target for T0050 not filled: long leg rel spread 2.00 > max 0.50
exit profit_target for T0052 not filled: long leg rel spread 0.67 > max 0.50
exit profit_target for T0053 not filled: long leg rel spread 0.67 > max 0.50
exit profit_target for T0049 not filled: short leg rel spread 0.67 > max 0.50
exit profit_target for T0050 not filled: short leg rel spread 0.67 > max 0.50
exit profit_target for T0052 not filled: long leg rel spread 0.67 > max 0.50
exit profit_target for T0053 not filled: long leg rel spread 0.67 > max 0.50
exit profit_target for T0049 not filled: short leg rel spread 0.67 > max 0.50
exit profit_target for T0050 not filled: short leg rel spread 0.67 > max 0.50
exit profit_target for T0052 not filled: long leg rel spread 2.00 > max 0.50
exit profit_target for T0053 not filled: long leg rel spread 0.67 > max 0.50
exit profit_target for T0049 not filled: short leg rel spread 2.00 > max 0.50
exit profit_target for T0050 not filled: short leg rel spread 0.67 > max 0.50
exit profit_target for T0052 not filled: long leg rel spread 2.00 > max 0.50
exit profit_target for T0053 not filled: long leg rel spread 2.00 > max 0.50
exit profit_target for T0049 not filled: short leg rel spread 2.00 > max 0.50
exit profit_target for T0050 not filled: short leg rel spread 2.00 > max 0.50
exit profit_target for T0052 not filled: long leg rel spread 2.00 > max 0.50
exit profit_target for T0053 not filled: long leg rel spread 2.00 > max 0.50
exit profit_target for T0050 not filled: short leg rel spread 2.00 > max 0.50
exit profit_target for T0052 not filled: short leg rel spread 0.67 > max 0.50
exit profit_target for T0053 not filled: long leg rel spread 2.00 > max 0.50
exit profit_target for T0050 not filled: short leg rel spread 2.00 > max 0.50
exit profit_target for T0052 not filled: long leg rel spread 2.00 > max 0.50
exit profit_target for T0053 not filled: long leg rel spread 2.00 > max 0.50
exit profit_target for T0050 not filled: short leg rel spread 2.00 > max 0.50
exit profit_target for T0052 not filled: long leg rel spread 2.00 > max 0.50
exit profit_target for T0053 not filled: long leg rel spread 2.00 > max 0.50
exit profit_target for T0050 not filled: short leg rel spread 2.00 > max 0.50
exit profit_target for T0052 not filled: short leg rel spread 0.67 > max 0.50
exit profit_target for T0053 not filled: long leg rel spread 2.00 > max 0.50
exit profit_target for T0050 not filled: short leg rel spread 2.00 > max 0.50
exit profit_target for T0052 not filled: short leg rel spread 0.67 > max 0.50
exit profit_target for T0053 not filled: long leg rel spread 2.00 > max 0.50
exit profit_target for T0052 not filled: short leg rel spread 0.67 > max 0.50
exit profit_target for T0053 not filled: short leg rel spread 0.67 > max 0.50
exit profit_target for T0052 not filled: short leg rel spread 2.00 > max 0.50
exit profit_target for T0053 not filled: short leg rel spread 2.00 > max 0.50
exit profit_target for T0052 not filled: short leg rel spread 2.00 > max 0.50
exit profit_target for T0053 not filled: short leg rel spread 2.00 > max 0.50
exit profit_target for T0052 not filled: short leg rel spread 2.00 > max 0.50
exit profit_target for T0053 not filled: short leg rel spread 2.00 > max 0.50
exit profit_target for T0052 not filled: short leg rel spread 2.00 > max 0.50
exit profit_target for T0053 not filled: short leg rel spread 2.00 > max 0.50
exit profit_target for T0053 not filled: short leg rel spread 2.00 > max 0.50
exit profit_target for T0053 not filled: short leg rel spread 2.00 > max 0.50
exit profit_target for T0053 not filled: short leg rel spread 2.00 > max 0.50
exit profit_target for T0053 not filled: short leg rel spread 2.00 > max 0.50
exit profit_target for T0354 not filled: long leg rel spread 0.67 > max 0.50
exit profit_target for T0354 not filled: long leg rel spread 0.67 > max 0.50
unfiltered|d0.20_w10_dte45_pt50_sl2 -21.879518072289155
